event_id,time,mag,mag_type,lat,lon,n_records,mag_bin,cell
661254,2025-05-14 20:32:24+00:00,2.2,ML,39.02326,41.00531,4,2.2,39_41_2025
661280,2025-05-15 01:08:40+00:00,3.1,ML,40.84394,34.45166,11,3.0,40_34_2025
661281,2025-05-15 01:18:52+00:00,3.2,ML,40.3305,42.20447,8,3.2,40_42_2025
661298,2025-05-15 04:19:53+00:00,2.0,ML,35.4186,32.81313,3,2.0,35_32_2025
661305,2025-05-15 05:22:08+00:00,2.1,ML,40.40877,37.20005,4,2.0,40_37_2025
661311,2025-05-15 06:47:57+00:00,2.5,ML,40.5539,36.0449,6,2.4,40_36_2025
661319,2025-05-15 08:24:08+00:00,2.0,ML,37.16634,28.39501,3,2.0,37_28_2025
661340,2025-05-15 12:46:36+00:00,5.2,MW,39.06115,33.27195,8,5.2,39_33_2025
661367,2025-05-15 18:44:36+00:00,2.8,ML,38.49629,39.30505,5,2.8,38_39_2025
661372,2025-05-15 20:09:28+00:00,2.8,ML,38.33167,38.7719,6,2.8,38_38_2025
661378,2025-05-15 23:52:46+00:00,2.4,ML,39.6265,38.28336,4,2.4,39_38_2025
661379,2025-05-15 23:55:39+00:00,3.3,ML,38.99488,26.18633,10,3.2,38_26_2025
661380,2025-05-16 00:32:41+00:00,2.3,ML,37.46465,32.09934,4,2.2,37_32_2025
661381,2025-05-16 00:38:49+00:00,2.8,ML,40.65135,31.43835,12,2.8,40_31_2025
661397,2025-05-16 05:09:31+00:00,3.0,ML,38.28263,38.79423,9,3.0,38_38_2025
661411,2025-05-16 11:35:06+00:00,2.3,ML,38.77137,39.95812,3,2.2,38_39_2025
661414,2025-05-16 13:58:15+00:00,2.5,ML,40.82694,28.26444,19,2.4,40_28_2025
661453,2025-05-17 03:59:52+00:00,3.2,ML,36.88818,29.32904,5,3.2,36_29_2025
661458,2025-05-17 04:34:10+00:00,2.8,ML,39.03277,33.26485,11,2.8,39_33_2025
661481,2025-05-17 09:37:41+00:00,2.4,ML,39.05522,33.27056,4,2.4,39_33_2025
661497,2025-05-17 12:38:22+00:00,2.5,ML,40.63146,42.40443,3,2.4,40_42_2025
661513,2025-05-17 19:05:44+00:00,4.0,MW,38.13529,36.59758,11,4.0,38_36_2025
661514,2025-05-17 20:03:47+00:00,2.7,ML,39.0542,33.26202,9,2.6,39_33_2025
661515,2025-05-17 20:20:09+00:00,2.7,ML,36.5093,33.53766,4,2.6,36_33_2025
661516,2025-05-17 21:45:58+00:00,2.8,ML,39.1179,26.11267,8,2.8,39_26_2025
667527,2025-05-18 01:53:58+00:00,3.8,MW,36.96502,27.97818,12,3.8,36_27_2025
661524,2025-05-18 02:28:33+00:00,3.0,ML,38.10556,38.68981,11,3.0,38_38_2025
661527,2025-05-18 02:44:10+00:00,2.0,ML,39.04239,33.26747,4,2.0,39_33_2025
666592,2025-05-18 03:28:35+00:00,2.3,ML,40.83219,28.35121,25,2.2,40_28_2025
661540,2025-05-18 03:43:50+00:00,2.0,ML,40.63055,42.39603,3,2.0,40_42_2025
661546,2025-05-18 04:12:02+00:00,2.3,ML,37.29026,36.99664,6,2.2,37_36_2025
661550,2025-05-18 04:51:40+00:00,2.0,ML,38.20013,30.76882,6,2.0,38_30_2025
661563,2025-05-18 06:32:05+00:00,2.1,ML,39.10474,33.30918,4,2.0,39_33_2025
661565,2025-05-18 07:29:53+00:00,3.9,ML,36.12502,28.105,7,3.8,36_28_2025
661578,2025-05-18 09:47:04+00:00,2.2,ML,39.14818,42.17885,5,2.2,39_42_2025
661580,2025-05-18 10:37:54+00:00,2.3,ML,36.99573,29.16179,4,2.2,36_29_2025
661584,2025-05-18 11:45:40+00:00,3.3,ML,38.00111,37.5044,9,3.2,38_37_2025
661587,2025-05-18 13:13:58+00:00,2.5,ML,37.06445,30.61178,3,2.4,37_30_2025
661623,2025-05-18 20:50:37+00:00,2.3,ML,38.64539,31.09362,8,2.2,38_31_2025
661621,2025-05-18 20:54:54+00:00,3.6,ML,39.22049,28.99975,22,3.6,39_28_2025
661646,2025-05-18 23:58:58+00:00,2.4,ML,37.89019,27.63503,7,2.4,37_27_2025
661666,2025-05-19 00:52:50+00:00,2.0,ML,40.85489,28.36562,13,2.0,40_28_2025
661651,2025-05-19 01:59:15+00:00,2.6,ML,39.07953,33.28261,10,2.6,39_33_2025
661669,2025-05-19 06:12:52+00:00,2.2,ML,37.26589,37.01737,4,2.2,37_37_2025
661688,2025-05-19 11:34:15+00:00,2.6,ML,38.09433,36.94331,4,2.6,38_36_2025
661691,2025-05-19 12:58:26+00:00,3.8,MW,37.88783,27.56714,11,3.8,37_27_2025
661699,2025-05-19 14:18:03+00:00,2.7,ML,37.83098,27.58028,3,2.6,37_27_2025
661702,2025-05-19 15:12:19+00:00,3.2,ML,38.62938,38.73202,8,3.2,38_38_2025
661723,2025-05-19 20:15:47+00:00,2.5,ML,38.15408,36.83944,7,2.4,38_36_2025
661729,2025-05-19 21:32:09+00:00,2.2,ML,36.97902,29.17753,4,2.2,36_29_2025
661738,2025-05-19 22:57:47+00:00,2.4,ML,34.96447,33.78966,4,2.4,34_33_2025
661743,2025-05-19 23:21:07+00:00,2.1,ML,40.74231,31.68067,8,2.0,40_31_2025
661745,2025-05-19 23:39:36+00:00,2.7,ML,40.74434,31.68668,10,2.6,40_31_2025
661758,2025-05-20 02:16:06+00:00,2.4,ML,39.50219,26.02527,10,2.4,39_26_2025
661760,2025-05-20 03:54:12+00:00,2.6,ML,40.83308,28.41897,22,2.6,40_28_2025
661765,2025-05-20 03:55:10+00:00,2.9,ML,36.04269,28.06418,5,2.8,36_28_2025
661768,2025-05-20 05:28:31+00:00,2.6,ML,39.05029,33.26594,10,2.6,39_33_2025
661773,2025-05-20 06:36:33+00:00,2.1,ML,38.99002,27.8939,3,2.0,38_27_2025
661781,2025-05-20 10:51:09+00:00,2.0,ML,38.97966,27.92198,4,2.0,38_27_2025
661782,2025-05-20 11:25:59+00:00,3.4,ML,36.02624,28.08019,6,3.4,36_28_2025
661796,2025-05-20 15:01:47+00:00,3.0,ML,38.11492,26.12059,4,3.0,38_26_2025
661816,2025-05-20 20:36:53+00:00,4.0,MW,40.81068,28.38236,34,4.0,40_28_2025
661834,2025-05-21 00:49:30+00:00,3.3,ML,37.89529,37.88083,11,3.2,37_37_2025
661842,2025-05-21 03:23:50+00:00,2.8,ML,38.35707,38.73781,7,2.8,38_38_2025
661845,2025-05-21 05:03:17+00:00,3.3,ML,38.27347,37.80204,13,3.2,38_37_2025
661858,2025-05-21 10:38:51+00:00,3.1,ML,37.09499,28.5726,10,3.0,37_28_2025
661862,2025-05-21 12:04:07+00:00,2.7,ML,39.03678,27.03356,5,2.6,39_27_2025
661860,2025-05-21 12:36:54+00:00,3.2,ML,39.22945,28.94724,16,3.2,39_28_2025
661894,2025-05-21 16:48:28+00:00,2.2,ML,38.70029,30.62854,7,2.2,38_30_2025
661908,2025-05-21 19:12:23+00:00,2.5,ML,38.67609,43.13794,6,2.4,38_43_2025
661907,2025-05-21 19:13:07+00:00,2.9,ML,38.685,43.14526,5,2.8,38_43_2025
661911,2025-05-21 20:00:43+00:00,2.3,ML,37.87474,27.58029,4,2.2,37_27_2025
661914,2025-05-21 20:33:46+00:00,3.3,ML,39.12394,39.84861,12,3.2,39_39_2025
661926,2025-05-21 22:10:39+00:00,2.2,ML,37.85212,27.63722,5,2.2,37_27_2025
661951,2025-05-22 00:35:22+00:00,2.1,ML,38.37092,37.93428,6,2.0,38_37_2025
661964,2025-05-22 03:38:01+00:00,3.0,ML,40.8098,35.19278,12,3.0,40_35_2025
662006,2025-05-22 11:51:06+00:00,2.3,ML,39.04837,30.17387,7,2.2,39_30_2025
662012,2025-05-22 15:41:51+00:00,2.7,ML,38.84319,26.77605,6,2.6,38_26_2025
662014,2025-05-22 16:19:26+00:00,2.5,ML,37.65219,35.97445,7,2.4,37_35_2025
662015,2025-05-22 16:20:47+00:00,2.5,ML,37.63983,35.97439,5,2.4,37_35_2025
662022,2025-05-22 17:54:03+00:00,2.9,ML,38.1182,38.34809,9,2.8,38_38_2025
662053,2025-05-22 22:40:58+00:00,2.4,ML,39.71291,41.31181,5,2.4,39_41_2025
662073,2025-05-22 23:53:07+00:00,2.3,ML,41.05518,37.38522,4,2.2,41_37_2025
662080,2025-05-23 00:18:21+00:00,2.3,ML,36.0423,29.04212,3,2.2,36_29_2025
662069,2025-05-23 03:53:32+00:00,2.4,ML,34.81807,33.94573,4,2.4,34_33_2025
662095,2025-05-23 08:24:36+00:00,2.0,ML,36.99455,28.31898,3,2.0,36_28_2025
662093,2025-05-23 08:30:49+00:00,2.6,ML,37.63733,35.94894,3,2.6,37_35_2025
662097,2025-05-23 08:58:53+00:00,2.8,ML,38.33715,38.76821,8,2.8,38_38_2025
662116,2025-05-23 12:15:15+00:00,2.5,ML,38.60614,43.12125,4,2.4,38_43_2025
662120,2025-05-23 13:03:55+00:00,2.0,ML,40.79306,28.6684,6,2.0,40_28_2025
662181,2025-05-24 01:46:21+00:00,2.8,ML,38.08981,36.65326,8,2.8,38_36_2025
662202,2025-05-24 10:31:28+00:00,2.6,ML,36.51146,28.11267,4,2.6,36_28_2025
662204,2025-05-24 10:52:00+00:00,3.7,ML,38.60928,26.72368,10,3.6,38_26_2025
662224,2025-05-24 16:49:25+00:00,2.1,ML,36.73771,35.51849,4,2.0,36_35_2025
662222,2025-05-24 17:06:04+00:00,3.0,ML,38.09809,27.11128,8,3.0,38_27_2025
662225,2025-05-24 17:07:31+00:00,2.3,ML,37.66007,35.96033,4,2.2,37_35_2025
662232,2025-05-24 19:21:27+00:00,3.3,ML,36.2968,36.07483,8,3.2,36_36_2025
662307,2025-05-25 14:43:29+00:00,2.7,ML,37.65872,35.95567,4,2.6,37_35_2025
662334,2025-05-25 20:42:31+00:00,2.6,ML,37.64137,35.97834,8,2.6,37_35_2025
662337,2025-05-25 22:03:54+00:00,2.4,ML,40.8493,28.26437,12,2.4,40_28_2025
662366,2025-05-26 05:49:54+00:00,2.4,ML,37.68214,29.2293,4,2.4,37_29_2025
662375,2025-05-26 08:32:02+00:00,2.9,ML,38.4444,39.08298,3,2.8,38_39_2025
662397,2025-05-26 17:13:14+00:00,3.9,ML,39.19623,40.26369,14,3.8,39_40_2025
662404,2025-05-26 18:17:15+00:00,2.5,ML,39.22736,40.25356,5,2.4,39_40_2025
662412,2025-05-26 20:12:32+00:00,2.8,ML,39.23066,40.2711,9,2.8,39_40_2025
668329,2025-05-26 20:37:01+00:00,3.1,ML,37.86783,26.95411,8,3.0,37_26_2025
662421,2025-05-26 23:48:03+00:00,3.0,ML,36.09794,35.99139,6,3.0,36_35_2025
662424,2025-05-27 00:44:15+00:00,2.2,ML,38.15314,37.74585,4,2.2,38_37_2025
662452,2025-05-27 11:43:20+00:00,2.6,ML,40.72799,29.99733,15,2.6,40_29_2025
662461,2025-05-27 12:42:19+00:00,2.9,ML,40.73617,30.00015,14,2.8,40_30_2025
662475,2025-05-27 13:44:53+00:00,2.5,ML,40.80556,27.66621,20,2.4,40_27_2025
662474,2025-05-27 13:51:07+00:00,3.6,ML,39.2212,40.27682,14,3.6,39_40_2025
662476,2025-05-27 14:16:08+00:00,2.8,ML,39.26861,40.24112,5,2.8,39_40_2025
662501,2025-05-27 22:13:02+00:00,3.9,MW,40.75823,31.63479,17,3.8,40_31_2025
662535,2025-05-28 06:24:51+00:00,3.1,ML,38.08373,27.09917,8,3.0,38_27_2025
662547,2025-05-28 10:00:54+00:00,2.8,ML,38.07793,38.44451,6,2.8,38_38_2025
666627,2025-05-28 19:33:12+00:00,2.6,ML,38.09306,37.50558,6,2.6,38_37_2025
662590,2025-05-28 21:14:57+00:00,2.1,ML,37.82712,36.31728,3,2.0,37_36_2025
662593,2025-05-28 22:26:10+00:00,2.2,ML,39.66637,27.82379,16,2.2,39_27_2025
662599,2025-05-29 01:15:22+00:00,2.8,ML,38.35226,38.77604,8,2.8,38_38_2025
662608,2025-05-29 02:58:07+00:00,2.0,ML,37.63004,35.93196,4,2.0,37_35_2025
662612,2025-05-29 04:04:37+00:00,2.7,ML,38.50533,39.4839,7,2.6,38_39_2025
662615,2025-05-29 04:27:29+00:00,2.3,ML,39.62453,26.45487,14,2.2,39_26_2025
662630,2025-05-29 07:34:27+00:00,2.8,ML,37.43708,37.15712,6,2.8,37_37_2025
662640,2025-05-29 10:11:44+00:00,2.4,ML,38.01679,36.59692,3,2.4,38_36_2025
662642,2025-05-29 10:39:46+00:00,2.8,ML,38.49778,39.46255,4,2.8,38_39_2025
662644,2025-05-29 10:51:32+00:00,2.2,ML,39.40429,27.88516,12,2.2,39_27_2025
662650,2025-05-29 13:40:49+00:00,2.0,ML,39.62451,26.43284,6,2.0,39_26_2025
662657,2025-05-29 15:19:11+00:00,2.7,ML,39.16236,42.09415,6,2.6,39_42_2025
662664,2025-05-29 16:47:27+00:00,2.8,ML,37.45191,36.89342,7,2.8,37_36_2025
662668,2025-05-29 17:14:31+00:00,4.3,MW,39.22,40.25144,15,4.2,39_40_2025
662670,2025-05-29 17:32:48+00:00,3.9,MW,37.65061,35.96467,12,3.8,37_35_2025
662694,2025-05-29 21:18:46+00:00,3.1,ML,37.66012,35.96961,11,3.0,37_35_2025
662705,2025-05-29 21:58:19+00:00,2.7,ML,39.20447,40.25107,9,2.6,39_40_2025
662724,2025-05-29 23:39:32+00:00,2.0,ML,40.47588,30.45915,15,2.0,40_30_2025
662738,2025-05-30 01:56:52+00:00,3.2,ML,38.49751,40.26556,9,3.2,38_40_2025
662754,2025-05-30 04:19:03+00:00,2.1,ML,35.01294,32.54035,3,2.0,35_32_2025
662778,2025-05-30 09:27:52+00:00,2.9,ML,38.13943,38.41642,6,2.8,38_38_2025
662788,2025-05-30 11:32:45+00:00,2.4,ML,37.94048,38.00928,3,2.4,37_38_2025
662814,2025-05-30 15:45:10+00:00,3.1,ML,38.90413,27.75605,11,3.0,38_27_2025
662830,2025-05-30 18:43:40+00:00,2.6,ML,37.6441,35.93777,6,2.6,37_35_2025
662832,2025-05-30 19:01:00+00:00,3.0,ML,37.64623,35.96519,9,3.0,37_35_2025
662846,2025-05-30 22:31:42+00:00,3.0,ML,36.704,26.78995,3,3.0,36_26_2025
662847,2025-05-30 23:21:11+00:00,2.4,ML,36.9793,27.37125,4,2.4,36_27_2025
662860,2025-05-31 02:37:45+00:00,2.6,ML,36.93459,29.43048,7,2.6,36_29_2025
662911,2025-05-31 17:26:14+00:00,2.8,ML,38.53994,37.97669,8,2.8,38_37_2025
662912,2025-05-31 17:32:21+00:00,2.7,ML,38.47294,39.1473,6,2.6,38_39_2025
662923,2025-05-31 19:42:31+00:00,2.0,ML,40.27222,32.94812,5,2.0,40_32_2025
662929,2025-05-31 21:58:54+00:00,2.8,ML,39.19345,40.26624,10,2.8,39_40_2025
662933,2025-05-31 22:19:11+00:00,3.9,MW,35.9961,31.13624,7,3.8,35_31_2025
662934,2025-05-31 23:00:29+00:00,3.1,ML,38.4726,39.16405,12,3.0,38_39_2025
662958,2025-06-01 01:26:58+00:00,2.2,ML,36.21102,31.22992,3,2.2,36_31_2025
662974,2025-06-01 05:57:54+00:00,2.7,ML,40.02728,27.81941,21,2.6,40_27_2025
662978,2025-06-01 06:49:33+00:00,2.7,ML,36.5673,36.3836,4,2.6,36_36_2025
662979,2025-06-01 07:15:32+00:00,2.9,ML,40.0367,27.85422,21,2.8,40_27_2025
662983,2025-06-01 07:55:49+00:00,2.6,ML,37.20011,37.00995,4,2.6,37_37_2025
662984,2025-06-01 08:31:05+00:00,2.2,ML,39.23035,40.25267,3,2.2,39_40_2025
662988,2025-06-01 09:26:22+00:00,4.4,MW,39.2232,40.30856,13,4.4,39_40_2025
662990,2025-06-01 09:31:12+00:00,2.8,ML,39.19855,40.28784,4,2.8,39_40_2025
662989,2025-06-01 09:55:36+00:00,3.6,ML,39.22944,40.28843,12,3.6,39_40_2025
662993,2025-06-01 10:39:26+00:00,3.1,ML,39.21056,40.29587,11,3.0,39_40_2025
662999,2025-06-01 11:33:33+00:00,2.6,ML,39.22989,40.29027,3,2.6,39_40_2025
663002,2025-06-01 12:15:32+00:00,2.4,ML,39.23403,40.28185,3,2.4,39_40_2025
663004,2025-06-01 12:32:01+00:00,3.3,ML,38.4456,25.43746,6,3.2,38_25_2025
663006,2025-06-01 13:12:22+00:00,2.8,ML,37.80216,36.2778,6,2.8,37_36_2025
663021,2025-06-01 17:26:35+00:00,3.1,ML,39.25336,40.25328,11,3.0,39_40_2025
663020,2025-06-01 17:31:27+00:00,4.0,MW,36.54761,31.57531,7,4.0,36_31_2025
663023,2025-06-01 17:39:27+00:00,3.2,ML,39.23838,40.27698,12,3.2,39_40_2025
663026,2025-06-01 18:01:09+00:00,3.0,ML,39.245,40.28694,9,3.0,39_40_2025
663032,2025-06-01 19:10:53+00:00,2.7,ML,39.22766,40.24244,8,2.6,39_40_2025
663043,2025-06-01 21:02:53+00:00,2.8,ML,39.2298,40.25221,9,2.8,39_40_2025
663051,2025-06-01 21:31:27+00:00,3.0,ML,36.57445,36.39298,8,3.0,36_36_2025
663052,2025-06-01 21:38:48+00:00,2.7,ML,39.21499,40.25922,8,2.6,39_40_2025
663061,2025-06-01 23:16:10+00:00,2.4,ML,38.7141,26.62567,6,2.4,38_26_2025
663065,2025-06-02 00:14:51+00:00,3.3,ML,39.23906,40.24843,12,3.2,39_40_2025
663079,2025-06-02 02:11:14+00:00,2.0,ML,39.09206,42.32187,5,2.0,39_42_2025
663119,2025-06-02 15:56:53+00:00,2.1,ML,38.02306,36.62126,3,2.0,38_36_2025
663138,2025-06-02 22:27:10+00:00,3.1,ML,37.87754,37.93795,8,3.0,37_37_2025
663142,2025-06-02 23:17:29+00:00,5.8,MW,36.6341,28.24901,8,5.8,36_28_2025
663144,2025-06-02 23:28:00+00:00,2.5,ML,36.55964,27.97003,4,2.4,36_27_2025
663146,2025-06-03 00:01:07+00:00,2.9,ML,36.69548,28.15537,7,2.8,36_28_2025
663165,2025-06-03 02:53:35+00:00,2.3,ML,39.51474,39.68588,5,2.2,39_39_2025
663170,2025-06-03 04:06:47+00:00,2.6,ML,37.76941,36.5098,4,2.6,37_36_2025
663215,2025-06-03 14:10:37+00:00,2.3,ML,39.21423,40.28556,3,2.2,39_40_2025
663219,2025-06-03 15:57:46+00:00,2.6,ML,40.81116,28.10288,23,2.6,40_28_2025
663224,2025-06-03 17:21:25+00:00,2.1,ML,39.51502,39.90849,5,2.0,39_39_2025
663231,2025-06-03 20:31:42+00:00,2.2,ML,39.25348,41.65554,5,2.2,39_41_2025
663244,2025-06-03 22:48:16+00:00,2.1,ML,37.64542,35.98356,3,2.0,37_35_2025
663270,2025-06-04 02:06:03+00:00,2.6,ML,38.0016,37.59764,4,2.6,38_37_2025
663272,2025-06-04 02:40:22+00:00,2.0,ML,40.56567,32.74031,6,2.0,40_32_2025
663278,2025-06-04 03:46:35+00:00,2.5,ML,39.25847,40.28425,4,2.4,39_40_2025
663295,2025-06-04 10:11:41+00:00,3.4,ML,37.34776,41.75741,6,3.4,37_41_2025
663296,2025-06-04 10:20:31+00:00,2.0,ML,39.40314,39.41542,5,2.0,39_39_2025
663302,2025-06-04 11:48:49+00:00,2.4,ML,39.48103,37.51109,3,2.4,39_37_2025
663303,2025-06-04 12:12:30+00:00,2.8,ML,36.63124,28.09619,7,2.8,36_28_2025
663304,2025-06-04 13:04:19+00:00,2.8,ML,36.31917,28.57245,5,2.8,36_28_2025
663306,2025-06-04 14:34:45+00:00,2.4,ML,38.45461,39.64146,6,2.4,38_39_2025
663314,2025-06-04 17:18:12+00:00,3.8,MW,37.01537,42.43507,3,3.8,37_42_2025
663317,2025-06-04 17:35:41+00:00,3.1,ML,40.82225,28.29033,31,3.0,40_28_2025
663334,2025-06-04 21:21:49+00:00,2.0,ML,36.68329,36.01336,5,2.0,36_36_2025
663333,2025-06-04 21:22:57+00:00,2.1,ML,40.75432,32.99039,3,2.0,40_32_2025
663339,2025-06-04 22:12:06+00:00,2.5,ML,36.30656,36.13468,5,2.4,36_36_2025
663361,2025-06-05 04:03:05+00:00,3.0,ML,39.2178,40.28776,12,3.0,39_40_2025
663371,2025-06-05 04:32:32+00:00,4.0,MW,35.84598,32.21118,8,4.0,35_32_2025
663373,2025-06-05 04:56:18+00:00,3.0,ML,37.93404,28.7652,12,3.0,37_28_2025
663374,2025-06-05 05:18:39+00:00,4.6,MW,40.11219,24.98046,9,4.6,40_24_2025
663399,2025-06-05 08:34:12+00:00,3.0,ML,38.00662,37.59144,7,3.0,38_37_2025
663419,2025-06-05 12:02:49+00:00,2.1,ML,39.58289,38.26959,4,2.0,39_38_2025
663434,2025-06-05 17:25:30+00:00,2.2,ML,37.25177,37.04909,3,2.2,37_37_2025
663444,2025-06-05 18:40:02+00:00,2.0,ML,39.02944,38.04897,5,2.0,39_38_2025
663488,2025-06-06 07:24:10+00:00,2.4,ML,37.83198,37.865,4,2.4,37_37_2025
663494,2025-06-06 07:47:07+00:00,2.1,ML,37.79687,37.62915,3,2.0,37_37_2025
663525,2025-06-06 13:04:03+00:00,2.6,ML,38.43005,39.21138,5,2.6,38_39_2025
663536,2025-06-06 15:55:04+00:00,2.2,ML,39.40089,37.27889,3,2.2,39_37_2025
663547,2025-06-06 18:59:48+00:00,2.5,ML,37.41769,37.1592,4,2.4,37_37_2025
663592,2025-06-07 04:20:41+00:00,2.0,ML,36.61456,36.22197,3,2.0,36_36_2025
663591,2025-06-07 04:24:49+00:00,2.5,ML,38.40199,37.51213,5,2.4,38_37_2025
663604,2025-06-07 08:35:53+00:00,3.0,ML,36.59679,31.61883,4,3.0,36_31_2025
663609,2025-06-07 10:48:07+00:00,2.2,ML,40.65373,36.41825,5,2.2,40_36_2025
663610,2025-06-07 11:14:17+00:00,3.4,ML,36.36663,28.7467,8,3.4,36_28_2025
663636,2025-06-07 15:51:22+00:00,2.6,ML,38.39599,37.50226,4,2.6,38_37_2025
663637,2025-06-07 16:09:28+00:00,3.9,MW,36.14977,26.74567,3,3.8,36_26_2025
663645,2025-06-07 18:07:42+00:00,3.2,ML,38.26291,38.82518,10,3.2,38_38_2025
663647,2025-06-07 18:39:41+00:00,2.8,ML,40.82673,28.26349,23,2.8,40_28_2025
663673,2025-06-08 01:41:44+00:00,2.0,ML,39.21691,40.26639,4,2.0,39_40_2025
663679,2025-06-08 02:48:01+00:00,3.1,ML,40.85472,28.26483,25,3.0,40_28_2025
663730,2025-06-08 09:56:51+00:00,2.7,ML,38.39376,37.51164,5,2.6,38_37_2025
663764,2025-06-08 17:14:14+00:00,3.4,ML,35.96604,27.44352,3,3.4,35_27_2025
663768,2025-06-08 17:40:29+00:00,3.5,ML,38.69154,26.55196,10,3.4,38_26_2025
663769,2025-06-08 17:57:11+00:00,2.7,ML,39.18954,40.29706,8,2.6,39_40_2025
663773,2025-06-08 18:59:01+00:00,3.1,ML,37.61361,35.90031,11,3.0,37_35_2025
663807,2025-06-09 00:05:18+00:00,3.3,ML,39.20629,28.99317,15,3.2,39_28_2025
663810,2025-06-09 00:20:07+00:00,3.0,ML,39.1963,28.99359,11,3.0,39_28_2025
663835,2025-06-09 05:51:45+00:00,2.9,ML,39.19526,29.00419,7,2.8,39_29_2025
663849,2025-06-09 08:09:53+00:00,2.7,ML,39.00862,27.866,10,2.6,39_27_2025
663901,2025-06-09 17:53:26+00:00,3.5,ML,40.40664,27.88804,31,3.4,40_27_2025
663916,2025-06-09 21:15:53+00:00,2.3,ML,38.09406,38.30463,4,2.2,38_38_2025
663915,2025-06-09 21:20:03+00:00,2.2,ML,39.41383,37.30024,5,2.2,39_37_2025
663920,2025-06-09 21:36:07+00:00,3.1,ML,37.63011,35.94466,6,3.0,37_35_2025
663944,2025-06-10 03:04:17+00:00,3.9,MW,40.28729,24.44,6,3.8,40_24_2025
663965,2025-06-10 06:12:03+00:00,3.0,ML,38.0979,38.43548,9,3.0,38_38_2025
663999,2025-06-10 11:23:00+00:00,3.1,ML,40.24991,24.37237,4,3.0,40_24_2025
664044,2025-06-10 19:52:58+00:00,3.0,ML,36.16467,27.76968,5,3.0,36_27_2025
664051,2025-06-10 21:08:53+00:00,2.3,ML,38.20716,40.84051,5,2.2,38_40_2025
664059,2025-06-10 23:31:15+00:00,2.6,ML,39.419,37.31102,6,2.6,39_37_2025
664063,2025-06-10 23:51:44+00:00,3.3,ML,37.63307,35.88643,9,3.2,37_35_2025
664068,2025-06-11 00:02:16+00:00,3.3,ML,40.91667,31.45978,13,3.2,40_31_2025
664080,2025-06-11 02:14:49+00:00,2.3,ML,35.33203,33.51544,4,2.2,35_33_2025
664101,2025-06-11 06:38:46+00:00,2.0,ML,40.19123,28.23605,5,2.0,40_28_2025
664104,2025-06-11 07:22:49+00:00,3.2,ML,39.42174,37.31185,10,3.2,39_37_2025
664148,2025-06-11 18:01:15+00:00,2.0,ML,39.222,28.98656,3,2.0,39_28_2025
664175,2025-06-11 23:33:42+00:00,3.5,ML,40.84376,28.35945,34,3.4,40_28_2025
664185,2025-06-11 23:56:51+00:00,2.1,ML,38.63289,43.18271,4,2.0,38_43_2025
664196,2025-06-12 01:17:31+00:00,2.8,ML,40.85092,28.3875,23,2.8,40_28_2025
664211,2025-06-12 03:03:53+00:00,2.9,ML,38.8679,37.50352,6,2.8,38_37_2025
664218,2025-06-12 03:42:33+00:00,2.2,ML,36.50014,28.11487,3,2.2,36_28_2025
664224,2025-06-12 05:33:02+00:00,2.2,ML,37.72954,35.1175,6,2.2,37_35_2025
664234,2025-06-12 08:48:03+00:00,3.2,ML,39.22304,28.98202,11,3.2,39_28_2025
664245,2025-06-12 14:02:41+00:00,2.0,ML,38.25623,30.005,4,2.0,38_30_2025
664260,2025-06-12 18:38:21+00:00,2.7,ML,37.51497,37.16296,8,2.6,37_37_2025
664282,2025-06-13 00:37:05+00:00,3.2,ML,40.67327,26.11278,23,3.2,40_26_2025
664291,2025-06-13 04:14:13+00:00,2.9,ML,38.47183,42.95567,5,2.8,38_42_2025
664299,2025-06-13 06:47:34+00:00,3.1,ML,37.51872,38.62487,7,3.0,37_38_2025
664303,2025-06-13 07:26:11+00:00,4.0,MW,38.87061,37.45614,11,4.0,38_37_2025
664312,2025-06-13 08:58:59+00:00,3.3,MW,37.64954,35.96695,8,3.2,37_35_2025
664316,2025-06-13 09:53:28+00:00,2.9,ML,37.64866,35.97019,6,2.8,37_35_2025
664318,2025-06-13 10:25:02+00:00,2.0,ML,37.63613,35.96912,3,2.0,37_35_2025
664323,2025-06-13 11:35:37+00:00,2.9,ML,37.64372,35.97187,4,2.8,37_35_2025
664335,2025-06-13 13:20:50+00:00,3.5,MW,39.22944,40.24795,11,3.4,39_40_2025
664337,2025-06-13 13:52:20+00:00,3.6,MW,35.40062,35.55096,5,3.6,35_35_2025
664354,2025-06-13 17:45:37+00:00,2.7,ML,39.34616,25.68011,7,2.6,39_25_2025
664366,2025-06-13 19:53:49+00:00,2.6,ML,38.11859,38.53678,6,2.6,38_38_2025
664380,2025-06-13 23:51:29+00:00,2.0,ML,38.43701,39.24607,5,2.0,38_39_2025
664386,2025-06-14 00:39:49+00:00,2.4,ML,38.33162,27.20999,6,2.4,38_27_2025
664390,2025-06-14 01:09:28+00:00,2.3,ML,36.91202,27.06588,3,2.2,36_27_2025
664408,2025-06-14 07:12:45+00:00,2.9,ML,39.19008,29.00895,7,2.8,39_29_2025
664412,2025-06-14 07:48:42+00:00,2.3,ML,40.35221,27.45632,19,2.2,40_27_2025
664415,2025-06-14 08:54:13+00:00,3.9,MW,38.25299,38.72611,11,3.8,38_38_2025
664417,2025-06-14 09:10:17+00:00,3.1,ML,38.26268,38.74528,7,3.0,38_38_2025
664441,2025-06-14 14:30:10+00:00,2.2,ML,36.78065,29.12541,4,2.2,36_29_2025
664444,2025-06-14 15:39:17+00:00,3.5,ML,37.65028,35.96785,10,3.4,37_35_2025
664445,2025-06-14 15:49:48+00:00,2.7,ML,37.64512,35.96981,3,2.6,37_35_2025
664449,2025-06-14 17:24:40+00:00,2.7,ML,36.55197,28.05082,4,2.6,36_28_2025
664454,2025-06-14 21:03:19+00:00,4.0,MW,38.50097,40.26634,12,4.0,38_40_2025
664462,2025-06-14 23:36:08+00:00,2.3,ML,38.33486,27.19811,6,2.2,38_27_2025
664470,2025-06-15 01:52:19+00:00,3.2,ML,38.11488,38.3142,9,3.2,38_38_2025
664539,2025-06-15 22:00:29+00:00,2.5,ML,39.41045,37.26314,7,2.4,39_37_2025
664540,2025-06-15 22:04:09+00:00,3.2,ML,39.23256,28.93548,14,3.2,39_28_2025
664596,2025-06-16 18:16:42+00:00,2.6,ML,38.5381,38.00268,5,2.6,38_38_2025
664616,2025-06-17 00:44:53+00:00,3.5,ML,39.22273,28.97993,13,3.4,39_28_2025
664630,2025-06-17 03:28:37+00:00,2.2,ML,38.1345,36.82054,4,2.2,38_36_2025
664648,2025-06-17 08:17:35+00:00,2.3,ML,37.31469,37.02349,3,2.2,37_37_2025
664647,2025-06-17 08:42:34+00:00,2.4,ML,38.54066,40.40529,7,2.4,38_40_2025
664684,2025-06-17 16:02:17+00:00,2.2,ML,37.11571,27.85917,3,2.2,37_27_2025
664693,2025-06-17 19:17:25+00:00,2.5,ML,36.88163,28.99858,6,2.4,36_28_2025
664720,2025-06-18 00:20:55+00:00,2.4,ML,37.07761,26.61706,4,2.4,37_26_2025
664734,2025-06-18 03:57:52+00:00,2.6,ML,38.80452,26.62915,4,2.6,38_26_2025
664741,2025-06-18 05:10:51+00:00,2.7,ML,39.36747,40.01498,4,2.6,39_40_2025
664767,2025-06-18 12:18:27+00:00,2.0,ML,39.93402,40.79909,3,2.0,39_40_2025
664763,2025-06-18 12:22:16+00:00,3.6,ML,39.21922,29.00262,16,3.6,39_29_2025
664772,2025-06-18 13:28:15+00:00,2.8,ML,38.14982,37.90172,4,2.8,38_37_2025
664801,2025-06-18 21:50:06+00:00,2.3,ML,37.64444,35.86727,4,2.2,37_35_2025
664824,2025-06-19 02:38:54+00:00,3.4,ML,36.08308,27.60471,4,3.4,36_27_2025
664839,2025-06-19 09:35:19+00:00,2.1,ML,39.01836,41.44884,5,2.0,39_41_2025
664842,2025-06-19 10:54:46+00:00,3.7,ML,40.13515,24.60104,6,3.6,40_24_2025
664859,2025-06-19 15:37:15+00:00,3.3,ML,36.104,27.54593,3,3.2,36_27_2025
664864,2025-06-19 16:23:50+00:00,3.2,ML,40.19844,24.68149,6,3.2,40_24_2025
664875,2025-06-19 18:37:30+00:00,2.7,ML,38.13616,36.50966,5,2.6,38_36_2025
664878,2025-06-19 19:51:16+00:00,3.9,ML,36.06492,35.93542,7,3.8,36_35_2025
664905,2025-06-20 01:25:05+00:00,2.0,ML,39.38916,37.2641,4,2.0,39_37_2025
664938,2025-06-20 09:36:20+00:00,2.5,ML,37.23094,28.34429,4,2.4,37_28_2025
664966,2025-06-20 19:41:41+00:00,2.8,ML,40.81814,28.04922,25,2.8,40_28_2025
664973,2025-06-20 22:45:46+00:00,2.1,ML,39.1857,29.01534,4,2.0,39_29_2025
664984,2025-06-21 03:50:43+00:00,3.5,ML,40.87056,35.95605,10,3.4,40_35_2025
664988,2025-06-21 04:55:06+00:00,3.5,ML,36.96071,27.30466,6,3.4,36_27_2025
665004,2025-06-21 07:48:13+00:00,3.7,MW,38.00972,37.6729,11,3.6,38_37_2025
665007,2025-06-21 08:18:45+00:00,2.6,ML,38.42181,40.4942,5,2.6,38_40_2025
665011,2025-06-21 09:59:39+00:00,2.7,ML,39.33641,40.36079,5,2.6,39_40_2025
665035,2025-06-21 16:54:32+00:00,2.4,ML,39.87125,40.19591,5,2.4,39_40_2025
665038,2025-06-21 19:10:02+00:00,2.1,ML,37.43776,37.14481,3,2.0,37_37_2025
665048,2025-06-21 23:00:23+00:00,3.9,ML,35.68577,31.37693,4,3.8,35_31_2025
665071,2025-06-22 06:13:23+00:00,3.2,ML,36.06935,27.55464,3,3.2,36_27_2025
665100,2025-06-22 12:05:32+00:00,2.5,ML,40.93514,31.64844,6,2.4,40_31_2025
665109,2025-06-22 16:10:20+00:00,2.2,ML,38.85018,27.8897,4,2.2,38_27_2025
665113,2025-06-22 18:20:09+00:00,2.1,ML,39.211,29.00642,4,2.0,39_29_2025
665132,2025-06-22 23:38:23+00:00,3.5,ML,40.31802,42.75061,10,3.4,40_42_2025
665134,2025-06-23 01:06:44+00:00,2.2,ML,38.48108,39.29506,7,2.2,38_39_2025
665145,2025-06-23 04:10:55+00:00,2.5,ML,37.41038,26.95833,4,2.4,37_26_2025
665150,2025-06-23 08:27:37+00:00,2.7,ML,36.91714,28.81672,6,2.6,36_28_2025
665157,2025-06-23 11:56:22+00:00,2.9,ML,37.41333,36.49234,4,2.8,37_36_2025
665158,2025-06-23 12:15:17+00:00,3.0,ML,40.00524,35.49083,6,3.0,40_35_2025
665165,2025-06-23 14:17:50+00:00,2.6,ML,39.21559,29.00409,7,2.6,39_29_2025
665185,2025-06-23 20:23:23+00:00,2.6,ML,38.18323,38.61583,5,2.6,38_38_2025
665189,2025-06-23 21:08:22+00:00,3.8,MW,39.19347,40.26748,12,3.8,39_40_2025
665190,2025-06-23 21:50:09+00:00,2.8,ML,38.09769,38.45097,6,2.8,38_38_2025
665219,2025-06-24 04:09:40+00:00,4.5,MW,38.02221,36.17495,11,4.4,38_36_2025
665221,2025-06-24 04:21:26+00:00,3.0,ML,39.42973,37.29861,8,3.0,39_37_2025
665226,2025-06-24 06:00:26+00:00,2.7,ML,38.98178,41.15105,4,2.6,38_41_2025
665231,2025-06-24 07:04:15+00:00,2.4,ML,37.13947,29.7957,4,2.4,37_29_2025
665235,2025-06-24 07:59:16+00:00,2.9,ML,39.20438,29.01417,7,2.8,39_29_2025
665265,2025-06-24 12:21:15+00:00,2.4,ML,39.43593,37.29789,3,2.4,39_37_2025
665264,2025-06-24 13:12:13+00:00,2.8,ML,38.17738,38.57873,6,2.8,38_38_2025
665274,2025-06-24 14:24:32+00:00,2.0,ML,40.32477,33.4231,4,2.0,40_33_2025
665277,2025-06-24 15:22:49+00:00,2.8,ML,38.19476,38.56995,7,2.8,38_38_2025
665303,2025-06-24 21:34:13+00:00,2.7,ML,36.46369,28.83751,5,2.6,36_28_2025
665304,2025-06-24 21:37:30+00:00,2.6,ML,39.20694,40.25071,6,2.6,39_40_2025
665311,2025-06-24 23:24:45+00:00,2.2,ML,39.20519,40.22376,3,2.2,39_40_2025
665324,2025-06-25 04:00:13+00:00,2.7,ML,38.85137,26.83562,5,2.6,38_26_2025
665355,2025-06-25 13:31:24+00:00,2.0,ML,39.16385,41.45398,3,2.0,39_41_2025
665380,2025-06-25 20:20:05+00:00,2.1,ML,40.85031,28.3979,16,2.0,40_28_2025
665378,2025-06-25 20:25:30+00:00,3.1,ML,40.83844,28.39524,30,3.0,40_28_2025
665432,2025-06-26 07:25:08+00:00,2.5,ML,39.55382,38.2357,3,2.4,39_38_2025
665435,2025-06-26 08:02:27+00:00,3.3,ML,39.22519,28.96799,11,3.2,39_28_2025
665452,2025-06-26 13:34:07+00:00,3.9,MW,39.43471,37.32125,10,3.8,39_37_2025
665464,2025-06-26 16:36:20+00:00,2.3,ML,38.14811,36.60148,4,2.2,38_36_2025
665471,2025-06-26 18:59:35+00:00,3.0,ML,39.22657,40.2845,11,3.0,39_40_2025
665537,2025-06-27 15:42:01+00:00,2.2,ML,39.58312,26.13525,5,2.2,39_26_2025
665584,2025-06-28 11:27:34+00:00,2.2,ML,40.21475,32.9146,6,2.2,40_32_2025
665600,2025-06-28 15:14:55+00:00,2.7,ML,38.40301,38.86593,6,2.6,38_38_2025
665606,2025-06-28 17:02:44+00:00,2.1,ML,42.28902,36.31832,3,2.0,42_36_2025
665646,2025-06-29 05:20:55+00:00,3.6,ML,40.22091,32.92976,16,3.6,40_32_2025
665665,2025-06-29 13:30:38+00:00,2.3,ML,36.53572,28.95813,3,2.2,36_28_2025
665669,2025-06-29 17:05:46+00:00,3.8,MW,33.51094,33.09088,3,3.8,33_33_2025
665677,2025-06-29 19:12:10+00:00,2.2,ML,40.18478,31.75641,3,2.2,40_31_2025
665685,2025-06-29 22:28:14+00:00,2.6,ML,36.07209,28.78906,3,2.6,36_28_2025
665689,2025-06-29 23:33:40+00:00,3.0,ML,39.65386,38.084,10,3.0,39_38_2025
665698,2025-06-30 00:13:10+00:00,2.7,ML,36.28599,35.85002,4,2.6,36_35_2025
665724,2025-06-30 08:53:04+00:00,3.8,ML,39.6049,44.70709,4,3.8,39_44_2025
665740,2025-06-30 13:04:30+00:00,2.7,ML,38.68338,43.16616,3,2.6,38_43_2025
665742,2025-06-30 13:19:34+00:00,2.3,ML,38.56086,37.99486,3,2.2,38_37_2025
665754,2025-06-30 17:20:12+00:00,2.8,ML,38.26277,38.84466,5,2.8,38_38_2025
665781,2025-06-30 23:31:07+00:00,2.9,ML,38.19681,38.4209,6,2.8,38_38_2025
665784,2025-07-01 00:31:40+00:00,2.8,ML,39.28798,27.70686,13,2.8,39_27_2025
665796,2025-07-01 03:35:10+00:00,2.2,ML,36.95736,35.83331,3,2.2,36_35_2025
665809,2025-07-01 08:47:20+00:00,3.9,MW,40.46774,29.1837,27,3.8,40_29_2025
665812,2025-07-01 09:04:52+00:00,2.8,ML,38.27853,37.77515,4,2.8,38_37_2025
665813,2025-07-01 09:57:34+00:00,4.2,MW,40.48822,29.20996,20,4.2,40_29_2025
665814,2025-07-01 10:00:45+00:00,3.3,MW,40.48306,29.20193,15,3.2,40_29_2025
665841,2025-07-01 16:32:03+00:00,2.3,ML,36.03485,28.51628,3,2.2,36_28_2025
665848,2025-07-01 19:52:06+00:00,2.5,ML,36.72912,36.12311,5,2.4,36_36_2025
665860,2025-07-01 22:32:52+00:00,2.7,ML,40.48646,29.22139,12,2.6,40_29_2025
665862,2025-07-01 22:58:46+00:00,3.0,ML,40.48348,29.21546,22,3.0,40_29_2025
665865,2025-07-02 00:15:26+00:00,2.7,ML,38.11747,37.78728,7,2.6,38_37_2025
665881,2025-07-02 04:18:11+00:00,2.2,ML,37.33992,39.29407,3,2.2,37_39_2025
665895,2025-07-02 09:28:22+00:00,2.1,ML,39.61338,25.409,3,2.0,39_25_2025
665897,2025-07-02 09:45:46+00:00,2.8,ML,39.20285,29.0416,5,2.8,39_29_2025
665900,2025-07-02 10:57:43+00:00,4.3,MW,40.48482,29.20417,25,4.2,40_29_2025
665902,2025-07-02 11:11:22+00:00,2.5,ML,37.72662,29.20749,5,2.4,37_29_2025
665906,2025-07-02 13:58:57+00:00,4.1,MW,39.75244,41.88012,14,4.0,39_41_2025
665912,2025-07-02 15:35:36+00:00,2.2,ML,39.06941,33.2775,6,2.2,39_33_2025
665916,2025-07-02 17:31:52+00:00,2.5,ML,38.95251,26.24902,4,2.4,38_26_2025
665924,2025-07-02 22:23:55+00:00,3.9,ML,39.76048,41.88317,15,3.8,39_41_2025
665932,2025-07-02 23:53:21+00:00,2.6,ML,36.23843,28.49087,3,2.6,36_28_2025
665939,2025-07-03 02:11:12+00:00,2.6,ML,38.84335,26.77221,6,2.6,38_26_2025
665940,2025-07-03 02:22:04+00:00,2.8,ML,38.22789,39.0296,8,2.8,38_39_2025
665948,2025-07-03 03:53:33+00:00,3.0,ML,39.10687,36.05216,9,3.0,39_36_2025
665954,2025-07-03 04:55:57+00:00,2.1,ML,40.48125,29.20004,10,2.0,40_29_2025
665957,2025-07-03 05:36:08+00:00,2.7,ML,37.04522,36.08502,4,2.6,37_36_2025
665987,2025-07-03 15:33:00+00:00,2.4,ML,37.85253,31.95042,6,2.4,37_31_2025
666019,2025-07-04 00:23:00+00:00,2.0,ML,39.07064,30.0522,7,2.0,39_30_2025
666049,2025-07-04 09:30:52+00:00,3.3,ML,38.28816,39.18413,9,3.2,38_39_2025
666063,2025-07-04 13:53:15+00:00,2.7,ML,40.83771,28.08742,20,2.6,40_28_2025
666069,2025-07-04 16:33:45+00:00,2.4,ML,39.15059,41.97639,4,2.4,39_41_2025
666086,2025-07-04 22:20:40+00:00,2.1,ML,39.39594,37.29963,5,2.0,39_37_2025
666105,2025-07-05 02:42:16+00:00,3.4,ML,37.3518,36.20054,9,3.4,37_36_2025
666111,2025-07-05 03:51:18+00:00,2.3,ML,41.20078,27.58473,3,2.2,41_27_2025
666114,2025-07-05 05:23:31+00:00,2.3,ML,37.96519,38.01002,3,2.2,37_38_2025
666125,2025-07-05 07:00:25+00:00,3.0,ML,39.19995,28.98336,9,3.0,39_28_2025
666129,2025-07-05 07:22:38+00:00,2.4,ML,38.10045,36.56331,3,2.4,38_36_2025
666133,2025-07-05 09:03:55+00:00,3.5,ML,36.26567,36.15542,5,3.4,36_36_2025
666145,2025-07-05 11:24:21+00:00,3.8,MW,40.83742,28.27399,30,3.8,40_28_2025
666159,2025-07-05 15:06:46+00:00,3.9,ML,39.68723,25.57215,16,3.8,39_25_2025
666160,2025-07-05 15:12:39+00:00,2.6,ML,39.67524,25.58897,8,2.6,39_25_2025
666200,2025-07-06 04:50:03+00:00,2.8,ML,37.98956,37.41003,4,2.8,37_37_2025
666204,2025-07-06 05:01:50+00:00,2.1,ML,39.39629,37.26998,4,2.0,39_37_2025
666203,2025-07-06 05:20:26+00:00,2.7,ML,37.49925,37.04811,6,2.6,37_37_2025
666241,2025-07-06 16:38:18+00:00,3.6,ML,38.41929,39.24987,10,3.6,38_39_2025
666244,2025-07-06 17:20:10+00:00,2.6,ML,38.42324,39.2583,6,2.6,38_39_2025
666249,2025-07-06 18:01:39+00:00,2.0,ML,36.74184,36.16806,4,2.0,36_36_2025
666253,2025-07-06 19:01:45+00:00,2.2,ML,39.22555,40.28397,3,2.2,39_40_2025
666263,2025-07-06 21:52:19+00:00,2.0,ML,38.17304,32.1487,6,2.0,38_32_2025
666270,2025-07-06 23:38:16+00:00,2.0,ML,39.14076,33.2448,8,2.0,39_33_2025
666303,2025-07-07 10:04:44+00:00,2.3,ML,40.402,26.11226,9,2.2,40_26_2025
666319,2025-07-07 12:38:15+00:00,2.9,ML,35.82127,31.64932,3,2.8,35_31_2025
666335,2025-07-07 17:18:11+00:00,2.6,ML,40.82923,28.12625,21,2.6,40_28_2025
666355,2025-07-07 21:01:33+00:00,2.1,ML,38.55677,26.77556,4,2.0,38_26_2025
666356,2025-07-07 21:49:18+00:00,2.4,ML,38.07872,41.42528,3,2.4,38_41_2025
666389,2025-07-08 03:03:59+00:00,3.0,ML,39.4131,44.71594,3,3.0,39_44_2025
666403,2025-07-08 05:11:27+00:00,2.5,ML,36.91817,36.58063,3,2.4,36_36_2025
666438,2025-07-08 18:30:04+00:00,2.3,ML,36.47234,30.06105,3,2.2,36_30_2025
666439,2025-07-08 18:38:54+00:00,2.1,ML,40.83233,28.27683,12,2.0,40_28_2025
666442,2025-07-08 19:39:52+00:00,3.3,ML,40.23734,24.89594,6,3.2,40_24_2025
666450,2025-07-08 21:54:37+00:00,2.1,ML,36.67248,29.40028,4,2.0,36_29_2025
666454,2025-07-08 22:22:13+00:00,2.1,ML,36.59344,30.34722,4,2.0,36_30_2025
666458,2025-07-09 00:47:32+00:00,2.6,ML,40.16709,25.08512,6,2.6,40_25_2025
666459,2025-07-09 01:24:23+00:00,2.0,ML,41.10778,32.32283,4,2.0,41_32_2025
666478,2025-07-09 07:06:58+00:00,2.7,ML,39.31842,29.56691,10,2.6,39_29_2025
666500,2025-07-09 14:11:19+00:00,2.8,ML,40.83694,28.28519,15,2.8,40_28_2025
666505,2025-07-09 16:55:58+00:00,2.2,ML,40.16738,41.08983,3,2.2,40_41_2025
666510,2025-07-09 18:59:48+00:00,2.1,ML,37.62,35.86337,4,2.0,37_35_2025
666528,2025-07-10 01:10:57+00:00,2.1,ML,37.35294,33.15093,4,2.0,37_33_2025
666533,2025-07-10 01:34:01+00:00,2.2,ML,39.96582,42.89496,5,2.2,39_42_2025
666531,2025-07-10 01:56:37+00:00,3.0,ML,40.16015,34.55478,13,3.0,40_34_2025
666541,2025-07-10 03:23:44+00:00,2.6,ML,38.57034,38.00295,8,2.6,38_38_2025
666548,2025-07-10 04:00:59+00:00,2.7,ML,35.78774,28.41725,3,2.6,35_28_2025
666571,2025-07-10 08:08:04+00:00,2.2,ML,38.91986,30.03112,5,2.2,38_30_2025
666578,2025-07-10 08:30:39+00:00,2.5,ML,39.4657,25.97984,6,2.4,39_25_2025
666635,2025-07-10 17:12:17+00:00,2.8,ML,39.00668,26.03498,3,2.8,39_26_2025
666634,2025-07-10 17:12:49+00:00,3.2,ML,39.01838,26.07116,8,3.2,39_26_2025
666637,2025-07-10 18:28:40+00:00,2.7,ML,38.97066,25.9908,5,2.6,38_25_2025
666639,2025-07-10 18:56:11+00:00,2.6,ML,38.50554,39.29063,5,2.6,38_39_2025
666667,2025-07-11 03:26:29+00:00,2.1,ML,36.98559,29.28605,4,2.0,36_29_2025
666683,2025-07-11 05:35:52+00:00,3.3,ML,38.1526,38.59257,11,3.2,38_38_2025
666685,2025-07-11 06:18:55+00:00,2.6,ML,38.14472,38.57623,8,2.6,38_38_2025
666690,2025-07-11 06:46:44+00:00,3.3,ML,39.23917,28.96617,10,3.2,39_28_2025
666710,2025-07-11 11:43:12+00:00,3.1,ML,40.16118,24.21716,3,3.0,40_24_2025
666715,2025-07-11 15:11:05+00:00,2.8,ML,38.08633,38.381,4,2.8,38_38_2025
666722,2025-07-11 17:36:26+00:00,2.3,ML,40.81077,28.30197,9,2.2,40_28_2025
666735,2025-07-11 20:40:28+00:00,2.5,ML,37.89789,29.94968,6,2.4,37_29_2025
666798,2025-07-12 15:10:18+00:00,2.0,ML,38.80422,39.00922,3,2.0,38_39_2025
666823,2025-07-12 22:21:10+00:00,2.0,ML,40.82568,28.28044,7,2.0,40_28_2025
666830,2025-07-12 23:28:51+00:00,2.1,ML,38.8246,38.82043,3,2.0,38_38_2025
666838,2025-07-13 00:38:08+00:00,2.1,ML,40.02374,39.80308,4,2.0,40_39_2025
666850,2025-07-13 03:34:25+00:00,3.5,ML,39.09645,27.76344,20,3.4,39_27_2025
666854,2025-07-13 04:43:31+00:00,3.0,ML,40.23288,25.5695,16,3.0,40_25_2025
666867,2025-07-13 09:19:26+00:00,3.2,ML,40.19165,42.02422,9,3.2,40_42_2025
666872,2025-07-13 12:32:46+00:00,3.3,ML,39.12177,27.77199,10,3.2,39_27_2025
666873,2025-07-13 12:33:57+00:00,3.4,ML,39.27023,25.55236,8,3.4,39_25_2025
666875,2025-07-13 12:36:14+00:00,3.3,ML,39.26413,25.45732,9,3.2,39_25_2025
666913,2025-07-14 01:32:05+00:00,2.1,ML,38.72876,39.97835,4,2.0,38_39_2025
666917,2025-07-14 02:51:48+00:00,2.2,ML,40.17477,27.41522,17,2.2,40_27_2025
666922,2025-07-14 03:51:20+00:00,2.4,ML,38.22979,36.39928,4,2.4,38_36_2025
666928,2025-07-14 04:51:05+00:00,2.4,ML,35.80906,32.19656,6,2.4,35_32_2025
666931,2025-07-14 05:06:24+00:00,2.5,ML,38.49716,26.76251,3,2.4,38_26_2025
666954,2025-07-14 11:07:01+00:00,2.1,ML,38.12593,27.41929,3,2.0,38_27_2025
666959,2025-07-14 12:49:56+00:00,2.8,ML,38.53409,38.01178,8,2.8,38_38_2025
666966,2025-07-14 17:24:54+00:00,2.6,ML,39.07249,42.06259,7,2.6,39_42_2025
666982,2025-07-14 20:32:18+00:00,3.5,ML,36.96202,36.37904,8,3.4,36_36_2025
666985,2025-07-14 21:23:30+00:00,2.1,ML,39.90043,39.89364,3,2.0,39_39_2025
666986,2025-07-15 01:13:45+00:00,2.9,ML,40.84595,28.36338,21,2.8,40_28_2025
666990,2025-07-15 03:08:56+00:00,3.6,ML,40.88798,35.98371,10,3.6,40_35_2025
666995,2025-07-15 04:15:50+00:00,2.9,ML,38.73954,39.956,8,2.8,38_39_2025
667019,2025-07-15 08:46:56+00:00,2.0,ML,40.48042,29.21416,6,2.0,40_29_2025
667038,2025-07-15 19:54:58+00:00,2.5,ML,38.02934,37.66106,6,2.4,38_37_2025
667040,2025-07-15 20:12:12+00:00,2.7,ML,39.43593,40.47281,6,2.6,39_40_2025
667045,2025-07-15 22:23:16+00:00,2.3,ML,36.97489,35.82888,6,2.2,36_35_2025
667051,2025-07-16 01:19:56+00:00,2.5,ML,39.78322,39.09298,5,2.4,39_39_2025
667064,2025-07-16 05:30:57+00:00,2.3,ML,39.97282,30.27068,8,2.2,39_30_2025
667116,2025-07-16 20:41:51+00:00,2.0,ML,37.84558,26.75054,3,2.0,37_26_2025
667137,2025-07-17 01:07:59+00:00,2.0,ML,37.89134,27.40916,5,2.0,37_27_2025
667150,2025-07-17 03:09:49+00:00,2.1,ML,38.28521,38.86687,5,2.0,38_38_2025
667156,2025-07-17 04:03:16+00:00,3.0,ML,35.26178,29.2333,3,3.0,35_29_2025
667211,2025-07-17 16:01:21+00:00,2.2,ML,39.15531,25.82156,4,2.2,39_25_2025
667221,2025-07-17 19:33:45+00:00,2.6,ML,35.9896,27.45235,3,2.6,35_27_2025
667223,2025-07-17 20:46:28+00:00,2.7,ML,37.01894,36.29591,4,2.6,37_36_2025
667224,2025-07-17 20:56:40+00:00,2.0,ML,40.70279,42.31429,4,2.0,40_42_2025
667225,2025-07-17 21:17:11+00:00,2.0,ML,39.15271,41.97241,4,2.0,39_41_2025
667242,2025-07-18 00:11:13+00:00,2.4,ML,36.42951,35.66728,3,2.4,36_35_2025
667231,2025-07-18 01:16:04+00:00,3.0,ML,39.21445,29.00323,15,3.0,39_29_2025
667250,2025-07-18 03:49:32+00:00,2.3,ML,36.41766,36.32377,3,2.2,36_36_2025
667253,2025-07-18 04:04:05+00:00,2.2,ML,36.92931,27.7858,5,2.2,36_27_2025
667261,2025-07-18 06:51:32+00:00,2.3,ML,40.57682,28.94206,9,2.2,40_28_2025
667278,2025-07-18 16:55:45+00:00,3.1,ML,37.62078,35.82823,9,3.0,37_35_2025
667279,2025-07-18 18:14:39+00:00,4.1,MW,35.63626,31.54314,5,4.0,35_31_2025
667281,2025-07-18 18:22:44+00:00,2.1,ML,37.32963,34.88447,3,2.0,37_34_2025
667306,2025-07-18 23:01:38+00:00,2.0,ML,37.88476,29.2005,7,2.0,37_29_2025
667309,2025-07-19 00:35:57+00:00,2.0,ML,39.40358,37.28043,4,2.0,39_37_2025
667354,2025-07-19 17:49:51+00:00,2.0,ML,38.60967,26.48737,3,2.0,38_26_2025
667355,2025-07-19 17:51:47+00:00,3.0,ML,37.15218,42.81513,4,3.0,37_42_2025
667367,2025-07-19 22:46:32+00:00,2.1,ML,39.10359,33.30158,9,2.0,39_33_2025
667366,2025-07-19 22:51:00+00:00,2.1,ML,38.32538,40.83331,4,2.0,38_40_2025
667407,2025-07-20 20:05:58+00:00,3.4,ML,37.59097,35.89063,8,3.4,37_35_2025
667438,2025-07-21 03:16:29+00:00,2.2,ML,37.60286,35.82705,4,2.2,37_35_2025
667479,2025-07-21 14:36:11+00:00,2.7,ML,37.78682,37.72485,4,2.6,37_37_2025
667493,2025-07-21 20:23:24+00:00,2.8,ML,38.05222,36.62319,7,2.8,38_36_2025
667503,2025-07-22 02:43:23+00:00,2.1,ML,38.50339,40.27835,3,2.0,38_40_2025
667504,2025-07-22 03:16:01+00:00,3.3,ML,35.93105,31.43204,6,3.2,35_31_2025
667509,2025-07-22 04:01:25+00:00,2.7,ML,39.42789,40.38613,3,2.6,39_40_2025
667513,2025-07-22 05:13:36+00:00,2.7,ML,36.84472,27.3165,5,2.6,36_27_2025
667537,2025-07-22 13:35:33+00:00,2.1,ML,40.90281,35.89528,6,2.0,40_35_2025
667584,2025-07-23 00:25:34+00:00,2.1,ML,38.59567,41.50249,4,2.0,38_41_2025
667603,2025-07-23 05:04:46+00:00,2.4,ML,36.06232,27.28604,3,2.4,36_27_2025
667641,2025-07-23 20:33:13+00:00,2.4,ML,38.82417,31.40883,8,2.4,38_31_2025
667642,2025-07-23 20:53:52+00:00,3.1,ML,37.41974,43.99025,4,3.0,37_43_2025
667657,2025-07-23 23:46:24+00:00,2.7,ML,38.1178,36.60315,6,2.6,38_36_2025
667665,2025-07-24 01:01:16+00:00,2.2,ML,36.65865,29.11001,5,2.2,36_29_2025
667675,2025-07-24 03:40:06+00:00,3.6,ML,38.29789,38.22213,10,3.6,38_38_2025
667688,2025-07-24 09:05:46+00:00,3.3,ML,38.04608,27.1379,10,3.2,38_27_2025
667720,2025-07-24 21:35:50+00:00,2.7,ML,40.19512,25.48716,8,2.6,40_25_2025
667744,2025-07-25 03:19:08+00:00,2.1,ML,34.94591,32.58067,3,2.0,34_32_2025
667737,2025-07-25 03:31:32+00:00,3.7,ML,35.81498,31.9424,7,3.6,35_31_2025
667754,2025-07-25 06:35:12+00:00,2.3,ML,40.58861,32.83011,7,2.2,40_32_2025
667756,2025-07-25 06:47:05+00:00,2.8,ML,38.65354,30.88614,6,2.8,38_30_2025
667774,2025-07-25 16:00:11+00:00,3.2,ML,37.09675,28.44973,6,3.2,37_28_2025
667773,2025-07-25 16:01:39+00:00,3.6,MW,37.09672,28.43384,8,3.6,37_28_2025
667780,2025-07-25 17:55:12+00:00,2.4,ML,40.78051,35.81008,5,2.4,40_35_2025
667818,2025-07-26 06:02:25+00:00,2.7,ML,39.72961,41.31645,5,2.6,39_41_2025
667834,2025-07-26 16:15:31+00:00,3.3,ML,36.70379,29.40452,10,3.2,36_29_2025
667846,2025-07-26 21:31:15+00:00,2.3,ML,37.0799,28.54035,6,2.2,37_28_2025
667858,2025-07-27 01:04:33+00:00,2.0,ML,38.38316,37.25722,4,2.0,38_37_2025
667872,2025-07-27 04:34:49+00:00,2.1,ML,40.43842,41.49678,3,2.0,40_41_2025
667889,2025-07-27 09:48:22+00:00,2.6,ML,38.26382,37.78094,8,2.6,38_37_2025
667931,2025-07-27 20:25:50+00:00,2.2,ML,38.82919,31.40172,5,2.2,38_31_2025
667935,2025-07-27 21:43:18+00:00,2.6,ML,38.50391,37.49596,6,2.6,38_37_2025
667936,2025-07-27 21:53:35+00:00,2.6,ML,37.16652,30.22123,5,2.6,37_30_2025
668166,2025-07-30 15:11:44+00:00,2.5,ML,37.38556,37.00559,5,2.4,37_37_2025
668189,2025-07-31 00:19:28+00:00,2.2,ML,37.67102,36.16858,4,2.2,37_36_2025
668204,2025-07-31 03:39:37+00:00,2.1,ML,36.23621,29.01569,3,2.0,36_29_2025
668213,2025-07-31 06:52:39+00:00,2.9,ML,39.12766,28.19185,8,2.8,39_28_2025
668252,2025-07-31 22:37:15+00:00,3.8,ML,38.96935,25.96595,11,3.8,38_25_2025
668272,2025-08-01 01:33:19+00:00,2.5,ML,40.82733,28.26945,19,2.4,40_28_2025
668273,2025-08-01 02:11:06+00:00,2.5,ML,40.07077,41.14559,5,2.4,40_41_2025
668285,2025-08-01 04:15:26+00:00,3.4,ML,39.25935,28.94813,13,3.4,39_28_2025
668304,2025-08-01 07:28:55+00:00,3.4,ML,37.98445,36.32736,9,3.4,37_36_2025
668315,2025-08-01 09:56:10+00:00,3.0,ML,36.71599,33.58688,6,3.0,36_33_2025
668319,2025-08-01 10:21:59+00:00,2.1,ML,38.56715,37.50001,3,2.0,38_37_2025
668326,2025-08-01 11:32:09+00:00,2.8,ML,39.12902,29.40633,7,2.8,39_29_2025
668334,2025-08-01 17:24:26+00:00,2.5,ML,38.27809,42.35771,4,2.4,38_42_2025
668339,2025-08-01 18:42:59+00:00,2.0,ML,38.80567,26.07286,4,2.0,38_26_2025
668347,2025-08-01 21:29:49+00:00,2.1,ML,39.80826,41.74617,4,2.0,39_41_2025
668358,2025-08-02 00:07:53+00:00,2.3,ML,37.8963,27.6645,5,2.2,37_27_2025
668366,2025-08-02 02:05:02+00:00,2.8,ML,39.63531,38.61497,8,2.8,39_38_2025
668392,2025-08-02 10:07:31+00:00,2.1,ML,38.41435,39.30222,3,2.0,38_39_2025
668396,2025-08-02 12:25:10+00:00,2.4,ML,40.08144,24.94607,4,2.4,40_24_2025
668430,2025-08-03 00:53:56+00:00,2.7,ML,39.47006,26.32529,11,2.6,39_26_2025
668438,2025-08-03 01:44:27+00:00,2.2,ML,37.46343,29.70976,6,2.2,37_29_2025
668451,2025-08-03 03:37:10+00:00,3.4,ML,38.99497,28.04372,18,3.4,38_28_2025
668460,2025-08-03 03:48:52+00:00,3.4,ML,39.00201,28.04481,18,3.4,39_28_2025
668462,2025-08-03 03:50:29+00:00,2.7,ML,38.99938,28.03755,4,2.6,38_28_2025
668484,2025-08-03 09:00:20+00:00,3.2,ML,39.04924,25.7227,10,3.2,39_25_2025
668492,2025-08-03 10:43:09+00:00,2.4,ML,40.44184,29.0755,10,2.4,40_29_2025
668505,2025-08-03 19:23:13+00:00,3.0,ML,36.99192,36.12422,7,3.0,36_36_2025
668504,2025-08-03 19:25:54+00:00,3.9,MW,36.97889,36.12034,6,3.8,36_36_2025
668517,2025-08-03 22:58:46+00:00,2.7,ML,37.00216,36.15083,6,2.6,37_36_2025
668533,2025-08-04 04:59:40+00:00,3.0,ML,38.03707,42.79595,7,3.0,38_42_2025
668538,2025-08-04 06:37:45+00:00,2.2,ML,39.84483,38.54928,5,2.2,39_38_2025
668550,2025-08-04 11:24:15+00:00,2.4,ML,38.29579,38.94766,4,2.4,38_38_2025
668565,2025-08-04 15:32:47+00:00,3.0,ML,39.53626,29.12984,10,3.0,39_29_2025
668577,2025-08-04 17:06:01+00:00,2.5,ML,36.9741,28.28362,6,2.4,36_28_2025
668591,2025-08-04 20:50:54+00:00,2.4,ML,40.83022,28.12964,20,2.4,40_28_2025
668616,2025-08-05 00:49:56+00:00,2.0,ML,36.9776,28.27655,6,2.0,36_28_2025
668626,2025-08-05 02:40:32+00:00,3.0,ML,39.63173,25.74627,16,3.0,39_25_2025
668627,2025-08-05 02:46:38+00:00,2.1,ML,36.96677,28.27993,5,2.0,36_28_2025
668628,2025-08-05 02:55:46+00:00,2.1,ML,36.26773,28.64437,6,2.0,36_28_2025
668632,2025-08-05 03:36:42+00:00,2.0,ML,39.63668,25.75879,4,2.0,39_25_2025
668637,2025-08-05 04:38:31+00:00,2.2,ML,39.62956,40.62868,4,2.2,39_40_2025
668641,2025-08-05 07:01:16+00:00,2.0,ML,38.29671,38.31778,4,2.0,38_38_2025
668671,2025-08-05 15:20:30+00:00,2.4,ML,38.17878,27.29589,3,2.4,38_27_2025
668679,2025-08-05 17:56:32+00:00,3.0,ML,37.58825,30.86343,10,3.0,37_30_2025
668686,2025-08-05 21:09:00+00:00,2.2,ML,37.72586,29.70596,7,2.2,37_29_2025
668688,2025-08-05 21:34:39+00:00,2.0,ML,38.055,36.46594,4,2.0,38_36_2025
668692,2025-08-05 22:26:56+00:00,2.1,ML,36.21114,36.10383,3,2.0,36_36_2025
668696,2025-08-06 00:20:47+00:00,2.6,ML,37.9164,27.44785,6,2.6,37_27_2025
668717,2025-08-06 06:37:30+00:00,2.5,ML,40.4828,26.42287,11,2.4,40_26_2025
668724,2025-08-06 10:21:07+00:00,3.2,ML,37.3059,37.03783,10,3.2,37_37_2025
668736,2025-08-06 13:15:52+00:00,2.9,ML,36.08477,32.52778,4,2.8,36_32_2025
668789,2025-08-07 13:40:52+00:00,2.1,ML,38.1361,37.89575,4,2.0,38_37_2025
668791,2025-08-07 14:40:11+00:00,2.5,ML,37.8354,29.80189,3,2.4,37_29_2025
668795,2025-08-07 15:09:15+00:00,2.0,ML,39.12828,36.06764,3,2.0,39_36_2025
668821,2025-08-07 22:31:57+00:00,2.0,ML,35.93712,31.71,3,2.0,35_31_2025
668843,2025-08-08 04:53:33+00:00,2.0,ML,40.49468,29.19049,5,2.0,40_29_2025
668848,2025-08-08 08:40:45+00:00,3.3,ML,37.61086,35.90049,6,3.2,37_35_2025
668856,2025-08-08 11:15:08+00:00,3.1,ML,38.43528,37.5053,14,3.0,38_37_2025
668873,2025-08-08 18:26:38+00:00,2.3,ML,37.6114,30.10573,3,2.2,37_30_2025
668878,2025-08-08 19:47:59+00:00,3.0,ML,37.63905,35.863,9,3.0,37_35_2025
668883,2025-08-08 21:15:47+00:00,3.3,ML,40.84117,28.15016,28,3.2,40_28_2025
668901,2025-08-09 05:26:03+00:00,2.6,ML,38.56814,39.63951,6,2.6,38_39_2025
668907,2025-08-09 06:15:34+00:00,2.6,ML,37.59548,27.06674,4,2.6,37_27_2025
668921,2025-08-09 10:40:18+00:00,2.7,ML,36.99499,36.03468,4,2.6,36_36_2025
669008,2025-08-10 09:44:51+00:00,2.5,ML,39.50607,26.18264,4,2.4,39_26_2025
669021,2025-08-10 14:12:47+00:00,2.1,ML,39.09745,33.05036,3,2.0,39_33_2025
669029,2025-08-10 16:53:46+00:00,6.1,MW,39.24504,28.06594,16,6.0,39_28_2025
669033,2025-08-10 17:06:29+00:00,4.0,ML,39.24028,28.0868,18,4.0,39_28_2025
669036,2025-08-10 17:12:56+00:00,3.2,ML,39.18315,28.16876,6,3.2,39_28_2025
669274,2025-08-10 17:16:19+00:00,3.2,ML,39.20274,28.16952,3,3.2,39_28_2025
669056,2025-08-10 17:50:05+00:00,3.5,ML,39.17249,28.07986,7,3.4,39_28_2025
669289,2025-08-10 17:54:02+00:00,2.8,ML,39.16511,28.13696,4,2.8,39_28_2025
669052,2025-08-10 17:58:53+00:00,3.5,ML,39.19176,28.16761,14,3.4,39_28_2025
669061,2025-08-10 17:59:48+00:00,3.1,ML,39.19044,28.17281,7,3.0,39_28_2025
669062,2025-08-10 18:10:07+00:00,3.5,ML,39.24847,28.03806,17,3.4,39_28_2025
669063,2025-08-10 18:13:05+00:00,3.3,ML,39.24625,28.05969,16,3.2,39_28_2025
669064,2025-08-10 18:16:57+00:00,3.0,ML,39.23341,28.10262,6,3.0,39_28_2025
669297,2025-08-10 18:18:32+00:00,2.7,ML,39.2335,28.14526,5,2.6,39_28_2025
669080,2025-08-10 18:29:18+00:00,3.4,ML,39.18062,28.11616,3,3.4,39_28_2025
669073,2025-08-10 18:40:14+00:00,3.0,ML,39.19267,28.162,13,3.0,39_28_2025
669092,2025-08-10 19:34:06+00:00,2.9,ML,39.21258,28.08309,11,2.8,39_28_2025
669103,2025-08-10 20:16:37+00:00,3.6,ML,39.13798,28.15135,8,3.6,39_28_2025
669111,2025-08-10 20:30:28+00:00,3.5,ML,38.87983,27.88619,14,3.4,38_27_2025
669134,2025-08-10 21:56:31+00:00,3.2,MW,39.25091,28.05285,11,3.2,39_28_2025
669138,2025-08-10 21:57:09+00:00,3.4,ML,39.189,28.04628,18,3.4,39_28_2025
669150,2025-08-10 22:56:21+00:00,3.4,ML,39.21953,28.16868,18,3.4,39_28_2025
669167,2025-08-11 00:00:54+00:00,2.8,ML,39.15336,28.14519,3,2.8,39_28_2025
669173,2025-08-11 00:34:32+00:00,3.3,ML,39.24816,28.06322,21,3.2,39_28_2025
669184,2025-08-11 01:00:13+00:00,4.1,MW,39.2026,28.11678,21,4.0,39_28_2025
669185,2025-08-11 01:01:07+00:00,3.7,ML,39.17541,28.14727,10,3.6,39_28_2025
669191,2025-08-11 01:08:10+00:00,2.5,ML,39.17687,28.1577,7,2.4,39_28_2025
669197,2025-08-11 01:35:46+00:00,3.1,ML,39.25499,28.07558,14,3.0,39_28_2025
669200,2025-08-11 01:36:37+00:00,2.1,ML,37.48161,37.04015,6,2.0,37_37_2025
669202,2025-08-11 01:55:10+00:00,4.4,MW,39.2329,28.16479,27,4.4,39_28_2025
669205,2025-08-11 02:08:28+00:00,3.4,ML,39.1797,28.18361,19,3.4,39_28_2025
669216,2025-08-11 02:40:07+00:00,3.2,ML,39.23632,28.10899,22,3.2,39_28_2025
669233,2025-08-11 03:33:27+00:00,3.2,ML,39.91456,32.78927,17,3.2,39_32_2025
669264,2025-08-11 05:40:26+00:00,2.8,ML,39.22224,28.14753,7,2.8,39_28_2025
669268,2025-08-11 05:50:05+00:00,3.7,MW,39.18556,28.15934,19,3.6,39_28_2025
669269,2025-08-11 05:51:26+00:00,3.6,ML,39.23276,28.16072,27,3.6,39_28_2025
669279,2025-08-11 06:04:53+00:00,2.8,ML,39.15235,28.20131,5,2.8,39_28_2025
669275,2025-08-11 06:13:41+00:00,3.4,ML,39.22035,28.06949,18,3.4,39_28_2025
669287,2025-08-11 06:34:30+00:00,3.1,ML,39.20051,28.10425,11,3.0,39_28_2025
669293,2025-08-11 06:41:04+00:00,2.8,ML,39.16277,28.16035,9,2.8,39_28_2025
669295,2025-08-11 06:55:44+00:00,3.5,MW,39.23843,27.97994,11,3.4,39_27_2025
669296,2025-08-11 06:57:09+00:00,2.6,ML,39.23853,27.97914,3,2.6,39_27_2025
669302,2025-08-11 07:10:56+00:00,3.0,ML,39.19559,28.12468,13,3.0,39_28_2025
669305,2025-08-11 07:26:44+00:00,3.9,MW,39.23769,28.27113,20,3.8,39_28_2025
669309,2025-08-11 07:29:09+00:00,2.9,ML,39.19306,28.17313,4,2.8,39_28_2025
669314,2025-08-11 07:59:34+00:00,2.3,ML,39.23821,27.97788,6,2.2,39_27_2025
669336,2025-08-11 09:00:42+00:00,2.8,ML,39.22429,27.98911,9,2.8,39_27_2025
669343,2025-08-11 09:53:09+00:00,3.1,ML,39.2048,28.13147,13,3.0,39_28_2025
669354,2025-08-11 10:13:44+00:00,2.5,ML,36.49653,28.76473,3,2.4,36_28_2025
669351,2025-08-11 10:16:52+00:00,3.0,ML,39.23137,27.98285,14,3.0,39_27_2025
669365,2025-08-11 10:42:24+00:00,3.1,ML,39.25057,28.05115,16,3.0,39_28_2025
669358,2025-08-11 10:48:05+00:00,2.4,ML,39.21414,28.15185,7,2.4,39_28_2025
669369,2025-08-11 11:09:06+00:00,2.9,ML,39.15567,28.1954,10,2.8,39_28_2025
669363,2025-08-11 11:15:05+00:00,4.0,MW,39.21013,28.19222,21,4.0,39_28_2025
669368,2025-08-11 11:59:07+00:00,3.7,MW,39.17364,28.15594,16,3.6,39_28_2025
669374,2025-08-11 12:26:09+00:00,3.7,MW,39.20496,28.08172,16,3.6,39_28_2025
669453,2025-08-11 15:50:14+00:00,3.0,ML,38.28156,38.79806,10,3.0,38_38_2025
669450,2025-08-11 16:37:00+00:00,4.1,MW,39.23269,27.98381,20,4.0,39_27_2025
669454,2025-08-11 16:42:13+00:00,3.6,ML,39.23553,27.97725,19,3.6,39_27_2025
669458,2025-08-11 16:43:22+00:00,2.4,ML,39.35948,43.88003,3,2.4,39_43_2025
669487,2025-08-11 18:03:24+00:00,3.2,ML,39.17081,28.17259,16,3.2,39_28_2025
669501,2025-08-11 18:32:36+00:00,4.0,MW,39.23755,27.95073,20,4.0,39_27_2025
669526,2025-08-11 18:43:49+00:00,2.8,ML,39.20878,28.22694,10,2.8,39_28_2025
669531,2025-08-11 18:45:51+00:00,2.7,ML,39.21881,27.97367,9,2.6,39_27_2025
669524,2025-08-11 18:55:59+00:00,3.9,ML,39.22368,28.12772,22,3.8,39_28_2025
669548,2025-08-11 20:01:22+00:00,4.1,MW,39.19706,28.18334,26,4.0,39_28_2025
669554,2025-08-11 20:08:16+00:00,2.4,ML,39.21686,27.99747,8,2.4,39_27_2025
669565,2025-08-11 20:32:39+00:00,3.6,ML,38.86983,27.88206,18,3.6,38_27_2025
669575,2025-08-11 20:59:51+00:00,3.1,ML,39.20603,28.18063,17,3.0,39_28_2025
669599,2025-08-11 21:32:33+00:00,3.0,ML,39.2308,28.06124,14,3.0,39_28_2025
669607,2025-08-11 21:41:03+00:00,2.8,ML,39.17366,28.15553,10,2.8,39_28_2025
669620,2025-08-11 22:27:06+00:00,3.2,ML,39.17073,28.18833,15,3.2,39_28_2025
669670,2025-08-11 23:31:15+00:00,2.8,ML,38.26393,39.10061,11,2.8,38_39_2025
669682,2025-08-11 23:42:25+00:00,2.5,ML,39.22409,27.97909,9,2.4,39_27_2025
669757,2025-08-12 01:51:40+00:00,2.9,ML,39.16594,28.14931,9,2.8,39_28_2025
669758,2025-08-12 01:53:05+00:00,3.0,ML,39.1799,28.15424,12,3.0,39_28_2025
669732,2025-08-12 02:05:07+00:00,2.5,ML,39.23865,27.97817,9,2.4,39_27_2025
669759,2025-08-12 02:47:09+00:00,3.5,ML,39.22689,27.9546,15,3.4,39_27_2025
669785,2025-08-12 03:19:18+00:00,2.0,ML,40.20728,25.54095,4,2.0,40_25_2025
669862,2025-08-12 05:59:34+00:00,3.1,ML,39.18249,28.16967,7,3.0,39_28_2025
669874,2025-08-12 06:24:31+00:00,2.3,ML,39.17625,27.96352,4,2.2,39_27_2025
669925,2025-08-12 08:55:18+00:00,3.1,ML,39.1986,28.13375,14,3.0,39_28_2025
669978,2025-08-12 10:38:17+00:00,2.3,ML,39.18312,28.12588,8,2.2,39_28_2025
669969,2025-08-12 10:52:55+00:00,3.1,ML,39.14837,28.22416,11,3.0,39_28_2025
670018,2025-08-12 12:11:25+00:00,2.9,ML,38.27845,38.82694,6,2.8,38_38_2025
670034,2025-08-12 13:06:54+00:00,2.9,ML,39.20696,28.15093,8,2.8,39_28_2025
670102,2025-08-12 15:29:57+00:00,2.3,ML,36.9675,35.84452,4,2.2,36_35_2025
670110,2025-08-12 16:03:19+00:00,2.8,ML,39.54914,25.36282,4,2.8,39_25_2025
670133,2025-08-12 17:27:24+00:00,2.8,ML,39.12177,28.15388,8,2.8,39_28_2025
670144,2025-08-12 17:54:38+00:00,3.0,ML,39.22889,28.2201,14,3.0,39_28_2025
670182,2025-08-12 19:28:57+00:00,3.4,ML,39.49369,25.43056,10,3.4,39_25_2025
670175,2025-08-12 19:34:31+00:00,3.0,ML,39.19821,28.1448,14,3.0,39_28_2025
670209,2025-08-12 21:36:05+00:00,3.2,ML,39.18041,28.15025,11,3.2,39_28_2025
670257,2025-08-13 00:52:53+00:00,3.0,ML,39.20111,28.11254,16,3.0,39_28_2025
670291,2025-08-13 01:44:52+00:00,2.5,ML,38.37307,31.59039,6,2.4,38_31_2025
670290,2025-08-13 02:43:46+00:00,2.6,ML,36.69856,35.87945,4,2.6,36_35_2025
670292,2025-08-13 03:00:07+00:00,3.4,ML,38.16556,38.185,9,3.4,38_38_2025
670306,2025-08-13 03:51:14+00:00,2.8,ML,39.21617,28.16538,10,2.8,39_28_2025
670321,2025-08-13 04:33:19+00:00,2.6,ML,38.05732,37.70732,5,2.6,38_37_2025
670359,2025-08-13 06:47:59+00:00,3.5,ML,39.16244,28.18246,16,3.4,39_28_2025
670479,2025-08-13 12:31:03+00:00,2.3,ML,38.58112,43.05733,3,2.2,38_43_2025
670482,2025-08-13 12:55:20+00:00,3.1,ML,39.25813,28.16284,14,3.0,39_28_2025
670501,2025-08-13 14:45:47+00:00,4.1,MW,37.65318,36.16417,9,4.0,37_36_2025
670664,2025-08-13 20:54:01+00:00,3.3,ML,39.24353,28.03012,19,3.2,39_28_2025
670774,2025-08-13 23:46:46+00:00,2.2,ML,39.185,27.97197,4,2.2,39_27_2025
670775,2025-08-14 00:29:45+00:00,3.2,ML,39.22598,27.98503,15,3.2,39_27_2025
670776,2025-08-14 00:29:45+00:00,3.0,ML,39.1778,27.9958,16,3.0,39_27_2025
670816,2025-08-14 02:12:53+00:00,2.6,ML,39.42876,37.29599,6,2.6,39_37_2025
670959,2025-08-14 06:43:19+00:00,2.7,ML,37.03789,36.1559,3,2.6,37_36_2025
670987,2025-08-14 07:51:22+00:00,2.3,ML,38.26807,39.12608,4,2.2,38_39_2025
671003,2025-08-14 08:28:22+00:00,2.6,ML,38.36511,38.73313,7,2.6,38_38_2025
671025,2025-08-14 09:23:51+00:00,3.3,ML,37.22826,37.01286,10,3.2,37_37_2025
671100,2025-08-14 12:39:36+00:00,3.1,ML,39.21011,27.99237,3,3.0,39_27_2025
671154,2025-08-14 15:07:00+00:00,4.0,MW,39.22428,28.07952,19,4.0,39_28_2025
671225,2025-08-14 17:38:54+00:00,3.1,ML,39.19247,28.17577,9,3.0,39_28_2025
672480,2025-08-17 01:02:46+00:00,2.5,ML,37.02607,30.59692,4,2.4,37_30_2025
672379,2025-08-17 02:29:24+00:00,2.9,ML,39.19702,28.15331,9,2.8,39_28_2025
672397,2025-08-17 03:04:07+00:00,2.6,ML,38.24261,38.82111,9,2.6,38_38_2025
672477,2025-08-17 06:02:05+00:00,2.9,ML,39.21104,28.22,11,2.8,39_28_2025
672606,2025-08-17 11:55:01+00:00,2.8,ML,39.22362,27.96888,11,2.8,39_27_2025
672630,2025-08-17 13:17:48+00:00,2.3,ML,37.75168,29.1997,6,2.2,37_29_2025
672631,2025-08-17 13:18:47+00:00,2.7,ML,37.87579,26.26534,4,2.6,37_26_2025
672629,2025-08-17 13:27:36+00:00,2.5,ML,39.19395,28.16697,7,2.4,39_28_2025
672643,2025-08-17 14:00:01+00:00,2.9,ML,40.40837,27.4582,17,2.8,40_27_2025
672635,2025-08-17 14:14:40+00:00,2.8,ML,40.84268,28.28766,18,2.8,40_28_2025
672665,2025-08-17 15:08:52+00:00,2.5,ML,37.66563,36.17229,6,2.4,37_36_2025
672700,2025-08-17 17:43:21+00:00,3.2,ML,39.22364,28.00866,20,3.2,39_28_2025
672723,2025-08-17 18:28:02+00:00,3.4,ML,39.21487,28.06598,18,3.4,39_28_2025
672766,2025-08-17 21:11:11+00:00,3.1,ML,39.23603,28.04722,18,3.0,39_28_2025
672775,2025-08-17 21:36:12+00:00,3.2,ML,39.23995,28.15799,18,3.2,39_28_2025
672781,2025-08-17 21:46:24+00:00,2.7,ML,39.32834,41.08003,8,2.6,39_41_2025
672842,2025-08-18 00:14:05+00:00,3.7,MW,39.23039,28.18896,20,3.6,39_28_2025
672866,2025-08-18 01:10:33+00:00,3.5,ML,37.66794,36.16383,11,3.4,37_36_2025
672869,2025-08-18 01:29:24+00:00,2.6,ML,37.66562,36.17168,4,2.6,37_36_2025
672902,2025-08-18 03:00:59+00:00,3.9,ML,39.2225,28.18543,13,3.8,39_28_2025
672918,2025-08-18 04:15:43+00:00,2.8,ML,36.66554,29.38978,7,2.8,36_29_2025
672961,2025-08-18 07:08:27+00:00,2.6,ML,37.96636,37.69501,6,2.6,37_37_2025
672978,2025-08-18 07:49:57+00:00,2.2,ML,38.47252,37.31167,3,2.2,38_37_2025
673025,2025-08-18 10:30:59+00:00,3.4,MW,38.46139,37.29531,11,3.4,38_37_2025
673092,2025-08-18 13:28:09+00:00,3.0,ML,38.46949,37.33878,13,3.0,38_37_2025
673116,2025-08-18 14:23:32+00:00,2.9,ML,38.66797,39.83997,7,2.8,38_39_2025
673127,2025-08-18 14:53:07+00:00,2.0,ML,39.2527,25.76433,3,2.0,39_25_2025
673124,2025-08-18 15:28:22+00:00,3.8,ML,39.2068,28.15798,22,3.8,39_28_2025
673158,2025-08-18 20:00:37+00:00,3.0,ML,39.18731,28.15446,17,3.0,39_28_2025
673182,2025-08-18 22:18:33+00:00,3.6,ML,39.19051,28.20043,23,3.6,39_28_2025
673189,2025-08-18 22:47:49+00:00,3.2,ML,39.21927,28.15494,6,3.2,39_28_2025
673191,2025-08-18 23:12:01+00:00,3.1,ML,39.12086,28.19149,14,3.0,39_28_2025
673381,2025-08-19 10:44:39+00:00,3.9,ML,39.24019,28.19972,16,3.8,39_28_2025
673424,2025-08-19 12:03:03+00:00,2.8,ML,39.25203,28.17788,12,2.8,39_28_2025
673423,2025-08-19 12:14:35+00:00,3.7,ML,39.18455,28.21814,18,3.6,39_28_2025
673494,2025-08-19 15:46:47+00:00,3.2,ML,39.21184,28.11715,6,3.2,39_28_2025
673532,2025-08-19 18:19:24+00:00,2.9,ML,39.20029,28.16967,10,2.8,39_28_2025
673597,2025-08-19 22:10:34+00:00,4.3,ML,39.2026,28.21702,24,4.2,39_28_2025
673756,2025-08-20 07:31:01+00:00,3.1,ML,39.19292,28.09565,15,3.0,39_28_2025
673761,2025-08-20 07:57:21+00:00,2.8,ML,40.77151,27.51267,23,2.8,40_27_2025
673846,2025-08-20 11:40:44+00:00,3.2,ML,38.31915,38.7208,7,3.2,38_38_2025
673905,2025-08-20 16:06:26+00:00,2.6,ML,39.20898,28.17562,8,2.6,39_28_2025
673912,2025-08-20 16:57:38+00:00,3.2,ML,40.84173,28.27194,19,3.2,40_28_2025
673920,2025-08-20 17:19:46+00:00,2.7,ML,35.27146,33.87092,6,2.6,35_33_2025
673974,2025-08-20 22:24:03+00:00,4.0,MW,40.07122,36.00716,11,4.0,40_36_2025
673984,2025-08-20 22:31:17+00:00,3.4,ML,40.07784,36.00977,9,3.4,40_36_2025
674091,2025-08-21 06:04:17+00:00,2.6,ML,40.51113,33.39452,7,2.6,40_33_2025
674117,2025-08-21 07:48:31+00:00,3.4,ML,36.02005,27.05859,3,3.4,36_27_2025
674171,2025-08-21 11:23:03+00:00,2.7,ML,38.15677,36.62734,6,2.6,38_36_2025
674176,2025-08-21 12:31:46+00:00,3.4,ML,39.22765,28.19472,16,3.4,39_28_2025
674199,2025-08-21 14:41:49+00:00,3.7,ML,38.04917,37.29563,14,3.6,38_37_2025
674254,2025-08-21 17:00:14+00:00,2.4,ML,39.22985,27.99338,10,2.4,39_27_2025
674265,2025-08-21 17:48:00+00:00,2.9,ML,39.22178,28.97789,7,2.8,39_28_2025
674274,2025-08-21 17:56:10+00:00,2.0,ML,40.60185,33.03089,5,2.0,40_33_2025
674286,2025-08-21 19:05:09+00:00,2.5,ML,39.02556,30.18272,7,2.4,39_30_2025
674312,2025-08-21 21:14:57+00:00,2.6,ML,38.02809,36.78837,9,2.6,38_36_2025
674384,2025-08-21 23:57:56+00:00,2.7,ML,40.15152,42.06706,5,2.6,40_42_2025
674437,2025-08-22 02:17:15+00:00,2.1,ML,37.97491,37.6383,5,2.0,37_37_2025
674528,2025-08-22 09:30:57+00:00,3.9,ML,39.02553,41.06228,9,3.8,39_41_2025
674675,2025-08-22 17:36:15+00:00,3.9,MW,39.20399,28.17068,18,3.8,39_28_2025
674676,2025-08-22 17:37:31+00:00,3.5,MW,39.19031,28.16391,12,3.4,39_28_2025
674730,2025-08-22 21:10:43+00:00,2.9,ML,39.25241,28.16011,8,2.8,39_28_2025
674755,2025-08-22 22:10:24+00:00,2.4,ML,39.21903,27.98843,10,2.4,39_27_2025
674807,2025-08-23 00:25:41+00:00,3.3,ML,39.19695,28.19794,23,3.2,39_28_2025
674820,2025-08-23 01:26:22+00:00,2.8,ML,39.21958,27.98784,11,2.8,39_27_2025
674821,2025-08-23 01:29:39+00:00,2.7,ML,39.23547,27.98518,11,2.6,39_27_2025
674841,2025-08-23 03:42:22+00:00,2.4,ML,39.23835,28.1323,8,2.4,39_28_2025
674903,2025-08-23 07:57:01+00:00,2.3,ML,39.39788,26.33694,7,2.2,39_26_2025
674925,2025-08-23 10:44:54+00:00,2.2,ML,38.82779,26.61735,4,2.2,38_26_2025
674919,2025-08-23 11:16:03+00:00,4.1,MW,39.19384,28.21126,22,4.0,39_28_2025
674926,2025-08-23 11:42:07+00:00,3.5,MW,39.16241,28.25248,17,3.4,39_28_2025
674931,2025-08-23 11:54:09+00:00,2.7,ML,39.2108,28.2116,8,2.6,39_28_2025
674958,2025-08-23 13:12:41+00:00,3.5,MW,39.17304,28.23471,13,3.4,39_28_2025
674986,2025-08-23 14:31:40+00:00,3.9,ML,39.20505,28.19761,19,3.8,39_28_2025
675029,2025-08-23 17:21:15+00:00,3.5,ML,39.16889,28.23419,17,3.4,39_28_2025
675086,2025-08-23 20:40:20+00:00,3.1,ML,38.79372,26.59761,9,3.0,38_26_2025
675123,2025-08-23 22:25:51+00:00,2.2,ML,37.30153,35.18105,4,2.2,37_35_2025
675147,2025-08-23 23:30:36+00:00,3.8,MW,39.20464,28.23528,23,3.8,39_28_2025
675159,2025-08-23 23:52:02+00:00,2.5,ML,36.77437,28.19711,5,2.4,36_28_2025
675164,2025-08-24 00:14:33+00:00,2.8,ML,39.21067,28.11328,10,2.8,39_28_2025
675214,2025-08-24 02:59:57+00:00,4.0,MW,38.10327,37.26453,14,4.0,38_37_2025
675231,2025-08-24 03:56:23+00:00,2.9,ML,39.19832,28.22476,10,2.8,39_28_2025
675359,2025-08-24 15:37:09+00:00,2.5,ML,38.56843,38.03284,8,2.4,38_38_2025
675366,2025-08-24 16:07:06+00:00,2.3,ML,38.7237,30.61748,6,2.2,38_30_2025
675362,2025-08-24 16:08:29+00:00,2.9,ML,38.70928,30.6372,5,2.8,38_30_2025
675367,2025-08-24 16:20:06+00:00,2.6,ML,38.70637,30.63969,5,2.6,38_30_2025
675403,2025-08-24 18:58:18+00:00,4.8,MW,39.19515,28.16797,23,4.8,39_28_2025
675462,2025-08-24 20:59:27+00:00,3.1,ML,39.21449,28.1802,16,3.0,39_28_2025
675474,2025-08-24 21:18:36+00:00,2.0,ML,38.73088,30.59708,5,2.0,38_30_2025
675509,2025-08-24 22:40:27+00:00,3.2,ML,39.23509,28.19664,17,3.2,39_28_2025
675510,2025-08-24 22:46:48+00:00,3.4,ML,39.22269,28.20778,19,3.4,39_28_2025
675596,2025-08-25 01:29:29+00:00,3.5,ML,39.18803,28.17278,21,3.4,39_28_2025
675683,2025-08-25 04:31:00+00:00,2.4,ML,38.56597,38.02023,6,2.4,38_38_2025
675729,2025-08-25 08:15:59+00:00,3.3,ML,40.39409,28.88086,14,3.2,40_28_2025
675736,2025-08-25 08:49:23+00:00,2.5,ML,37.89116,29.25,7,2.4,37_29_2025
675740,2025-08-25 09:20:47+00:00,2.1,ML,38.70818,30.61022,5,2.0,38_30_2025
675772,2025-08-25 12:47:38+00:00,3.0,ML,37.03671,36.06372,4,3.0,37_36_2025
675838,2025-08-25 20:29:57+00:00,3.0,ML,39.2712,28.07793,5,3.0,39_28_2025
675894,2025-08-26 01:15:21+00:00,3.9,ML,39.16542,28.22407,21,3.8,39_28_2025
675924,2025-08-26 03:19:52+00:00,2.4,ML,40.19181,31.76763,10,2.4,40_31_2025
675968,2025-08-26 07:18:01+00:00,2.8,ML,40.34187,27.25733,12,2.8,40_27_2025
675966,2025-08-26 07:24:02+00:00,3.3,ML,38.07571,38.36131,10,3.2,38_38_2025
675989,2025-08-26 08:42:11+00:00,2.7,ML,39.23387,27.99237,10,2.6,39_27_2025
676093,2025-08-26 16:31:05+00:00,2.7,ML,39.42069,37.30495,7,2.6,39_37_2025
676102,2025-08-26 17:41:25+00:00,2.1,ML,38.61674,43.00223,4,2.0,38_43_2025
676118,2025-08-26 19:19:32+00:00,2.1,ML,38.79428,41.9162,3,2.0,38_41_2025
676126,2025-08-26 20:23:01+00:00,2.8,ML,38.41748,41.05627,7,2.8,38_41_2025
676129,2025-08-26 20:30:44+00:00,2.2,ML,38.10523,38.46539,4,2.2,38_38_2025
676137,2025-08-26 21:11:30+00:00,2.8,ML,39.20376,28.24446,8,2.8,39_28_2025
676155,2025-08-26 21:50:31+00:00,2.1,ML,38.95754,32.91917,7,2.0,38_32_2025
676162,2025-08-26 23:30:26+00:00,2.3,ML,39.20038,28.24911,7,2.2,39_28_2025
676161,2025-08-26 23:44:41+00:00,3.6,ML,38.75796,25.64979,6,3.6,38_25_2025
676187,2025-08-27 01:07:44+00:00,2.4,ML,36.69211,29.35817,4,2.4,36_29_2025
676185,2025-08-27 01:20:10+00:00,2.9,ML,37.94509,28.76118,10,2.8,37_28_2025
676178,2025-08-27 01:58:05+00:00,3.0,ML,39.19682,28.23463,15,3.0,39_28_2025
676193,2025-08-27 02:46:18+00:00,4.4,MW,39.20694,28.23158,23,4.4,39_28_2025
676196,2025-08-27 02:48:55+00:00,2.8,ML,40.33995,27.25517,17,2.8,40_27_2025
676209,2025-08-27 03:00:37+00:00,2.2,ML,38.97628,27.06671,5,2.2,38_27_2025
676230,2025-08-27 05:02:52+00:00,2.0,ML,38.93195,28.19381,6,2.0,38_28_2025
676251,2025-08-27 06:12:49+00:00,2.9,ML,38.87111,43.5444,5,2.8,38_43_2025
676292,2025-08-27 09:21:46+00:00,2.9,ML,40.81526,31.77795,10,2.8,40_31_2025
676303,2025-08-27 09:55:19+00:00,2.8,ML,39.18916,28.22119,10,2.8,39_28_2025
676359,2025-08-27 13:53:14+00:00,3.0,ML,39.19706,28.24934,13,3.0,39_28_2025
676371,2025-08-27 15:26:54+00:00,2.9,ML,39.18054,28.22611,9,2.8,39_28_2025
676401,2025-08-27 18:14:38+00:00,2.8,ML,38.09904,38.25678,8,2.8,38_38_2025
676426,2025-08-27 21:01:21+00:00,2.2,ML,38.06111,36.58688,5,2.2,38_36_2025
676425,2025-08-27 21:10:20+00:00,3.5,ML,38.45789,43.15586,9,3.4,38_43_2025
676435,2025-08-27 22:32:34+00:00,2.7,ML,39.22327,28.11392,10,2.6,39_28_2025
676450,2025-08-28 00:07:32+00:00,3.0,ML,39.19505,28.24599,13,3.0,39_28_2025
676548,2025-08-28 13:30:07+00:00,2.6,ML,38.44462,42.96072,4,2.6,38_42_2025
676574,2025-08-28 16:47:50+00:00,3.8,MW,38.3879,37.43217,14,3.8,38_37_2025
676608,2025-08-28 18:03:41+00:00,2.4,ML,40.82348,28.31036,15,2.4,40_28_2025
676630,2025-08-28 20:31:39+00:00,2.4,ML,38.60098,39.79715,4,2.4,38_39_2025
676629,2025-08-28 20:39:45+00:00,3.5,ML,38.62315,39.75418,15,3.4,38_39_2025
676644,2025-08-28 21:17:45+00:00,3.0,ML,38.11762,36.64643,10,3.0,38_36_2025
676720,2025-08-29 03:40:04+00:00,2.8,ML,39.20839,28.09643,10,2.8,39_28_2025
676802,2025-08-29 13:30:06+00:00,3.1,ML,39.20331,28.1682,7,3.0,39_28_2025
676822,2025-08-29 16:19:39+00:00,2.9,ML,36.68791,33.81456,4,2.8,36_33_2025
676824,2025-08-29 16:40:52+00:00,2.9,ML,39.19926,28.10414,11,2.8,39_28_2025
676859,2025-08-29 20:06:53+00:00,2.2,ML,37.90135,27.24352,4,2.2,37_27_2025
676874,2025-08-29 21:23:49+00:00,2.2,ML,39.18651,27.99071,8,2.2,39_27_2025
676879,2025-08-29 22:23:32+00:00,2.9,ML,37.94203,27.3366,6,2.8,37_27_2025
676881,2025-08-29 22:27:11+00:00,2.5,ML,37.92671,27.47439,6,2.4,37_27_2025
676882,2025-08-29 22:33:28+00:00,2.5,ML,37.90598,27.48734,6,2.4,37_27_2025
676885,2025-08-29 22:48:17+00:00,2.7,ML,37.9395,27.29597,6,2.6,37_27_2025
676889,2025-08-29 22:56:28+00:00,2.0,ML,37.93361,27.29429,4,2.0,37_27_2025
676969,2025-08-30 07:41:45+00:00,3.2,ML,39.22259,28.10501,18,3.2,39_28_2025
676984,2025-08-30 08:20:39+00:00,2.5,ML,38.33436,37.4231,6,2.4,38_37_2025
677037,2025-08-30 14:04:54+00:00,3.8,ML,39.23778,28.16944,23,3.8,39_28_2025
677073,2025-08-30 18:03:54+00:00,2.6,ML,36.52326,29.66341,4,2.6,36_29_2025
677153,2025-08-31 01:34:04+00:00,2.5,ML,37.48963,33.90974,5,2.4,37_33_2025
677235,2025-08-31 10:44:00+00:00,2.3,ML,37.20628,32.02092,5,2.2,37_32_2025
677305,2025-08-31 17:58:35+00:00,3.7,MW,39.19871,28.14722,19,3.6,39_28_2025
677319,2025-08-31 19:05:58+00:00,3.4,ML,39.17721,28.17965,23,3.4,39_28_2025
677369,2025-08-31 22:22:07+00:00,2.8,ML,39.26869,28.08594,11,2.8,39_28_2025
677373,2025-08-31 22:42:37+00:00,2.6,ML,38.29503,37.76271,11,2.6,38_37_2025
677424,2025-09-01 01:26:23+00:00,3.1,ML,39.22879,28.00316,22,3.0,39_28_2025
677650,2025-09-01 19:45:10+00:00,2.1,ML,39.2271,27.99956,6,2.0,39_27_2025
677651,2025-09-01 19:49:00+00:00,2.7,ML,39.18061,28.22634,9,2.6,39_28_2025
677655,2025-09-01 20:12:49+00:00,3.6,ML,39.18522,28.21993,15,3.6,39_28_2025
677708,2025-09-01 23:06:35+00:00,2.7,ML,37.29751,36.33724,6,2.6,37_36_2025
677805,2025-09-02 09:55:46+00:00,2.9,ML,39.23676,28.15715,10,2.8,39_28_2025
677843,2025-09-02 14:43:17+00:00,2.0,ML,39.23807,27.99285,5,2.0,39_27_2025
677871,2025-09-02 20:15:16+00:00,2.3,ML,37.67662,27.0251,3,2.2,37_27_2025
677895,2025-09-02 23:45:29+00:00,2.1,ML,37.96514,27.12216,4,2.0,37_27_2025
677943,2025-09-03 07:55:50+00:00,3.5,ML,39.25389,28.0289,23,3.4,39_28_2025
677945,2025-09-03 07:57:16+00:00,2.3,ML,39.77571,39.11476,3,2.2,39_39_2025
677956,2025-09-03 08:56:45+00:00,2.1,ML,40.73116,25.72313,4,2.0,40_25_2025
678000,2025-09-03 15:15:43+00:00,2.9,ML,39.2236,28.17502,8,2.8,39_28_2025
678066,2025-09-04 00:40:31+00:00,3.1,ML,39.14917,28.18991,16,3.0,39_28_2025
678145,2025-09-04 09:58:35+00:00,2.0,ML,39.19866,27.97992,6,2.0,39_27_2025
678189,2025-09-04 17:58:05+00:00,2.4,ML,38.73547,43.18515,5,2.4,38_43_2025
678197,2025-09-04 18:27:44+00:00,3.1,ML,38.39948,38.91836,10,3.0,38_38_2025
678264,2025-09-05 00:10:09+00:00,3.2,ML,40.82352,28.16956,31,3.2,40_28_2025
678329,2025-09-05 05:36:56+00:00,2.9,ML,38.47223,42.93571,7,2.8,38_42_2025
678397,2025-09-05 16:01:47+00:00,2.3,ML,40.66157,42.41325,4,2.2,40_42_2025
678408,2025-09-05 17:43:45+00:00,2.6,ML,36.61208,27.93755,6,2.6,36_27_2025
678417,2025-09-05 19:08:39+00:00,3.0,ML,39.214,28.11366,15,3.0,39_28_2025
678421,2025-09-05 19:34:38+00:00,3.2,ML,39.16021,28.15821,20,3.2,39_28_2025
678438,2025-09-05 20:38:18+00:00,2.7,ML,36.31785,34.27816,6,2.6,36_34_2025
678444,2025-09-05 21:12:50+00:00,2.6,ML,39.20101,28.1509,9,2.6,39_28_2025
678484,2025-09-06 04:08:13+00:00,2.5,ML,40.5438,25.71347,6,2.4,40_25_2025
678487,2025-09-06 04:19:41+00:00,2.9,ML,36.93472,27.80789,6,2.8,36_27_2025
678496,2025-09-06 05:27:38+00:00,2.4,ML,37.79188,35.65159,6,2.4,37_35_2025
678502,2025-09-06 06:18:23+00:00,2.8,ML,37.99357,36.42438,8,2.8,37_36_2025
678557,2025-09-06 14:25:30+00:00,2.4,ML,38.11733,27.45698,3,2.4,38_27_2025
678573,2025-09-06 16:45:06+00:00,2.2,ML,39.55305,26.09244,4,2.2,39_26_2025
678595,2025-09-06 20:35:44+00:00,2.6,ML,38.91701,43.80847,5,2.6,38_43_2025
678600,2025-09-06 22:02:19+00:00,3.9,MW,34.63345,33.24547,4,3.8,34_33_2025
678615,2025-09-06 23:11:01+00:00,2.2,ML,40.81531,25.64634,5,2.2,40_25_2025
678656,2025-09-07 01:29:23+00:00,2.3,ML,40.19175,31.78868,4,2.2,40_31_2025
678689,2025-09-07 09:35:09+00:00,4.9,MW,39.1684,28.16409,24,4.8,39_28_2025
678720,2025-09-07 11:44:44+00:00,2.8,ML,39.23907,28.08545,11,2.8,39_28_2025
678733,2025-09-07 13:04:53+00:00,2.3,ML,38.59054,39.77469,3,2.2,38_39_2025
678749,2025-09-07 13:53:51+00:00,2.3,ML,39.58397,25.779,5,2.2,39_25_2025
678765,2025-09-07 15:38:11+00:00,3.1,ML,38.76753,39.98295,9,3.0,38_39_2025
678781,2025-09-07 16:53:32+00:00,2.2,ML,36.78344,31.18687,3,2.2,36_31_2025
678780,2025-09-07 17:08:19+00:00,4.0,MW,39.17455,28.16006,21,4.0,39_28_2025
678782,2025-09-07 17:34:42+00:00,3.3,ML,38.50683,40.29751,11,3.2,38_40_2025
678803,2025-09-07 20:03:19+00:00,4.5,MW,39.20507,28.24306,23,4.4,39_28_2025
678885,2025-09-07 23:18:20+00:00,3.6,ML,38.07198,37.61306,14,3.6,38_37_2025
678887,2025-09-07 23:19:14+00:00,2.8,ML,39.17192,28.1505,9,2.8,39_28_2025
678894,2025-09-07 23:40:40+00:00,2.9,ML,39.22099,28.03809,11,2.8,39_28_2025
678904,2025-09-07 23:51:50+00:00,2.0,ML,37.48116,33.65556,4,2.0,37_33_2025
679009,2025-09-08 07:47:22+00:00,3.0,ML,37.46295,27.75463,9,3.0,37_27_2025
679022,2025-09-08 09:30:58+00:00,3.0,ML,39.22351,28.19832,16,3.0,39_28_2025
679033,2025-09-08 10:19:55+00:00,2.7,ML,37.88444,27.59183,4,2.6,37_27_2025
679060,2025-09-08 14:05:25+00:00,2.7,ML,38.17051,37.02245,7,2.6,38_37_2025
679102,2025-09-08 16:59:30+00:00,2.5,ML,36.16555,28.99799,4,2.4,36_28_2025
679133,2025-09-08 22:47:46+00:00,3.4,ML,37.84907,26.85019,6,3.4,37_26_2025
679148,2025-09-08 23:59:36+00:00,2.1,ML,39.19263,26.82255,6,2.0,39_26_2025
679163,2025-09-09 02:17:50+00:00,2.6,ML,37.8381,26.87227,5,2.6,37_26_2025
679226,2025-09-09 08:57:58+00:00,2.6,ML,38.15972,36.59521,6,2.6,38_36_2025
679236,2025-09-09 09:00:16+00:00,2.5,ML,38.13499,36.59646,5,2.4,38_36_2025
679255,2025-09-09 10:55:07+00:00,3.0,ML,39.79903,41.95784,8,3.0,39_41_2025
679256,2025-09-09 11:05:43+00:00,2.3,ML,38.70121,43.21585,3,2.2,38_43_2025
679245,2025-09-09 11:18:57+00:00,3.4,ML,39.24946,28.11804,9,3.4,39_28_2025
679263,2025-09-09 11:28:55+00:00,2.5,ML,38.73748,43.29317,3,2.4,38_43_2025
679249,2025-09-09 11:38:23+00:00,3.3,ML,37.92331,36.65611,9,3.2,37_36_2025
679322,2025-09-09 18:05:56+00:00,3.5,ML,37.76043,36.18826,12,3.4,37_36_2025
679389,2025-09-09 23:47:06+00:00,2.2,ML,39.83169,41.93591,6,2.2,39_41_2025
679399,2025-09-10 00:43:34+00:00,2.6,ML,40.55937,33.57737,7,2.6,40_33_2025
679411,2025-09-10 01:11:42+00:00,3.1,ML,38.50767,39.47962,15,3.0,38_39_2025
679428,2025-09-10 02:46:23+00:00,2.5,ML,39.5386,26.27385,11,2.4,39_26_2025
679489,2025-09-10 11:40:50+00:00,2.0,ML,38.15845,36.82096,4,2.0,38_36_2025
679522,2025-09-10 16:55:40+00:00,2.1,ML,41.98557,29.61784,3,2.0,41_29_2025
679536,2025-09-10 18:29:17+00:00,3.0,ML,39.22158,36.52464,11,3.0,39_36_2025
679547,2025-09-10 19:30:03+00:00,2.3,ML,40.08084,36.02986,5,2.2,40_36_2025
679578,2025-09-10 23:54:27+00:00,2.3,ML,40.06631,36.03779,5,2.2,40_36_2025
679602,2025-09-11 05:24:32+00:00,4.1,MW,40.24308,33.43004,19,4.0,40_33_2025
679628,2025-09-11 08:57:41+00:00,2.1,ML,39.14935,37.81552,7,2.0,39_37_2025
679633,2025-09-11 10:56:12+00:00,2.2,ML,40.6966,30.65584,5,2.2,40_30_2025
679677,2025-09-11 17:28:22+00:00,3.5,ML,40.24583,33.41375,14,3.4,40_33_2025
679721,2025-09-11 22:47:10+00:00,2.1,ML,39.41016,27.41943,9,2.0,39_27_2025
679770,2025-09-12 05:18:41+00:00,2.7,ML,39.82999,38.63939,6,2.6,39_38_2025
679769,2025-09-12 05:27:14+00:00,3.0,ML,38.33616,35.17198,9,3.0,38_35_2025
679798,2025-09-12 08:07:04+00:00,2.5,ML,37.8949,27.25205,3,2.4,37_27_2025
679820,2025-09-12 10:25:13+00:00,2.8,ML,38.58441,39.73174,7,2.8,38_39_2025
679821,2025-09-12 10:28:02+00:00,2.4,ML,38.599,39.74554,3,2.4,38_39_2025
679823,2025-09-12 10:33:26+00:00,2.5,ML,38.57872,39.78246,3,2.4,38_39_2025
679829,2025-09-12 11:10:18+00:00,2.3,ML,37.97784,38.14174,3,2.2,37_38_2025
679835,2025-09-12 11:54:59+00:00,3.4,ML,38.60316,39.75586,11,3.4,38_39_2025
679856,2025-09-12 13:27:42+00:00,2.4,ML,40.24462,33.41822,10,2.4,40_33_2025
679887,2025-09-12 17:29:03+00:00,2.5,ML,37.11284,28.56933,8,2.4,37_28_2025
679906,2025-09-12 19:39:41+00:00,3.1,ML,39.1703,28.23368,16,3.0,39_28_2025
679907,2025-09-12 19:44:14+00:00,3.2,ML,39.18357,28.16618,16,3.2,39_28_2025
679923,2025-09-12 20:52:49+00:00,2.0,ML,38.91383,26.31809,3,2.0,38_26_2025
679929,2025-09-12 22:01:13+00:00,2.3,ML,40.82817,35.6125,5,2.2,40_35_2025
679979,2025-09-13 03:21:24+00:00,2.7,ML,40.19883,31.73335,4,2.6,40_31_2025
680009,2025-09-13 06:59:56+00:00,3.3,ML,37.82779,36.24922,7,3.2,37_36_2025
680017,2025-09-13 08:31:17+00:00,2.9,ML,39.18193,28.25002,4,2.8,39_28_2025
680047,2025-09-13 12:17:35+00:00,2.2,ML,38.80755,26.21055,3,2.2,38_26_2025
680049,2025-09-13 13:28:52+00:00,2.1,ML,41.03822,35.4064,3,2.0,41_35_2025
680060,2025-09-13 14:52:54+00:00,2.2,ML,38.59915,39.74403,4,2.2,38_39_2025
680108,2025-09-13 21:58:04+00:00,3.0,ML,39.20307,28.0314,14,3.0,39_28_2025
680124,2025-09-13 23:07:52+00:00,2.7,ML,40.82506,38.73369,5,2.6,40_38_2025
680158,2025-09-14 01:18:13+00:00,2.3,ML,38.09659,37.1212,8,2.2,38_37_2025
680172,2025-09-14 02:52:54+00:00,3.9,MW,38.38298,44.87101,4,3.8,38_44_2025
680179,2025-09-14 04:18:20+00:00,3.7,ML,38.33562,44.79279,4,3.6,38_44_2025
680199,2025-09-14 05:39:14+00:00,2.4,ML,38.91047,25.6287,3,2.4,38_25_2025
680211,2025-09-14 07:25:31+00:00,2.1,ML,39.1301,32.70388,9,2.0,39_32_2025
680226,2025-09-14 10:19:14+00:00,3.4,ML,38.44238,39.15256,16,3.4,38_39_2025
680234,2025-09-14 11:25:10+00:00,3.1,ML,39.29675,32.95311,17,3.0,39_32_2025
680247,2025-09-14 14:33:24+00:00,2.1,ML,37.12416,28.10339,3,2.0,37_28_2025
680280,2025-09-14 19:51:36+00:00,2.5,ML,38.13428,38.44673,8,2.4,38_38_2025
680282,2025-09-14 20:41:05+00:00,3.1,ML,35.68425,28.53047,4,3.0,35_28_2025
680291,2025-09-14 21:06:28+00:00,2.1,ML,40.16447,31.80497,3,2.0,40_31_2025
680356,2025-09-15 07:39:58+00:00,3.8,ML,38.08496,38.42702,16,3.8,38_38_2025
680385,2025-09-15 10:19:00+00:00,3.0,ML,38.32698,27.26034,6,3.0,38_27_2025
680390,2025-09-15 11:27:11+00:00,2.3,ML,37.06211,28.57689,4,2.2,37_28_2025
680396,2025-09-15 13:06:39+00:00,2.5,ML,41.04539,33.63132,5,2.4,41_33_2025
680401,2025-09-15 14:01:51+00:00,2.1,ML,39.94061,40.83785,3,2.0,39_40_2025
680406,2025-09-15 15:53:56+00:00,3.4,ML,39.18921,28.25636,21,3.4,39_28_2025
680446,2025-09-15 20:47:22+00:00,2.0,ML,37.48436,33.64752,4,2.0,37_33_2025
680444,2025-09-15 21:13:03+00:00,2.5,ML,39.49982,32.65262,9,2.4,39_32_2025
680461,2025-09-15 22:50:06+00:00,2.8,ML,38.36835,30.91037,8,2.8,38_30_2025
680460,2025-09-15 22:58:00+00:00,3.1,ML,36.88917,28.98767,10,3.0,36_28_2025
680483,2025-09-16 01:09:10+00:00,2.2,ML,39.92689,39.16957,3,2.2,39_39_2025
680496,2025-09-16 02:47:44+00:00,2.4,ML,38.16171,36.60776,8,2.4,38_36_2025
680573,2025-09-16 13:48:05+00:00,2.5,ML,40.0497,25.87046,9,2.4,40_25_2025
680600,2025-09-16 17:16:26+00:00,2.0,ML,38.68242,43.11557,3,2.0,38_43_2025
680602,2025-09-16 17:41:24+00:00,2.9,ML,37.15872,36.72543,6,2.8,37_36_2025
680605,2025-09-16 18:14:09+00:00,2.4,ML,40.53828,35.76283,5,2.4,40_35_2025
680632,2025-09-16 22:40:44+00:00,2.4,ML,37.55437,35.55943,7,2.4,37_35_2025
680646,2025-09-17 00:26:35+00:00,2.6,ML,39.29468,27.90335,10,2.6,39_27_2025
680662,2025-09-17 03:11:22+00:00,2.0,ML,40.96674,39.90799,3,2.0,40_39_2025
680669,2025-09-17 05:28:33+00:00,2.6,ML,39.27002,27.90973,7,2.6,39_27_2025
680720,2025-09-17 12:52:16+00:00,2.8,ML,38.49803,39.34601,10,2.8,38_39_2025
680754,2025-09-17 19:23:41+00:00,2.9,ML,39.14938,28.14118,8,2.8,39_28_2025
680820,2025-09-18 03:29:42+00:00,2.8,ML,39.20178,28.10653,10,2.8,39_28_2025
680857,2025-09-18 10:53:42+00:00,2.5,ML,38.9664,27.72618,4,2.4,38_27_2025
680906,2025-09-18 21:15:31+00:00,3.8,ML,37.35386,36.22372,11,3.8,37_36_2025
680917,2025-09-18 22:49:40+00:00,2.7,ML,38.11333,37.76749,5,2.6,38_37_2025
680989,2025-09-19 14:25:05+00:00,2.6,ML,39.21348,29.02944,5,2.6,39_29_2025
681012,2025-09-19 20:17:51+00:00,2.2,ML,40.40141,26.20514,12,2.2,40_26_2025
681017,2025-09-19 21:19:23+00:00,3.0,ML,38.87547,26.03261,7,3.0,38_26_2025
681079,2025-09-20 14:12:18+00:00,2.7,ML,38.63395,42.47471,3,2.6,38_42_2025
681095,2025-09-20 18:52:31+00:00,2.5,ML,40.17113,31.71498,7,2.4,40_31_2025
681097,2025-09-20 19:10:17+00:00,2.3,ML,40.09686,41.99188,3,2.2,40_41_2025
681113,2025-09-20 23:16:22+00:00,4.2,MW,39.23428,28.97691,24,4.2,39_28_2025
681199,2025-09-21 07:09:11+00:00,3.2,ML,38.84784,37.4102,11,3.2,38_37_2025
681208,2025-09-21 08:46:19+00:00,2.0,ML,40.18821,29.45483,11,2.0,40_29_2025
681241,2025-09-21 15:51:02+00:00,3.3,ML,39.1864,28.23346,17,3.2,39_28_2025
681250,2025-09-21 16:25:45+00:00,2.6,ML,39.21417,29.00069,6,2.6,39_29_2025
681268,2025-09-21 21:11:17+00:00,3.0,ML,39.1934,28.18478,14,3.0,39_28_2025
681270,2025-09-21 21:20:20+00:00,2.8,ML,39.20186,28.15795,7,2.8,39_28_2025
681300,2025-09-21 22:19:45+00:00,3.0,ML,39.18736,28.19599,18,3.0,39_28_2025
681304,2025-09-21 22:27:42+00:00,3.0,ML,39.18142,28.13928,17,3.0,39_28_2025
681308,2025-09-21 22:43:24+00:00,2.8,ML,39.18375,28.19102,9,2.8,39_28_2025
681322,2025-09-21 23:09:31+00:00,3.1,ML,39.43013,37.23653,11,3.0,39_37_2025
681356,2025-09-22 01:17:43+00:00,2.9,ML,39.18119,28.20894,10,2.8,39_28_2025
681355,2025-09-22 01:19:59+00:00,4.8,MW,40.36504,24.10928,3,4.8,40_24_2025
681383,2025-09-22 02:36:49+00:00,3.3,ML,36.12075,35.88676,4,3.2,36_35_2025
681389,2025-09-22 03:05:57+00:00,2.6,ML,38.85383,26.69442,5,2.6,38_26_2025
681416,2025-09-22 06:03:35+00:00,4.0,MW,39.06606,33.27811,12,4.0,39_33_2025
681423,2025-09-22 06:27:32+00:00,2.2,ML,36.98783,28.18401,5,2.2,36_28_2025
681419,2025-09-22 06:41:06+00:00,2.9,ML,39.18056,28.19917,10,2.8,39_28_2025
681428,2025-09-22 07:28:38+00:00,3.2,ML,39.23183,28.15444,15,3.2,39_28_2025
681445,2025-09-22 09:02:42+00:00,4.5,MW,39.18233,28.16447,24,4.4,39_28_2025
681457,2025-09-22 10:12:41+00:00,3.1,ML,39.18984,28.22389,15,3.0,39_28_2025
681491,2025-09-22 13:30:24+00:00,2.6,ML,39.19171,28.17071,9,2.6,39_28_2025
681503,2025-09-22 15:53:45+00:00,3.9,MW,38.71627,25.56494,4,3.8,38_25_2025
681655,2025-09-23 05:49:53+00:00,2.3,ML,39.19498,28.16716,6,2.2,39_28_2025
681671,2025-09-23 06:50:23+00:00,2.8,ML,39.2435,28.10438,11,2.8,39_28_2025
681697,2025-09-23 09:38:08+00:00,3.0,ML,38.16789,28.94482,8,3.0,38_28_2025
681787,2025-09-23 19:33:37+00:00,2.8,ML,39.20583,28.18354,9,2.8,39_28_2025
681900,2025-09-24 07:30:01+00:00,2.8,ML,38.06654,36.7419,6,2.8,38_36_2025
681921,2025-09-24 10:29:20+00:00,2.1,ML,41.12539,28.86504,12,2.0,41_28_2025
681927,2025-09-24 11:01:12+00:00,2.2,ML,41.12112,28.88466,8,2.2,41_28_2025
681929,2025-09-24 11:18:41+00:00,3.6,ML,38.36813,37.4365,13,3.6,38_37_2025
682042,2025-09-24 23:58:39+00:00,3.4,ML,39.18356,28.1434,20,3.4,39_28_2025
682051,2025-09-25 02:12:36+00:00,2.1,ML,41.14078,28.8621,14,2.0,41_28_2025
682054,2025-09-25 02:29:39+00:00,2.2,ML,38.60568,39.70164,6,2.2,38_39_2025
682105,2025-09-25 07:37:27+00:00,2.2,ML,38.52286,38.04651,6,2.2,38_38_2025
682099,2025-09-25 08:29:33+00:00,4.4,MW,39.92336,40.84916,17,4.4,39_40_2025
682138,2025-09-25 14:17:17+00:00,2.6,ML,36.8193,33.78201,4,2.6,36_33_2025
682142,2025-09-25 14:48:15+00:00,2.0,ML,38.26748,31.06406,3,2.0,38_31_2025
682177,2025-09-25 21:35:33+00:00,2.1,ML,38.30806,38.24163,5,2.0,38_38_2025
682195,2025-09-26 00:25:03+00:00,2.3,ML,40.05786,36.03828,7,2.2,40_36_2025
682235,2025-09-26 07:30:14+00:00,3.0,ML,40.73038,31.62967,13,3.0,40_31_2025
682255,2025-09-26 09:16:57+00:00,3.4,ML,37.87316,26.333,3,3.4,37_26_2025
682268,2025-09-26 10:40:31+00:00,2.6,ML,38.45034,39.33585,8,2.6,38_39_2025
682273,2025-09-26 11:20:16+00:00,2.1,ML,40.4549,29.2051,8,2.0,40_29_2025
682277,2025-09-26 12:05:57+00:00,3.9,ML,38.17524,38.70821,14,3.8,38_38_2025
682280,2025-09-26 12:31:38+00:00,3.1,ML,38.18587,38.70913,9,3.0,38_38_2025
682296,2025-09-26 16:06:42+00:00,2.8,ML,39.18616,28.18445,7,2.8,39_28_2025
682299,2025-09-26 17:30:46+00:00,2.9,ML,36.48529,27.25606,3,2.8,36_27_2025
682324,2025-09-26 22:10:23+00:00,2.5,ML,38.04401,37.72591,5,2.4,38_37_2025
682326,2025-09-26 23:28:24+00:00,3.1,ML,40.40405,27.62811,30,3.0,40_27_2025
682334,2025-09-27 02:55:38+00:00,3.0,ML,39.17248,28.18254,13,3.0,39_28_2025
682367,2025-09-27 10:35:30+00:00,2.0,ML,37.98449,28.84138,5,2.0,37_28_2025
682369,2025-09-27 11:30:11+00:00,2.6,ML,41.19225,37.20658,4,2.6,41_37_2025
682380,2025-09-27 16:15:40+00:00,3.7,ML,40.55863,42.54954,9,3.6,40_42_2025
682383,2025-09-27 16:52:02+00:00,2.7,ML,36.96636,27.38963,3,2.6,36_27_2025
682384,2025-09-27 16:53:47+00:00,2.5,ML,36.97756,27.37628,3,2.4,36_27_2025
682393,2025-09-27 20:08:35+00:00,2.2,ML,37.9136,36.67567,3,2.2,37_36_2025
682405,2025-09-27 21:19:02+00:00,2.4,ML,40.14959,31.84606,5,2.4,40_31_2025
682431,2025-09-28 00:24:40+00:00,2.9,ML,39.17724,28.19787,8,2.8,39_28_2025
682441,2025-09-28 01:17:27+00:00,3.2,ML,39.16336,28.18472,14,3.2,39_28_2025
682498,2025-09-28 08:13:34+00:00,2.3,ML,39.94056,39.15963,3,2.2,39_39_2025
682490,2025-09-28 08:20:04+00:00,3.8,ML,39.2134,28.17281,18,3.8,39_28_2025
682504,2025-09-28 09:59:15+00:00,5.4,MW,39.22067,28.98995,13,5.4,39_28_2025
682517,2025-09-28 10:05:50+00:00,3.6,ML,39.21789,29.00061,17,3.6,39_29_2025
682518,2025-09-28 10:09:01+00:00,3.2,ML,39.22317,29.00351,10,3.2,39_29_2025
682507,2025-09-28 10:12:59+00:00,4.0,MW,39.22159,28.98067,16,4.0,39_28_2025
682522,2025-09-28 10:22:23+00:00,2.8,ML,39.21786,29.01489,5,2.8,39_29_2025
682524,2025-09-28 10:25:11+00:00,2.0,ML,39.20678,29.0329,4,2.0,39_29_2025
682525,2025-09-28 10:28:52+00:00,3.2,ML,39.26205,28.92744,11,3.2,39_28_2025
682516,2025-09-28 10:38:12+00:00,3.5,ML,39.21472,29.00176,10,3.4,39_29_2025
682527,2025-09-28 10:56:50+00:00,3.0,ML,39.24288,28.99122,9,3.0,39_28_2025
682536,2025-09-28 11:00:53+00:00,2.4,ML,39.21271,29.02069,4,2.4,39_29_2025
682538,2025-09-28 11:04:32+00:00,2.3,ML,39.23076,29.01352,5,2.2,39_29_2025
682539,2025-09-28 11:19:30+00:00,2.5,ML,39.23238,29.00524,6,2.4,39_29_2025
682553,2025-09-28 11:54:59+00:00,3.0,ML,39.23878,28.98322,8,3.0,39_28_2025
682560,2025-09-28 12:33:45+00:00,3.3,ML,39.2173,29.02023,10,3.2,39_29_2025
682617,2025-09-28 14:45:04+00:00,3.3,ML,39.23483,29.00529,14,3.2,39_29_2025
682633,2025-09-28 15:21:37+00:00,2.9,ML,39.23329,29.01335,8,2.8,39_29_2025
682643,2025-09-28 16:09:18+00:00,3.6,ML,39.24659,28.95548,18,3.6,39_28_2025
682649,2025-09-28 16:43:13+00:00,4.0,MW,39.2286,29.0043,18,4.0,39_29_2025
682655,2025-09-28 16:52:36+00:00,2.8,ML,39.22561,28.98012,8,2.8,39_28_2025
682663,2025-09-28 17:11:22+00:00,2.3,ML,39.51994,25.93157,8,2.2,39_25_2025
682688,2025-09-28 18:40:28+00:00,2.5,ML,38.08427,41.42798,6,2.4,38_41_2025
682694,2025-09-28 19:36:16+00:00,3.1,ML,39.22482,29.0009,12,3.0,39_29_2025
682720,2025-09-28 22:48:28+00:00,4.5,MW,39.22677,29.00548,22,4.4,39_29_2025
682772,2025-09-29 01:30:04+00:00,3.2,ML,39.21261,29.01011,12,3.2,39_29_2025
682858,2025-09-29 08:27:58+00:00,2.3,ML,40.71552,35.6125,8,2.2,40_35_2025
682910,2025-09-29 14:40:27+00:00,2.3,ML,39.18707,28.03516,6,2.2,39_28_2025
682921,2025-09-29 16:20:28+00:00,2.0,ML,39.19765,29.01262,3,2.0,39_29_2025
682924,2025-09-29 17:09:38+00:00,2.9,ML,39.19921,29.01809,6,2.8,39_29_2025
682958,2025-09-29 20:55:56+00:00,2.6,ML,39.22192,29.0051,6,2.6,39_29_2025
682978,2025-09-29 22:47:01+00:00,2.9,ML,39.23056,29.00688,6,2.8,39_29_2025
682983,2025-09-29 23:09:58+00:00,2.3,ML,39.21219,29.00517,6,2.2,39_29_2025
682985,2025-09-29 23:13:04+00:00,2.8,ML,39.22928,29.00839,8,2.8,39_29_2025
682984,2025-09-29 23:13:21+00:00,3.1,ML,39.18528,29.0179,13,3.0,39_29_2025
682989,2025-09-29 23:20:00+00:00,2.1,ML,37.78109,36.58803,6,2.0,37_36_2025
683028,2025-09-30 00:30:02+00:00,2.5,ML,37.52753,35.57831,7,2.4,37_35_2025
682976,2025-09-30 01:07:37+00:00,2.7,ML,39.22353,29.01257,6,2.6,39_29_2025
683045,2025-09-30 04:09:28+00:00,3.0,ML,39.2282,28.98093,7,3.0,39_28_2025
683084,2025-09-30 09:52:56+00:00,3.6,ML,39.21885,29.00106,14,3.6,39_29_2025
683086,2025-09-30 09:59:26+00:00,3.1,ML,38.24597,38.46766,8,3.0,38_38_2025
683106,2025-09-30 13:30:48+00:00,2.0,ML,39.53492,25.92308,5,2.0,39_25_2025
683113,2025-09-30 15:01:55+00:00,3.2,ML,37.95222,38.07369,8,3.2,37_38_2025
683124,2025-09-30 16:47:27+00:00,2.6,ML,39.22676,29.01859,6,2.6,39_29_2025
683212,2025-10-01 01:02:05+00:00,2.4,ML,38.73448,25.6182,3,2.4,38_25_2025
683214,2025-10-01 01:23:37+00:00,2.5,ML,38.67872,39.98253,8,2.4,38_39_2025
683255,2025-10-01 05:33:38+00:00,2.9,ML,39.24232,28.05669,9,2.8,39_28_2025
683256,2025-10-01 05:37:17+00:00,2.5,ML,38.06193,37.44733,3,2.4,38_37_2025
683277,2025-10-01 07:03:18+00:00,2.2,ML,36.93338,27.79547,3,2.2,36_27_2025
683307,2025-10-01 09:24:16+00:00,3.5,MW,41.04241,33.71911,15,3.4,41_33_2025
683318,2025-10-01 09:37:35+00:00,2.4,ML,36.90757,27.8157,4,2.4,36_27_2025
683373,2025-10-01 13:46:01+00:00,2.9,ML,39.82056,34.08444,10,2.8,39_34_2025
683389,2025-10-01 16:04:05+00:00,2.6,ML,37.87028,27.58194,4,2.6,37_27_2025
683413,2025-10-01 18:36:07+00:00,2.6,ML,36.30444,36.20694,4,2.6,36_36_2025
683488,2025-10-02 05:06:11+00:00,2.0,ML,39.23917,29.01722,5,2.0,39_29_2025
683549,2025-10-02 11:12:37+00:00,3.6,ML,40.01944,38.7225,15,3.6,40_38_2025
683556,2025-10-02 11:55:03+00:00,5.0,MW,40.81972,27.92639,28,5.0,40_27_2025
683564,2025-10-02 11:58:30+00:00,3.8,ML,40.82167,27.93389,26,3.8,40_27_2025
683558,2025-10-02 12:02:45+00:00,2.2,ML,40.80917,27.95472,3,2.2,40_27_2025
683560,2025-10-02 12:07:33+00:00,2.4,ML,40.80528,27.93278,7,2.4,40_27_2025
683562,2025-10-02 12:11:32+00:00,2.9,ML,40.77,27.89889,18,2.8,40_27_2025
683578,2025-10-02 13:21:55+00:00,2.1,ML,39.22028,36.51944,3,2.0,39_36_2025
683579,2025-10-02 13:21:56+00:00,2.0,ML,39.21528,36.54361,3,2.0,39_36_2025
683581,2025-10-02 13:26:29+00:00,3.1,ML,38.15139,38.61,11,3.0,38_38_2025
683586,2025-10-02 14:05:33+00:00,2.7,ML,40.81889,27.99806,17,2.6,40_27_2025
683589,2025-10-02 14:09:41+00:00,2.0,ML,40.74444,27.93167,7,2.0,40_27_2025
683588,2025-10-02 14:27:14+00:00,4.0,MW,40.80944,27.93861,31,4.0,40_27_2025
683592,2025-10-02 14:39:51+00:00,2.4,ML,40.80417,27.94833,13,2.4,40_27_2025
683595,2025-10-02 15:59:14+00:00,3.0,ML,40.02861,38.74111,11,3.0,40_38_2025
683602,2025-10-02 16:55:40+00:00,2.0,ML,40.84083,27.98194,4,2.0,40_27_2025
683599,2025-10-02 17:32:00+00:00,2.2,ML,40.81833,27.98583,8,2.2,40_27_2025
683645,2025-10-02 23:36:28+00:00,2.1,ML,40.79222,27.96417,9,2.0,40_27_2025
683642,2025-10-02 23:48:55+00:00,2.7,ML,40.78944,27.93361,22,2.6,40_27_2025
683654,2025-10-03 02:37:26+00:00,2.2,ML,37.64056,35.89611,5,2.2,37_35_2025
683680,2025-10-03 06:55:05+00:00,2.1,ML,39.40306,25.63639,3,2.0,39_25_2025
683717,2025-10-03 14:37:17+00:00,2.5,ML,38.73806,25.67417,3,2.4,38_25_2025
683720,2025-10-03 14:57:55+00:00,2.3,ML,41.1275,28.845,10,2.2,41_28_2025
683726,2025-10-03 15:16:45+00:00,2.4,ML,37.96667,38.09333,5,2.4,37_38_2025
683728,2025-10-03 15:33:26+00:00,2.4,ML,38.77139,37.98917,9,2.4,38_37_2025
683768,2025-10-03 19:44:59+00:00,2.4,ML,37.85556,36.46083,4,2.4,37_36_2025
683800,2025-10-03 22:18:14+00:00,2.0,ML,35.05639,33.70528,3,2.0,35_33_2025
683804,2025-10-03 22:23:32+00:00,3.1,ML,40.80083,27.94833,30,3.0,40_27_2025
683857,2025-10-04 03:49:17+00:00,4.1,MW,39.2525,28.93722,22,4.0,39_28_2025
683862,2025-10-04 04:07:26+00:00,3.1,ML,39.19417,29.42083,12,3.0,39_29_2025
683869,2025-10-04 04:54:07+00:00,2.9,ML,40.80472,27.95028,20,2.8,40_27_2025
683918,2025-10-04 11:50:14+00:00,2.5,ML,40.06667,26.51,13,2.4,40_26_2025
683923,2025-10-04 12:31:58+00:00,2.7,ML,40.41861,27.20028,17,2.6,40_27_2025
683952,2025-10-04 15:52:44+00:00,2.2,ML,38.78944,26.42361,3,2.2,38_26_2025
683965,2025-10-04 17:28:16+00:00,3.1,ML,39.24556,28.955,13,3.0,39_28_2025
683982,2025-10-04 18:59:33+00:00,2.0,ML,41.13667,28.87417,5,2.0,41_28_2025
683985,2025-10-04 19:06:05+00:00,3.0,ML,39.68444,28.75472,22,3.0,39_28_2025
683987,2025-10-04 19:14:25+00:00,3.7,ML,37.48444,26.95333,6,3.6,37_26_2025
684069,2025-10-05 04:10:40+00:00,2.9,ML,38.34056,28.69278,9,2.8,38_28_2025
684070,2025-10-05 04:12:49+00:00,2.1,ML,38.34306,28.70972,5,2.0,38_28_2025
684075,2025-10-05 04:51:27+00:00,2.7,ML,38.72917,25.615,3,2.6,38_25_2025
684081,2025-10-05 05:59:55+00:00,2.5,ML,37.04944,28.25889,5,2.4,37_28_2025
684090,2025-10-05 07:40:39+00:00,3.2,ML,38.77417,37.99278,11,3.2,38_37_2025
684100,2025-10-05 10:43:49+00:00,3.5,ML,40.78944,27.93778,29,3.4,40_27_2025
684112,2025-10-05 12:56:22+00:00,2.7,ML,38.11222,38.31778,6,2.6,38_38_2025
684114,2025-10-05 12:59:34+00:00,2.4,ML,37.82306,36.57639,3,2.4,37_36_2025
684127,2025-10-05 16:44:52+00:00,3.2,ML,38.75583,37.98972,11,3.2,38_37_2025
684170,2025-10-06 00:40:56+00:00,3.3,ML,39.94278,28.795,27,3.2,39_28_2025
684184,2025-10-06 01:59:17+00:00,2.8,ML,37.98472,27.13056,5,2.8,37_27_2025
684212,2025-10-06 07:28:18+00:00,2.8,ML,38.00722,27.15472,3,2.8,38_27_2025
684242,2025-10-06 09:59:14+00:00,3.9,MW,38.19306,38.55917,14,3.8,38_38_2025
684245,2025-10-06 10:07:30+00:00,2.9,ML,38.18444,38.56944,9,2.8,38_38_2025
684254,2025-10-06 11:24:12+00:00,3.4,MW,37.31889,37.03528,9,3.4,37_37_2025
684284,2025-10-06 15:09:51+00:00,2.1,ML,40.03111,38.7675,4,2.0,40_38_2025
684318,2025-10-06 19:42:36+00:00,3.2,ML,38.57389,39.53472,14,3.2,38_39_2025
684329,2025-10-06 20:59:29+00:00,2.2,ML,40.22889,31.76222,6,2.2,40_31_2025
684360,2025-10-07 00:05:47+00:00,2.2,ML,39.48778,38.33472,8,2.2,39_38_2025
684371,2025-10-07 01:32:21+00:00,2.3,ML,37.86778,41.99056,5,2.2,37_41_2025
684380,2025-10-07 03:10:19+00:00,2.5,ML,40.07611,36.00583,6,2.4,40_36_2025
684382,2025-10-07 03:13:47+00:00,2.5,ML,40.06583,36.04167,7,2.4,40_36_2025
684455,2025-10-07 16:18:53+00:00,2.3,ML,40.15917,31.82694,3,2.2,40_31_2025
684479,2025-10-07 20:34:27+00:00,2.9,ML,37.72611,36.51944,7,2.8,37_36_2025
684496,2025-10-08 00:08:59+00:00,3.0,ML,39.23639,29.00694,11,3.0,39_29_2025
684517,2025-10-08 03:00:51+00:00,3.4,ML,38.27389,38.85667,14,3.4,38_38_2025
684524,2025-10-08 03:38:00+00:00,2.1,ML,37.95917,28.83806,7,2.0,37_28_2025
684526,2025-10-08 04:09:08+00:00,3.5,ML,38.27972,38.83417,13,3.4,38_38_2025
684532,2025-10-08 04:29:28+00:00,2.9,ML,38.26722,38.84417,9,2.8,38_38_2025
684547,2025-10-08 06:02:05+00:00,3.3,ML,38.93861,26.25722,10,3.2,38_26_2025
684550,2025-10-08 06:05:51+00:00,2.6,ML,38.93028,26.23583,4,2.6,38_26_2025
684548,2025-10-08 06:20:58+00:00,2.8,ML,38.92778,26.23361,3,2.8,38_26_2025
684551,2025-10-08 07:17:08+00:00,3.5,ML,39.18389,28.19306,14,3.4,39_28_2025
684616,2025-10-08 19:02:27+00:00,2.5,ML,38.83833,43.60083,4,2.4,38_43_2025
684653,2025-10-08 23:54:05+00:00,4.9,MW,39.23917,29.0175,24,4.8,39_29_2025
684654,2025-10-08 23:58:29+00:00,2.8,ML,39.24167,29.02278,7,2.8,39_29_2025
684656,2025-10-09 00:07:35+00:00,3.1,ML,39.23778,29.01583,12,3.0,39_29_2025
684657,2025-10-09 00:09:04+00:00,2.2,ML,39.23806,29.02222,6,2.2,39_29_2025
684659,2025-10-09 00:14:30+00:00,2.5,ML,39.24167,29.02417,6,2.4,39_29_2025
684684,2025-10-09 02:19:09+00:00,3.1,ML,39.24222,29.00056,18,3.0,39_29_2025
684685,2025-10-09 02:20:38+00:00,2.4,ML,39.23028,29.00167,6,2.4,39_29_2025
684737,2025-10-09 07:29:52+00:00,3.5,ML,39.25278,29.00583,13,3.4,39_29_2025
684768,2025-10-09 10:33:11+00:00,3.6,MW,40.82278,28.27222,31,3.6,40_28_2025
684784,2025-10-09 11:06:00+00:00,2.3,ML,38.02056,27.27722,5,2.2,38_27_2025
684797,2025-10-09 13:05:06+00:00,2.2,ML,39.25806,29.00333,5,2.2,39_29_2025
684804,2025-10-09 13:20:45+00:00,2.0,ML,39.25722,29.01472,5,2.0,39_29_2025
684815,2025-10-09 14:16:54+00:00,2.0,ML,40.78806,27.90806,10,2.0,40_27_2025
684850,2025-10-09 19:25:26+00:00,3.1,ML,37.60583,43.52167,3,3.0,37_43_2025
684861,2025-10-09 20:24:17+00:00,2.0,ML,37.17417,36.94389,4,2.0,37_36_2025
684891,2025-10-10 00:25:59+00:00,2.6,ML,39.84167,29.27194,12,2.6,39_29_2025
684910,2025-10-10 02:26:44+00:00,2.7,ML,39.25639,28.93389,4,2.6,39_28_2025
684911,2025-10-10 02:52:30+00:00,2.8,ML,38.24,27.29667,5,2.8,38_27_2025
684920,2025-10-10 04:19:58+00:00,2.6,ML,38.65806,43.81306,3,2.6,38_43_2025
684931,2025-10-10 05:37:52+00:00,2.7,ML,38.68944,42.95556,3,2.6,38_42_2025
684978,2025-10-10 11:08:59+00:00,3.5,MW,38.13694,38.58083,9,3.4,38_38_2025
684980,2025-10-10 11:27:51+00:00,2.7,ML,38.14417,38.59083,7,2.6,38_38_2025
685002,2025-10-10 15:20:42+00:00,3.3,ML,37.24306,38.905,7,3.2,37_38_2025
685013,2025-10-10 15:42:40+00:00,2.0,ML,40.05972,36.05167,3,2.0,40_36_2025
685021,2025-10-10 17:47:45+00:00,2.6,ML,37.40222,37.10583,8,2.6,37_37_2025
685028,2025-10-10 19:06:21+00:00,2.1,ML,39.6525,26.09167,6,2.0,39_26_2025
685061,2025-10-11 01:26:05+00:00,2.0,ML,40.20167,31.77139,5,2.0,40_31_2025
685092,2025-10-11 06:02:52+00:00,2.6,ML,36.88889,28.13,5,2.6,36_28_2025
685101,2025-10-11 07:52:26+00:00,3.0,ML,36.37361,34.36028,8,3.0,36_34_2025
685124,2025-10-11 11:18:36+00:00,2.3,ML,40.03222,39.77167,3,2.2,40_39_2025
685152,2025-10-11 16:48:22+00:00,2.9,ML,37.97944,37.76139,8,2.8,37_37_2025
685190,2025-10-11 22:41:03+00:00,2.4,ML,40.83806,28.28639,20,2.4,40_28_2025
685197,2025-10-11 23:24:03+00:00,3.1,ML,36.465,36.42778,6,3.0,36_36_2025
685221,2025-10-12 01:24:08+00:00,3.1,ML,38.54972,38.00167,14,3.0,38_38_2025
685238,2025-10-12 03:40:58+00:00,4.1,ML,37.09194,28.58472,9,4.0,37_28_2025
685250,2025-10-12 04:23:10+00:00,2.2,ML,38.10528,38.495,6,2.2,38_38_2025
685265,2025-10-12 07:05:24+00:00,2.5,ML,37.15556,30.52139,3,2.4,37_30_2025
685296,2025-10-12 12:48:48+00:00,2.0,ML,37.74194,29.13306,6,2.0,37_29_2025
685362,2025-10-12 20:30:54+00:00,2.5,ML,38.30667,37.74056,5,2.4,38_37_2025
685340,2025-10-12 21:06:36+00:00,2.8,ML,39.76,39.00167,5,2.8,39_39_2025
685377,2025-10-13 03:43:28+00:00,3.0,ML,39.25111,28.92917,18,3.0,39_28_2025
685403,2025-10-13 08:39:15+00:00,2.0,ML,40.85194,31.61222,7,2.0,40_31_2025
685452,2025-10-13 20:24:29+00:00,3.5,ML,39.3075,25.86,12,3.4,39_25_2025
685517,2025-10-14 04:57:13+00:00,2.4,ML,39.30583,25.89111,7,2.4,39_25_2025
685557,2025-10-14 11:11:03+00:00,2.9,ML,38.96778,42.48,7,2.8,38_42_2025
685576,2025-10-14 14:32:15+00:00,2.3,ML,39.37194,26.13222,6,2.2,39_26_2025
685600,2025-10-14 17:33:36+00:00,4.0,MW,39.21556,28.07833,17,4.0,39_28_2025
685613,2025-10-14 19:01:47+00:00,2.3,ML,36.43583,31.56556,3,2.2,36_31_2025
685635,2025-10-14 21:30:02+00:00,2.6,ML,38.725,42.6525,7,2.6,38_42_2025
685678,2025-10-15 02:02:27+00:00,3.1,ML,35.92361,28.10944,4,3.0,35_28_2025
685685,2025-10-15 03:21:28+00:00,2.0,ML,39.22472,28.1775,7,2.0,39_28_2025
685772,2025-10-15 19:48:01+00:00,2.0,ML,38.41833,40.735,5,2.0,38_40_2025
685774,2025-10-15 20:56:42+00:00,2.8,ML,38.04306,37.65806,11,2.8,38_37_2025
685784,2025-10-15 22:27:20+00:00,2.0,ML,37.88806,27.18333,3,2.0,37_27_2025
685806,2025-10-15 23:45:39+00:00,2.9,ML,38.04639,37.66667,11,2.8,38_37_2025
685787,2025-10-16 01:57:14+00:00,2.0,ML,37.8225,29.29028,7,2.0,37_29_2025
685807,2025-10-16 05:01:24+00:00,3.2,ML,37.10667,28.61056,8,3.2,37_28_2025
685878,2025-10-16 14:36:23+00:00,2.6,ML,37.73889,36.09111,5,2.6,37_36_2025
685881,2025-10-16 15:47:50+00:00,3.1,ML,37.10806,28.60389,9,3.0,37_28_2025
685882,2025-10-16 16:14:13+00:00,3.4,ML,38.62417,43.13333,11,3.4,38_43_2025
685891,2025-10-16 16:33:23+00:00,2.3,ML,38.62417,43.12111,4,2.2,38_43_2025
685963,2025-10-17 03:23:48+00:00,2.3,ML,38.74361,42.59583,7,2.2,38_42_2025
685975,2025-10-17 04:56:40+00:00,2.6,ML,40.5675,35.145,6,2.6,40_35_2025
686040,2025-10-17 16:34:46+00:00,3.3,ML,39.33361,25.89611,13,3.2,39_25_2025
686045,2025-10-17 16:40:23+00:00,2.1,ML,38.78139,43.65778,3,2.0,38_43_2025
686090,2025-10-18 00:27:12+00:00,2.1,ML,40.86333,29.31972,16,2.0,40_29_2025
686119,2025-10-18 03:59:50+00:00,3.1,ML,38.6725,43.35389,9,3.0,38_43_2025
686118,2025-10-18 04:08:49+00:00,2.4,ML,40.7575,33.97083,4,2.4,40_33_2025
686138,2025-10-18 09:42:56+00:00,2.9,ML,39.23139,28.96833,6,2.8,39_28_2025
686152,2025-10-18 12:59:28+00:00,2.0,ML,37.73778,30.58444,3,2.0,37_30_2025
686159,2025-10-18 15:43:08+00:00,2.5,ML,36.95222,27.32306,3,2.4,36_27_2025
686223,2025-10-19 01:53:59+00:00,2.9,ML,37.75361,35.73889,8,2.8,37_35_2025
686224,2025-10-19 01:55:24+00:00,3.2,ML,38.58833,43.15333,11,3.2,38_43_2025
686283,2025-10-19 11:39:10+00:00,4.1,MW,37.73444,36.09,12,4.0,37_36_2025
686312,2025-10-19 17:37:16+00:00,3.1,ML,38.12056,38.56806,16,3.0,38_38_2025
686354,2025-10-19 22:47:48+00:00,3.4,ML,38.76778,37.9675,15,3.4,38_37_2025
686380,2025-10-20 01:33:33+00:00,2.2,ML,37.96028,36.23972,6,2.2,37_36_2025
686410,2025-10-20 06:33:49+00:00,2.8,ML,37.74194,36.08889,5,2.8,37_36_2025
686426,2025-10-20 08:21:27+00:00,2.4,ML,40.18444,31.82028,5,2.4,40_31_2025
686428,2025-10-20 09:02:06+00:00,2.7,ML,40.17306,31.80639,5,2.6,40_31_2025
686450,2025-10-20 11:26:56+00:00,2.1,ML,38.87639,29.21444,4,2.0,38_29_2025
686473,2025-10-20 16:24:12+00:00,3.1,ML,35.62,28.17528,3,3.0,35_28_2025
686485,2025-10-20 18:17:53+00:00,3.0,ML,37.76028,37.71056,8,3.0,37_37_2025
686532,2025-10-21 02:05:59+00:00,3.9,ML,37.28778,36.99167,10,3.8,37_36_2025
686547,2025-10-21 02:11:03+00:00,2.5,ML,37.30639,37.02056,8,2.4,37_37_2025
686555,2025-10-21 05:41:58+00:00,2.6,ML,40.78944,27.91917,23,2.6,40_27_2025
686613,2025-10-21 16:45:51+00:00,2.4,ML,39.10306,40.32111,5,2.4,39_40_2025
686615,2025-10-21 18:23:29+00:00,2.1,ML,40.80944,32.11083,4,2.0,40_32_2025
686640,2025-10-22 00:54:09+00:00,3.5,ML,38.86306,38.12306,16,3.4,38_38_2025
686641,2025-10-22 01:03:26+00:00,2.5,ML,38.11833,27.36194,6,2.4,38_27_2025
686662,2025-10-22 02:14:59+00:00,2.9,ML,38.87194,38.11472,10,2.8,38_38_2025
686665,2025-10-22 02:45:24+00:00,4.5,MW,36.61306,28.51778,10,4.4,36_28_2025
686696,2025-10-22 07:42:38+00:00,2.0,ML,40.72417,35.19028,5,2.0,40_35_2025
686707,2025-10-22 10:59:08+00:00,2.6,ML,40.73944,27.37833,26,2.6,40_27_2025
686713,2025-10-22 12:01:19+00:00,3.0,ML,35.98083,28.94972,4,3.0,35_28_2025
686742,2025-10-22 17:43:38+00:00,3.5,ML,39.23417,27.99722,27,3.4,39_27_2025
686753,2025-10-22 19:18:00+00:00,2.7,ML,39.39028,27.89778,14,2.6,39_27_2025
686755,2025-10-22 19:54:03+00:00,2.6,ML,36.97361,27.70528,3,2.6,36_27_2025
686804,2025-10-23 02:43:21+00:00,2.7,ML,36.34722,34.02389,4,2.6,36_34_2025
686847,2025-10-23 13:48:42+00:00,2.2,ML,38.12278,36.59361,3,2.2,38_36_2025
686873,2025-10-23 19:08:34+00:00,4.0,MW,37.39222,36.8875,12,4.0,37_36_2025
686886,2025-10-23 20:55:49+00:00,2.3,ML,38.41306,38.94639,7,2.2,38_38_2025
686890,2025-10-23 21:41:10+00:00,2.3,ML,39.33583,40.84528,4,2.2,39_40_2025
686908,2025-10-23 23:32:02+00:00,2.8,ML,39.23833,28.11222,10,2.8,39_28_2025
686924,2025-10-24 02:04:54+00:00,3.8,ML,38.13806,38.55528,13,3.8,38_38_2025
686929,2025-10-24 03:07:20+00:00,3.5,ML,39.80917,41.07194,8,3.4,39_41_2025
686968,2025-10-24 08:15:05+00:00,2.6,ML,37.94694,28.81944,9,2.6,37_28_2025
686979,2025-10-24 10:05:00+00:00,2.2,ML,36.45,30.04417,5,2.2,36_30_2025
686984,2025-10-24 10:42:00+00:00,2.8,ML,37.85139,27.00583,4,2.8,37_27_2025
686995,2025-10-24 12:31:29+00:00,2.5,ML,38.6375,26.72306,3,2.4,38_26_2025
687013,2025-10-24 15:23:33+00:00,2.9,ML,39.24778,28.09667,8,2.8,39_28_2025
687035,2025-10-24 20:42:00+00:00,2.8,ML,38.05028,37.73472,12,2.8,38_37_2025
687071,2025-10-25 00:27:35+00:00,2.4,ML,34.96861,33.39944,5,2.4,34_33_2025
687130,2025-10-25 11:48:41+00:00,2.5,ML,38.12306,40.06278,3,2.4,38_40_2025
687146,2025-10-25 16:33:44+00:00,2.3,ML,35.23611,33.87583,5,2.2,35_33_2025
687147,2025-10-25 16:56:50+00:00,2.3,ML,40.89028,28.50056,18,2.2,40_28_2025
687154,2025-10-25 18:48:59+00:00,2.2,ML,40.15306,31.79,4,2.2,40_31_2025
687174,2025-10-26 01:41:12+00:00,2.6,ML,38.06889,36.62278,7,2.6,38_36_2025
687208,2025-10-26 05:18:28+00:00,3.0,ML,37.33528,35.31917,10,3.0,37_35_2025
687234,2025-10-26 10:18:33+00:00,2.3,ML,40.76167,27.38667,19,2.2,40_27_2025
687238,2025-10-26 11:07:04+00:00,2.2,ML,38.00444,37.52333,3,2.2,38_37_2025
687239,2025-10-26 11:49:34+00:00,4.0,MW,38.55083,40.3825,13,4.0,38_40_2025
687253,2025-10-26 16:44:51+00:00,3.7,ML,41.45944,28.68306,28,3.6,41_28_2025
687256,2025-10-26 17:08:32+00:00,2.2,ML,38.77028,43.51,3,2.2,38_43_2025
687301,2025-10-27 01:18:43+00:00,2.1,ML,39.72306,38.90611,6,2.0,39_38_2025
687329,2025-10-27 06:36:41+00:00,3.8,MW,36.38361,34.02278,4,3.8,36_34_2025
687334,2025-10-27 07:12:26+00:00,4.0,MW,39.48833,25.91083,13,4.0,39_25_2025
687335,2025-10-27 07:14:51+00:00,2.8,ML,39.49528,25.91806,6,2.8,39_25_2025
687336,2025-10-27 07:17:07+00:00,3.7,MW,39.47,25.91,17,3.6,39_25_2025
687337,2025-10-27 07:38:23+00:00,3.4,MW,39.50028,25.9275,13,3.4,39_25_2025
687357,2025-10-27 12:41:37+00:00,2.7,ML,38.10361,36.50944,3,2.6,38_36_2025
687360,2025-10-27 13:46:05+00:00,2.3,ML,40.68917,29.26806,9,2.2,40_29_2025
687364,2025-10-27 15:13:59+00:00,2.8,ML,39.20611,28.16972,8,2.8,39_28_2025
687369,2025-10-27 15:50:05+00:00,2.2,ML,39.24194,29.01306,4,2.2,39_29_2025
687395,2025-10-27 19:48:29+00:00,6.1,MW,39.19694,28.20056,12,6.0,39_28_2025
687404,2025-10-27 19:58:11+00:00,3.0,ML,39.16722,28.28694,3,3.0,39_28_2025
687403,2025-10-27 19:59:57+00:00,3.4,ML,39.16861,28.25611,23,3.4,39_28_2025
687402,2025-10-27 20:02:07+00:00,3.1,ML,39.17194,28.13028,13,3.0,39_28_2025
687400,2025-10-27 20:03:08+00:00,3.5,ML,39.16639,28.23667,18,3.4,39_28_2025
687406,2025-10-27 20:10:40+00:00,3.4,ML,39.15417,28.2375,12,3.4,39_28_2025
687417,2025-10-27 20:29:12+00:00,3.9,MW,39.18028,28.25722,24,3.8,39_28_2025
687425,2025-10-27 20:36:08+00:00,3.0,ML,39.20861,28.20083,15,3.0,39_28_2025
687461,2025-10-27 21:57:32+00:00,2.9,ML,39.18778,28.2125,6,2.8,39_28_2025
687459,2025-10-27 22:00:39+00:00,2.9,ML,39.15306,28.15167,8,2.8,39_28_2025
687460,2025-10-27 22:08:26+00:00,2.8,ML,39.18694,28.12694,7,2.8,39_28_2025
687478,2025-10-27 22:55:53+00:00,4.0,MW,39.20806,28.13917,24,4.0,39_28_2025
687480,2025-10-27 22:59:11+00:00,3.2,ML,39.18528,28.14611,19,3.2,39_28_2025
687489,2025-10-27 23:02:21+00:00,2.7,ML,39.11444,28.32083,5,2.6,39_28_2025
687501,2025-10-27 23:39:28+00:00,2.9,ML,39.22306,28.18806,7,2.8,39_28_2025
687533,2025-10-28 00:38:44+00:00,3.1,ML,39.14083,28.29528,20,3.0,39_28_2025
687561,2025-10-28 01:13:12+00:00,3.1,ML,39.18111,28.26,10,3.0,39_28_2025
687550,2025-10-28 01:17:45+00:00,2.9,ML,39.17139,28.25333,8,2.8,39_28_2025
687572,2025-10-28 01:54:23+00:00,2.8,ML,39.19083,28.25528,7,2.8,39_28_2025
687584,2025-10-28 02:19:35+00:00,3.2,ML,39.16361,28.14472,20,3.2,39_28_2025
687590,2025-10-28 02:27:11+00:00,2.9,ML,39.22944,28.19139,8,2.8,39_28_2025
687581,2025-10-28 02:36:30+00:00,4.0,MW,39.1875,28.20694,18,4.0,39_28_2025
687600,2025-10-28 02:52:07+00:00,2.8,ML,39.19889,28.16472,6,2.8,39_28_2025
687627,2025-10-28 03:52:54+00:00,2.8,ML,39.22111,28.1025,8,2.8,39_28_2025
687664,2025-10-28 04:38:40+00:00,2.9,ML,39.16694,28.18417,8,2.8,39_28_2025
687658,2025-10-28 04:44:59+00:00,2.1,ML,37.67222,35.98611,3,2.0,37_35_2025
687649,2025-10-28 04:50:27+00:00,3.0,ML,39.18778,28.14528,19,3.0,39_28_2025
687651,2025-10-28 04:51:04+00:00,3.7,MW,39.19222,28.13389,14,3.6,39_28_2025
687677,2025-10-28 05:27:35+00:00,2.9,ML,39.18056,28.24639,7,2.8,39_28_2025
687688,2025-10-28 05:57:32+00:00,2.4,ML,39.22278,29.02639,6,2.4,39_29_2025
687696,2025-10-28 06:21:33+00:00,2.7,ML,39.18417,28.19806,8,2.6,39_28_2025
687705,2025-10-28 06:29:07+00:00,2.9,ML,39.25028,28.10694,9,2.8,39_28_2025
687706,2025-10-28 07:10:00+00:00,4.6,MW,39.1775,28.26639,27,4.6,39_28_2025
687722,2025-10-28 07:54:13+00:00,4.8,MW,39.20444,28.28028,25,4.8,39_28_2025
687749,2025-10-28 08:26:54+00:00,3.3,ML,39.16333,28.27139,13,3.2,39_28_2025
687765,2025-10-28 08:59:54+00:00,3.3,ML,39.2,28.23333,20,3.2,39_28_2025
687783,2025-10-28 09:18:52+00:00,2.6,ML,37.725,36.06694,3,2.6,37_36_2025
687785,2025-10-28 09:48:23+00:00,3.1,ML,39.20444,28.26417,17,3.0,39_28_2025
687801,2025-10-28 10:53:19+00:00,3.9,ML,37.72806,36.105,10,3.8,37_36_2025
687812,2025-10-28 11:18:08+00:00,3.6,ML,39.20306,28.23278,20,3.6,39_28_2025
687820,2025-10-28 11:49:25+00:00,4.0,MW,39.16056,28.23472,22,4.0,39_28_2025
687827,2025-10-28 12:27:25+00:00,3.7,ML,39.21083,28.16667,20,3.6,39_28_2025
687832,2025-10-28 12:45:05+00:00,3.0,ML,39.18528,28.16861,15,3.0,39_28_2025
687851,2025-10-28 13:35:30+00:00,2.7,ML,39.25528,28.18167,10,2.6,39_28_2025
687880,2025-10-28 15:01:13+00:00,3.5,ML,39.17083,28.28917,18,3.4,39_28_2025
687908,2025-10-28 16:53:05+00:00,3.9,ML,39.20694,28.14083,24,3.8,39_28_2025
687943,2025-10-28 17:38:50+00:00,2.9,ML,39.20944,28.19,10,2.8,39_28_2025
687956,2025-10-28 18:03:32+00:00,2.1,ML,37.52389,38.90139,5,2.0,37_38_2025
687967,2025-10-28 19:26:45+00:00,2.5,ML,39.22556,28.15472,9,2.4,39_28_2025
687991,2025-10-28 20:49:20+00:00,3.2,ML,39.20111,28.20111,22,3.2,39_28_2025
688008,2025-10-28 21:50:21+00:00,2.6,ML,40.86833,28.33806,21,2.6,40_28_2025
688029,2025-10-28 23:18:09+00:00,3.1,ML,39.18111,28.25083,21,3.0,39_28_2025
688050,2025-10-29 00:25:40+00:00,3.0,ML,39.1675,28.23528,21,3.0,39_28_2025
688064,2025-10-29 00:55:11+00:00,2.9,ML,39.19889,28.27111,9,2.8,39_28_2025
688085,2025-10-29 02:48:46+00:00,2.8,ML,39.19806,28.17472,9,2.8,39_28_2025
688086,2025-10-29 02:49:09+00:00,3.1,ML,38.65056,39.51778,13,3.0,38_39_2025
688088,2025-10-29 02:53:04+00:00,2.6,ML,39.195,28.16056,8,2.6,39_28_2025
688134,2025-10-29 06:38:46+00:00,3.9,MW,37.24917,27.02667,7,3.8,37_27_2025
688176,2025-10-29 08:22:08+00:00,3.1,ML,39.2,28.17972,19,3.0,39_28_2025
688187,2025-10-29 08:41:14+00:00,3.3,ML,39.17167,28.25028,22,3.2,39_28_2025
688222,2025-10-29 10:24:50+00:00,2.4,ML,37.65944,35.83694,6,2.4,37_35_2025
688230,2025-10-29 10:39:02+00:00,3.0,ML,39.18528,28.16083,7,3.0,39_28_2025
688248,2025-10-29 11:28:35+00:00,3.5,ML,39.15778,28.2775,25,3.4,39_28_2025
688325,2025-10-29 15:10:59+00:00,3.7,MW,39.16972,28.2525,24,3.6,39_28_2025
688330,2025-10-29 15:33:52+00:00,3.3,ML,37.72722,36.09361,8,3.2,37_36_2025
688344,2025-10-29 16:09:49+00:00,2.0,ML,37.33528,35.28472,3,2.0,37_35_2025
688380,2025-10-29 18:10:33+00:00,2.3,ML,37.10306,28.61194,6,2.2,37_28_2025
688388,2025-10-29 18:34:09+00:00,2.9,ML,39.17972,28.26056,8,2.8,39_28_2025
688393,2025-10-29 18:36:51+00:00,2.1,ML,37.28389,37.01528,4,2.0,37_37_2025
688434,2025-10-29 21:25:16+00:00,3.2,ML,39.17611,28.27222,21,3.2,39_28_2025
688435,2025-10-29 21:37:02+00:00,3.6,ML,39.16694,28.25333,27,3.6,39_28_2025
688439,2025-10-29 21:43:24+00:00,3.1,ML,39.19,28.16722,22,3.0,39_28_2025
688558,2025-10-30 00:30:22+00:00,2.4,ML,37.08944,28.61833,8,2.4,37_28_2025
688556,2025-10-30 00:34:26+00:00,2.5,ML,36.93333,28.74722,9,2.4,36_28_2025
688588,2025-10-30 01:23:13+00:00,2.4,ML,38.60889,43.17361,3,2.4,38_43_2025
688589,2025-10-30 05:28:39+00:00,3.5,ML,39.17917,28.26944,25,3.4,39_28_2025
688633,2025-10-30 07:42:48+00:00,2.2,ML,39.22139,28.18139,5,2.2,39_28_2025
688671,2025-10-30 09:03:34+00:00,3.0,ML,39.19306,28.25028,18,3.0,39_28_2025
688816,2025-10-30 17:51:17+00:00,3.0,ML,39.06583,29.48861,12,3.0,39_29_2025
688852,2025-10-30 20:01:42+00:00,2.8,ML,39.19167,27.95694,8,2.8,39_27_2025
688919,2025-10-30 23:40:55+00:00,2.8,ML,39.21833,28.12944,5,2.8,39_28_2025
688955,2025-10-31 02:30:32+00:00,2.8,ML,39.1275,28.16222,10,2.8,39_28_2025
688960,2025-10-31 02:54:27+00:00,3.8,ML,39.1775,28.26083,28,3.8,39_28_2025
688991,2025-10-31 04:10:17+00:00,2.1,ML,39.25889,27.79861,8,2.0,39_27_2025
689036,2025-10-31 07:29:37+00:00,2.2,ML,40.85111,28.37667,16,2.2,40_28_2025
689065,2025-10-31 09:07:59+00:00,2.9,ML,39.18528,28.24361,9,2.8,39_28_2025
689093,2025-10-31 10:30:02+00:00,3.1,ML,39.24194,28.16417,20,3.0,39_28_2025
689179,2025-10-31 14:22:49+00:00,2.6,ML,38.30722,37.30833,8,2.6,38_37_2025
689187,2025-10-31 15:35:02+00:00,3.3,ML,39.19083,28.23556,18,3.2,39_28_2025
689262,2025-10-31 20:28:47+00:00,3.0,ML,39.14444,28.21472,21,3.0,39_28_2025
689266,2025-10-31 21:11:52+00:00,3.4,ML,38.20917,28.87722,15,3.4,38_28_2025
689327,2025-11-01 00:59:38+00:00,2.1,ML,38.21778,28.90194,6,2.0,38_28_2025
689343,2025-11-01 02:09:47+00:00,2.7,ML,37.54139,26.83861,4,2.6,37_26_2025
689370,2025-11-01 04:58:42+00:00,4.2,MW,39.19667,28.25778,29,4.2,39_28_2025
689377,2025-11-01 05:25:46+00:00,2.6,ML,39.19694,28.23833,8,2.6,39_28_2025
689411,2025-11-01 07:10:01+00:00,2.1,ML,39.19389,28.17667,7,2.0,39_28_2025
689446,2025-11-01 09:54:00+00:00,3.0,ML,36.52917,27.2175,3,3.0,36_27_2025
689475,2025-11-01 11:09:34+00:00,2.6,ML,37.15111,28.60306,9,2.6,37_28_2025
689492,2025-11-01 12:08:52+00:00,3.4,ML,38.28694,38.79944,11,3.4,38_38_2025
689505,2025-11-01 12:49:18+00:00,3.4,ML,39.2025,28.17167,20,3.4,39_28_2025
689511,2025-11-01 13:15:12+00:00,3.0,ML,38.14583,37.42111,12,3.0,38_37_2025
689548,2025-11-01 15:51:09+00:00,3.2,ML,37.74167,36.09833,12,3.2,37_36_2025
689558,2025-11-01 16:58:03+00:00,3.0,ML,38.13389,38.575,15,3.0,38_38_2025
689576,2025-11-01 18:01:21+00:00,2.7,ML,39.15861,28.25028,9,2.6,39_28_2025
689587,2025-11-01 18:56:37+00:00,2.5,ML,40.17361,31.79083,8,2.4,40_31_2025
689626,2025-11-01 23:02:35+00:00,2.2,ML,38.95472,32.95111,11,2.2,38_32_2025
689662,2025-11-02 01:38:22+00:00,2.9,ML,39.20833,28.09083,11,2.8,39_28_2025
689724,2025-11-02 06:57:10+00:00,2.9,ML,39.24917,29.0025,6,2.8,39_29_2025
689733,2025-11-02 07:43:42+00:00,2.3,ML,38.10333,37.5025,6,2.2,38_37_2025
689737,2025-11-02 08:10:56+00:00,2.6,ML,39.65083,27.11694,18,2.6,39_27_2025
689750,2025-11-02 09:09:49+00:00,3.0,ML,39.17333,28.15944,22,3.0,39_28_2025
689788,2025-11-02 12:41:09+00:00,4.3,MW,39.15944,28.24389,27,4.2,39_28_2025
689807,2025-11-02 14:41:46+00:00,3.3,ML,39.20417,28.26139,23,3.2,39_28_2025
689810,2025-11-02 14:58:32+00:00,3.8,ML,39.19028,28.30194,26,3.8,39_28_2025
689817,2025-11-02 15:49:30+00:00,4.2,MW,41.15556,43.88778,3,4.2,41_43_2025
689819,2025-11-02 15:54:16+00:00,3.2,ML,39.185,28.29444,24,3.2,39_28_2025
689904,2025-11-02 21:18:34+00:00,2.3,ML,40.45556,33.00444,8,2.2,40_33_2025
689906,2025-11-02 21:26:10+00:00,2.9,ML,39.17028,28.25278,9,2.8,39_28_2025
689995,2025-11-03 02:21:21+00:00,2.9,ML,39.18444,28.15306,9,2.8,39_28_2025
690052,2025-11-03 05:38:40+00:00,3.5,ML,40.55333,33.87556,15,3.4,40_33_2025
690055,2025-11-03 05:54:40+00:00,2.8,ML,39.22917,28.13444,4,2.8,39_28_2025
690086,2025-11-03 10:13:21+00:00,2.9,ML,38.67833,43.82667,3,2.8,38_43_2025
690104,2025-11-03 11:11:45+00:00,2.7,ML,40.00667,39.79389,4,2.6,40_39_2025
690121,2025-11-03 12:44:32+00:00,2.9,ML,39.18583,28.36083,8,2.8,39_28_2025
690122,2025-11-03 12:49:11+00:00,2.8,ML,39.15556,28.30833,8,2.8,39_28_2025
690174,2025-11-03 16:17:22+00:00,2.0,ML,37.9075,36.68556,3,2.0,37_36_2025
690181,2025-11-03 16:50:10+00:00,2.3,ML,38.97667,41.54083,5,2.2,38_41_2025
690226,2025-11-03 20:23:35+00:00,4.3,MW,39.22722,28.17306,28,4.2,39_28_2025
690258,2025-11-03 21:35:06+00:00,2.4,ML,39.43222,39.13472,7,2.4,39_39_2025
690353,2025-11-04 03:53:32+00:00,2.5,ML,36.40778,33.9925,6,2.4,36_33_2025
690380,2025-11-04 05:31:22+00:00,3.0,ML,37.18111,30.60472,14,3.0,37_30_2025
690383,2025-11-04 05:56:28+00:00,2.5,ML,38.96778,41.58,4,2.4,38_41_2025
690429,2025-11-04 09:01:35+00:00,2.3,ML,39.23694,29.03889,4,2.2,39_29_2025
690455,2025-11-04 10:45:24+00:00,2.5,ML,38.09278,41.56889,3,2.4,38_41_2025
690534,2025-11-04 16:06:35+00:00,3.4,ML,39.19889,28.20861,22,3.4,39_28_2025
690560,2025-11-04 17:30:07+00:00,2.2,ML,39.74806,39.83861,4,2.2,39_39_2025
690575,2025-11-04 18:15:57+00:00,2.0,ML,39.26083,28.12222,5,2.0,39_28_2025
690608,2025-11-04 19:30:55+00:00,2.2,ML,37.96833,38.2225,7,2.2,37_38_2025
690598,2025-11-04 19:33:15+00:00,3.2,ML,37.89333,26.87083,6,3.2,37_26_2025
690614,2025-11-04 20:20:28+00:00,2.4,ML,41.07306,39.75694,3,2.4,41_39_2025
690626,2025-11-04 20:59:21+00:00,2.2,ML,38.14861,36.67972,3,2.2,38_36_2025
690656,2025-11-04 22:35:17+00:00,2.9,ML,39.22444,29.00111,7,2.8,39_29_2025
690767,2025-11-05 06:09:54+00:00,2.1,ML,39.17667,28.25111,6,2.0,39_28_2025
690814,2025-11-05 13:17:15+00:00,2.8,ML,38.4725,39.22389,8,2.8,38_39_2025
690862,2025-11-05 17:01:47+00:00,2.3,ML,38.95667,41.55083,3,2.2,38_41_2025
690993,2025-11-06 03:36:21+00:00,2.3,ML,38.85361,26.76722,6,2.2,38_26_2025
691019,2025-11-06 07:39:12+00:00,3.8,ML,39.21333,28.18778,20,3.8,39_28_2025
691045,2025-11-06 10:25:06+00:00,2.2,ML,38.88611,28.35472,5,2.2,38_28_2025
691119,2025-11-06 17:26:17+00:00,2.8,ML,39.19778,28.31694,11,2.8,39_28_2025
691145,2025-11-06 19:44:22+00:00,2.0,ML,37.41139,38.70722,4,2.0,37_38_2025
691230,2025-11-07 03:32:27+00:00,2.8,ML,38.87306,28.32944,7,2.8,38_28_2025
691234,2025-11-07 04:05:01+00:00,2.0,ML,38.90056,28.32056,6,2.0,38_28_2025
691253,2025-11-07 06:58:32+00:00,2.6,ML,38.90139,28.31083,7,2.6,38_28_2025
691289,2025-11-07 08:51:52+00:00,2.0,ML,40.06194,35.97,3,2.0,40_35_2025
691288,2025-11-07 08:57:35+00:00,2.7,ML,40.02056,38.64083,7,2.6,40_38_2025
691300,2025-11-07 09:06:12+00:00,2.3,ML,39.4475,37.32972,3,2.2,39_37_2025
691310,2025-11-07 09:42:07+00:00,2.3,ML,40.25222,29.23806,14,2.2,40_29_2025
691311,2025-11-07 09:52:39+00:00,2.0,ML,40.02556,38.65361,3,2.0,40_38_2025
691320,2025-11-07 10:12:37+00:00,3.1,ML,38.90806,28.30556,18,3.0,38_28_2025
691325,2025-11-07 10:29:41+00:00,3.2,ML,39.20417,28.14139,17,3.2,39_28_2025
691342,2025-11-07 11:16:02+00:00,2.2,ML,38.92444,28.33778,6,2.2,38_28_2025
691368,2025-11-07 12:25:45+00:00,2.7,ML,38.87167,28.34111,7,2.6,38_28_2025
691353,2025-11-07 12:35:03+00:00,3.9,MW,36.2075,36.11139,6,3.8,36_36_2025
691359,2025-11-07 12:35:36+00:00,2.4,ML,38.89528,28.31778,4,2.4,38_28_2025
691379,2025-11-07 12:55:24+00:00,2.2,ML,38.93861,41.05278,3,2.2,38_41_2025
691381,2025-11-07 13:28:58+00:00,2.3,ML,38.83417,28.33111,4,2.2,38_28_2025
691398,2025-11-07 15:28:41+00:00,2.7,ML,40.25306,29.2475,18,2.6,40_29_2025
691413,2025-11-07 17:28:19+00:00,3.0,ML,38.89083,28.31806,13,3.0,38_28_2025
691446,2025-11-07 20:09:45+00:00,2.2,ML,38.89333,28.31111,6,2.2,38_28_2025
691469,2025-11-07 22:44:55+00:00,2.8,ML,39.22472,28.15694,10,2.8,39_28_2025
691519,2025-11-08 00:48:51+00:00,2.0,ML,40.025,30.68972,7,2.0,40_30_2025
691508,2025-11-08 04:02:45+00:00,2.4,ML,38.89389,28.33111,4,2.4,38_28_2025
691520,2025-11-08 05:45:39+00:00,2.0,ML,38.8725,28.34,5,2.0,38_28_2025
691549,2025-11-08 08:26:13+00:00,2.1,ML,38.13472,27.215,3,2.0,38_27_2025
691561,2025-11-08 09:38:57+00:00,2.4,ML,37.92194,28.78583,8,2.4,37_28_2025
691589,2025-11-08 12:58:13+00:00,3.2,ML,35.685,31.00417,3,3.2,35_31_2025
691663,2025-11-08 20:10:10+00:00,3.8,MW,39.34722,40.86028,14,3.8,39_40_2025
691667,2025-11-08 20:45:08+00:00,3.4,ML,39.19389,28.31333,26,3.4,39_28_2025
691691,2025-11-08 22:31:08+00:00,2.6,ML,38.29806,38.67194,9,2.6,38_38_2025
691780,2025-11-09 06:20:11+00:00,2.3,ML,38.56722,40.40333,6,2.2,38_40_2025
691794,2025-11-09 08:20:45+00:00,2.0,ML,39.52361,26.27444,6,2.0,39_26_2025
691792,2025-11-09 08:58:50+00:00,4.5,MW,39.22667,28.01389,30,4.4,39_28_2025
691823,2025-11-09 11:48:32+00:00,2.4,ML,37.80139,36.50944,5,2.4,37_36_2025
691824,2025-11-09 11:53:17+00:00,2.2,ML,37.52306,37.17639,3,2.2,37_37_2025
691828,2025-11-09 12:27:44+00:00,2.5,ML,38.80917,26.42306,5,2.4,38_26_2025
691851,2025-11-09 13:06:10+00:00,2.0,ML,39.55167,26.10806,3,2.0,39_26_2025
691842,2025-11-09 13:38:22+00:00,2.5,ML,38.72222,42.63444,3,2.4,38_42_2025
691865,2025-11-09 15:56:21+00:00,2.7,ML,39.15556,28.22306,10,2.6,39_28_2025
691869,2025-11-09 16:15:34+00:00,2.9,ML,39.65111,38.79583,8,2.8,39_38_2025
691893,2025-11-09 20:12:24+00:00,3.2,ML,39.22028,28.00056,24,3.2,39_28_2025
691931,2025-11-09 23:41:20+00:00,2.5,ML,39.20528,28.12194,11,2.4,39_28_2025
691929,2025-11-10 01:12:46+00:00,2.6,ML,39.81528,42.19083,5,2.6,39_42_2025
691952,2025-11-10 02:52:53+00:00,3.6,ML,39.25361,28.16056,19,3.6,39_28_2025
691960,2025-11-10 03:17:25+00:00,2.8,ML,39.22611,28.16389,9,2.8,39_28_2025
691974,2025-11-10 03:57:02+00:00,3.0,ML,39.20028,28.09111,17,3.0,39_28_2025
691981,2025-11-10 04:16:21+00:00,2.1,ML,39.21778,28.14972,8,2.0,39_28_2025
691985,2025-11-10 04:28:53+00:00,3.1,ML,39.16417,28.27528,21,3.0,39_28_2025
692043,2025-11-10 07:29:35+00:00,2.8,ML,39.1575,28.27583,9,2.8,39_28_2025
692073,2025-11-10 08:45:16+00:00,3.1,ML,39.14278,28.27806,16,3.0,39_28_2025
692065,2025-11-10 09:06:27+00:00,3.8,ML,39.24778,28.15583,28,3.8,39_28_2025
692120,2025-11-10 11:29:22+00:00,3.0,ML,39.18389,28.30611,25,3.0,39_28_2025
692173,2025-11-10 16:02:34+00:00,2.2,ML,39.25056,28.14806,8,2.2,39_28_2025
692195,2025-11-10 18:25:51+00:00,3.6,ML,39.24972,28.13722,30,3.6,39_28_2025
692210,2025-11-10 18:54:01+00:00,3.4,ML,39.25278,28.1425,23,3.4,39_28_2025
692249,2025-11-10 20:52:27+00:00,3.8,ML,39.21806,28.15722,28,3.8,39_28_2025
692265,2025-11-10 21:21:56+00:00,3.2,ML,39.25361,28.18083,26,3.2,39_28_2025
692284,2025-11-10 22:29:09+00:00,3.4,ML,39.16806,28.27278,27,3.4,39_28_2025
692291,2025-11-10 22:56:54+00:00,2.2,ML,38.84972,43.60389,5,2.2,38_43_2025
692289,2025-11-10 22:57:01+00:00,3.5,ML,39.24417,28.15306,29,3.4,39_28_2025
692312,2025-11-11 00:40:01+00:00,3.6,ML,37.94361,36.32194,12,3.6,37_36_2025
692323,2025-11-11 01:02:00+00:00,3.2,ML,37.94083,36.34111,11,3.2,37_36_2025
692332,2025-11-11 01:54:23+00:00,4.1,MW,39.22028,28.17694,29,4.0,39_28_2025
692357,2025-11-11 02:39:43+00:00,2.1,ML,38.63972,31.47139,9,2.0,38_31_2025
692426,2025-11-11 06:12:04+00:00,2.2,ML,38.76,40.11917,5,2.2,38_40_2025
692487,2025-11-11 09:09:23+00:00,2.2,ML,38.1425,36.60722,3,2.2,38_36_2025
692533,2025-11-11 10:49:04+00:00,2.4,ML,37.25917,38.90889,4,2.4,37_38_2025
692657,2025-11-11 17:27:56+00:00,2.4,ML,37.91056,29.43417,10,2.4,37_29_2025
692757,2025-11-11 22:36:13+00:00,2.9,ML,39.25583,28.13667,10,2.8,39_28_2025
692827,2025-11-12 01:01:03+00:00,2.4,ML,37.76056,36.32722,7,2.4,37_36_2025
692810,2025-11-12 01:28:31+00:00,3.1,ML,42.25444,34.81028,5,3.0,42_34_2025
692843,2025-11-12 02:48:38+00:00,2.6,ML,40.82194,28.12722,27,2.6,40_28_2025
692870,2025-11-12 04:07:17+00:00,2.6,ML,37.39278,42.70722,3,2.6,37_42_2025
692909,2025-11-12 07:33:02+00:00,3.1,ML,39.22167,28.17028,21,3.0,39_28_2025
692927,2025-11-12 09:06:13+00:00,2.9,ML,39.21139,28.1525,10,2.8,39_28_2025
692931,2025-11-12 09:31:22+00:00,5.2,MW,34.61639,32.44333,3,5.2,34_32_2025
692932,2025-11-12 09:36:22+00:00,3.5,ML,35.0775,32.55,3,3.4,35_32_2025
692933,2025-11-12 09:41:45+00:00,4.8,MW,34.55778,32.24917,3,4.8,34_32_2025
692941,2025-11-12 09:59:04+00:00,4.2,MW,34.5425,32.27306,3,4.2,34_32_2025
692942,2025-11-12 10:04:03+00:00,3.0,ML,34.72611,32.55472,4,3.0,34_32_2025
692953,2025-11-12 10:08:04+00:00,2.5,ML,35.00361,32.45639,3,2.4,35_32_2025
692968,2025-11-12 13:19:50+00:00,3.0,ML,39.24306,28.115,14,3.0,39_28_2025
692973,2025-11-12 14:10:29+00:00,2.5,ML,39.24806,29.00972,7,2.4,39_29_2025
692975,2025-11-12 14:23:32+00:00,5.4,MW,34.78806,32.38333,5,5.4,34_32_2025
692978,2025-11-12 14:30:18+00:00,3.2,ML,34.95583,32.62944,4,3.2,34_32_2025
692977,2025-11-12 14:37:45+00:00,3.5,ML,34.63694,32.63667,5,3.4,34_32_2025
692985,2025-11-12 14:51:33+00:00,2.5,ML,34.92694,32.25889,3,2.4,34_32_2025
692987,2025-11-12 14:58:01+00:00,2.8,ML,34.90917,32.67694,3,2.8,34_32_2025
692991,2025-11-12 15:00:39+00:00,2.9,ML,34.79111,32.26611,3,2.8,34_32_2025
692993,2025-11-12 15:07:21+00:00,2.6,ML,34.71694,32.54694,3,2.6,34_32_2025
693008,2025-11-12 15:45:55+00:00,2.2,ML,34.90361,32.32,3,2.2,34_32_2025
693013,2025-11-12 16:07:42+00:00,2.1,ML,34.86694,32.32444,3,2.0,34_32_2025
693014,2025-11-12 16:25:02+00:00,3.8,ML,39.25694,28.95167,22,3.8,39_28_2025
693029,2025-11-12 16:46:54+00:00,2.7,ML,34.98472,32.58583,4,2.6,34_32_2025
693031,2025-11-12 16:54:44+00:00,2.1,ML,36.88472,27.70389,3,2.0,36_27_2025
693020,2025-11-12 16:59:26+00:00,3.0,ML,37.80972,36.27028,9,3.0,37_36_2025
693021,2025-11-12 17:01:20+00:00,2.5,ML,37.82528,36.3,3,2.4,37_36_2025
693036,2025-11-12 17:01:43+00:00,2.2,ML,34.78722,32.32944,3,2.2,34_32_2025
693037,2025-11-12 17:04:30+00:00,2.2,ML,34.89611,32.38778,3,2.2,34_32_2025
693039,2025-11-12 17:14:28+00:00,2.4,ML,34.97194,32.22417,3,2.4,34_32_2025
693040,2025-11-12 17:24:57+00:00,2.9,ML,34.79306,32.45306,3,2.8,34_32_2025
693047,2025-11-12 17:35:11+00:00,2.2,ML,34.86556,32.51028,3,2.2,34_32_2025
693063,2025-11-12 18:02:24+00:00,2.0,ML,40.00583,38.67528,5,2.0,40_38_2025
693087,2025-11-12 20:04:57+00:00,2.4,ML,34.57222,32.43917,3,2.4,34_32_2025
693088,2025-11-12 20:23:25+00:00,2.7,ML,34.6675,32.43528,4,2.6,34_32_2025
693089,2025-11-12 20:27:14+00:00,3.1,ML,34.49056,32.40722,4,3.0,34_32_2025
693093,2025-11-12 20:43:40+00:00,2.4,ML,34.80889,32.51556,4,2.4,34_32_2025
693094,2025-11-12 21:15:36+00:00,3.1,ML,38.11389,37.02111,11,3.0,38_37_2025
693102,2025-11-12 21:17:28+00:00,2.3,ML,37.82694,36.28083,4,2.2,37_36_2025
693118,2025-11-12 22:27:27+00:00,2.1,ML,34.77917,32.56667,3,2.0,34_32_2025
693138,2025-11-12 23:05:18+00:00,2.3,ML,34.77,32.50417,3,2.2,34_32_2025
693136,2025-11-12 23:19:54+00:00,2.2,ML,40.03528,38.66833,4,2.2,40_38_2025
693156,2025-11-13 00:30:03+00:00,3.0,ML,39.23722,28.30583,19,3.0,39_28_2025
693196,2025-11-13 03:16:14+00:00,4.7,MW,39.24417,28.14806,27,4.6,39_28_2025
693199,2025-11-13 03:20:24+00:00,4.2,MW,39.24139,28.14611,26,4.2,39_28_2025
693202,2025-11-13 03:33:56+00:00,3.2,ML,39.24194,28.17028,10,3.2,39_28_2025
693227,2025-11-13 04:12:31+00:00,3.1,ML,39.23917,28.15556,23,3.0,39_28_2025
693236,2025-11-13 04:45:30+00:00,4.0,MW,39.23972,28.13972,24,4.0,39_28_2025
693237,2025-11-13 04:46:27+00:00,3.8,ML,34.68,32.25556,3,3.8,34_32_2025
693248,2025-11-13 05:10:10+00:00,2.3,ML,35.07389,32.38333,3,2.2,35_32_2025
693262,2025-11-13 06:05:08+00:00,2.3,ML,40.18417,31.79389,5,2.2,40_31_2025
693258,2025-11-13 06:06:55+00:00,3.2,ML,39.24333,28.16583,19,3.2,39_28_2025
693282,2025-11-13 07:03:14+00:00,3.0,ML,34.7175,32.39417,3,3.0,34_32_2025
693288,2025-11-13 07:16:22+00:00,3.0,ML,39.20889,28.17972,15,3.0,39_28_2025
693303,2025-11-13 08:34:47+00:00,3.3,ML,39.22778,28.15639,22,3.2,39_28_2025
693306,2025-11-13 08:57:50+00:00,3.4,MW,40.83389,28.25,34,3.4,40_28_2025
693316,2025-11-13 09:27:23+00:00,4.5,MW,34.70028,32.41083,5,4.4,34_32_2025
693331,2025-11-13 10:08:38+00:00,2.7,ML,34.65222,32.6025,3,2.6,34_32_2025
693392,2025-11-13 13:55:16+00:00,3.1,ML,34.65,32.25556,4,3.0,34_32_2025
693396,2025-11-13 14:17:48+00:00,2.1,ML,38.11083,37.8775,5,2.0,38_37_2025
693411,2025-11-13 15:54:02+00:00,3.2,ML,36.99667,30.82167,11,3.2,36_30_2025
693418,2025-11-13 16:52:00+00:00,3.4,ML,39.25306,28.12278,27,3.4,39_28_2025
693480,2025-11-13 22:17:09+00:00,3.8,MW,40.22361,24.19306,4,3.8,40_24_2025
693486,2025-11-13 22:49:27+00:00,2.6,ML,40.20167,28.81556,22,2.6,40_28_2025
693498,2025-11-13 23:38:15+00:00,2.7,ML,38.09056,42.79972,7,2.6,38_42_2025
693503,2025-11-14 01:10:14+00:00,2.9,ML,34.85694,32.5425,4,2.8,34_32_2025
693519,2025-11-14 01:58:44+00:00,2.0,ML,37.765,36.2975,5,2.0,37_36_2025
693545,2025-11-14 03:46:12+00:00,2.8,ML,39.22472,28.17639,9,2.8,39_28_2025
693658,2025-11-14 15:19:25+00:00,2.9,ML,39.1925,28.26472,8,2.8,39_28_2025
693731,2025-11-14 20:32:42+00:00,3.1,ML,39.24,28.16056,22,3.0,39_28_2025
693742,2025-11-14 21:09:39+00:00,2.2,ML,37.79167,36.51028,6,2.2,37_36_2025
693759,2025-11-14 22:46:49+00:00,2.9,ML,34.62944,32.25361,3,2.8,34_32_2025
693760,2025-11-14 23:20:05+00:00,2.7,ML,38.20083,37.88778,10,2.6,38_37_2025
693880,2025-11-15 07:43:39+00:00,2.8,ML,37.88111,43.63917,4,2.8,37_43_2025
693885,2025-11-15 08:08:27+00:00,3.9,ML,39.15972,28.32444,24,3.8,39_28_2025
693936,2025-11-15 13:15:26+00:00,2.8,ML,39.24194,29.01556,7,2.8,39_29_2025
693983,2025-11-15 18:27:59+00:00,3.0,ML,39.57583,25.97639,19,3.0,39_25_2025
693982,2025-11-15 18:29:12+00:00,4.0,MW,39.60778,25.98861,21,4.0,39_25_2025
693987,2025-11-15 18:38:10+00:00,2.5,ML,39.5875,26.00722,9,2.4,39_26_2025
694012,2025-11-15 20:21:25+00:00,2.4,ML,39.59028,25.99556,8,2.4,39_25_2025
694076,2025-11-16 00:01:48+00:00,2.7,ML,39.2825,25.94778,3,2.6,39_25_2025
694077,2025-11-16 00:27:21+00:00,2.2,ML,39.5425,25.88889,6,2.2,39_25_2025
694128,2025-11-16 03:51:33+00:00,2.4,ML,39.58139,25.96444,8,2.4,39_25_2025
694144,2025-11-16 05:13:40+00:00,3.2,ML,39.22556,28.13667,25,3.2,39_28_2025
694151,2025-11-16 06:26:16+00:00,2.5,ML,40.27806,29.24139,16,2.4,40_29_2025
694161,2025-11-16 07:36:04+00:00,2.5,ML,39.58806,26.00111,8,2.4,39_26_2025
694185,2025-11-16 10:57:07+00:00,2.0,ML,36.44972,27.72056,3,2.0,36_27_2025
694194,2025-11-16 13:42:28+00:00,2.7,ML,38.07417,36.50639,7,2.6,38_36_2025
694227,2025-11-16 16:53:59+00:00,3.1,ML,39.22889,27.97361,20,3.0,39_27_2025
694310,2025-11-16 23:11:12+00:00,3.5,ML,39.58778,26.00639,21,3.4,39_26_2025
694328,2025-11-17 00:17:29+00:00,3.7,ML,39.23861,28.15389,29,3.6,39_28_2025
694354,2025-11-17 00:37:05+00:00,2.2,ML,39.58639,25.99028,7,2.2,39_25_2025
694342,2025-11-17 00:47:23+00:00,2.8,ML,39.23139,28.17056,11,2.8,39_28_2025
694415,2025-11-17 05:11:25+00:00,2.0,ML,39.07361,40.45222,3,2.0,39_40_2025
694438,2025-11-17 06:15:59+00:00,2.5,ML,39.99417,38.685,5,2.4,39_38_2025
694468,2025-11-17 09:26:56+00:00,2.4,ML,39.60472,26.01056,7,2.4,39_26_2025
694525,2025-11-17 14:16:32+00:00,2.9,ML,38.82917,42.53472,10,2.8,38_42_2025
694528,2025-11-17 14:50:18+00:00,2.8,ML,39.18083,28.25167,8,2.8,39_28_2025
694569,2025-11-17 20:04:15+00:00,2.4,ML,37.96611,26.97889,7,2.4,37_26_2025
694599,2025-11-17 23:37:48+00:00,2.0,ML,38.49056,26.35167,3,2.0,38_26_2025
694652,2025-11-18 03:21:25+00:00,2.1,ML,38.1075,36.4475,5,2.0,38_36_2025
694757,2025-11-18 14:59:15+00:00,2.3,ML,40.46833,42.35333,5,2.2,40_42_2025
694772,2025-11-18 16:41:05+00:00,2.7,ML,40.84667,28.71667,23,2.6,40_28_2025
694788,2025-11-18 17:53:58+00:00,2.8,ML,37.93361,36.37278,7,2.8,37_36_2025
694802,2025-11-18 19:32:44+00:00,2.1,ML,34.88889,32.34417,3,2.0,34_32_2025
694807,2025-11-18 20:44:07+00:00,3.5,ML,37.98861,27.12917,11,3.4,37_27_2025
694820,2025-11-18 21:37:11+00:00,2.0,ML,38.78972,31.4625,5,2.0,38_31_2025
694867,2025-11-19 03:31:53+00:00,2.5,ML,38.42306,39.25,6,2.4,38_39_2025
694876,2025-11-19 04:59:36+00:00,2.3,ML,35.07861,32.59667,3,2.2,35_32_2025
694960,2025-11-19 15:51:05+00:00,2.8,ML,40.83861,27.87417,24,2.8,40_27_2025
694971,2025-11-19 16:44:07+00:00,2.2,ML,41.45778,32.57694,6,2.2,41_32_2025
695020,2025-11-19 22:23:09+00:00,2.5,ML,38.27333,27.19528,7,2.4,38_27_2025
695030,2025-11-20 00:39:36+00:00,2.9,ML,38.12778,36.92444,9,2.8,38_36_2025
695059,2025-11-20 04:27:39+00:00,2.8,ML,39.2375,28.05194,11,2.8,39_28_2025
695058,2025-11-20 04:29:37+00:00,3.1,ML,39.06417,28.265,18,3.0,39_28_2025
695094,2025-11-20 09:09:08+00:00,4.4,MW,37.13528,36.63444,10,4.4,37_36_2025
695099,2025-11-20 09:14:30+00:00,2.8,ML,39.18583,28.30861,10,2.8,39_28_2025
695100,2025-11-20 09:19:00+00:00,3.5,MW,37.14083,36.63444,9,3.4,37_36_2025
695106,2025-11-20 09:32:31+00:00,3.1,ML,37.15917,36.64056,8,3.0,37_36_2025
695130,2025-11-20 11:23:26+00:00,3.5,MW,36.5925,34.57222,12,3.4,36_34_2025
695180,2025-11-20 18:34:48+00:00,2.2,ML,40.84417,33.8825,4,2.2,40_33_2025
695327,2025-11-21 09:30:42+00:00,2.9,ML,38.22917,40.51,6,2.8,38_40_2025
695344,2025-11-21 11:11:30+00:00,2.7,ML,36.81278,31.1625,4,2.6,36_31_2025
695359,2025-11-21 14:44:20+00:00,3.2,ML,39.58417,26.44222,20,3.2,39_26_2025
695368,2025-11-21 16:22:55+00:00,2.5,ML,39.19861,28.25333,9,2.4,39_28_2025
695383,2025-11-21 18:22:25+00:00,3.8,ML,39.24583,28.97194,25,3.8,39_28_2025
695417,2025-11-21 21:08:20+00:00,2.1,ML,38.86694,29.15167,4,2.0,38_29_2025
695416,2025-11-21 21:34:20+00:00,3.5,ML,39.23917,28.96778,21,3.4,39_28_2025
695454,2025-11-22 00:02:06+00:00,2.7,ML,38.21222,40.40694,9,2.6,38_40_2025
695508,2025-11-22 07:12:05+00:00,2.4,ML,37.97333,37.69806,5,2.4,37_37_2025
695648,2025-11-22 23:00:02+00:00,2.6,ML,38.93889,28.73389,5,2.6,38_28_2025
695652,2025-11-22 23:13:11+00:00,3.0,ML,38.94139,28.73833,11,3.0,38_28_2025
695658,2025-11-22 23:30:14+00:00,2.6,ML,38.93389,28.725,6,2.6,38_28_2025
695667,2025-11-22 23:32:00+00:00,2.2,ML,37.09083,28.58583,8,2.2,37_28_2025
695696,2025-11-23 01:18:12+00:00,2.3,ML,38.93528,28.73389,6,2.2,38_28_2025
695736,2025-11-23 04:29:49+00:00,2.0,ML,38.92861,28.71083,6,2.0,38_28_2025
695750,2025-11-23 06:02:52+00:00,2.7,ML,39.31417,40.76806,8,2.6,39_40_2025
695757,2025-11-23 07:19:07+00:00,3.1,ML,38.14917,38.53806,13,3.0,38_38_2025
695759,2025-11-23 07:21:10+00:00,2.2,ML,38.15444,38.53667,7,2.2,38_38_2025
695780,2025-11-23 11:42:58+00:00,2.8,ML,39.18861,28.24861,9,2.8,39_28_2025
695790,2025-11-23 13:48:04+00:00,2.8,ML,39.18583,28.22278,8,2.8,39_28_2025
695797,2025-11-23 14:44:24+00:00,3.0,ML,39.99306,42.60528,11,3.0,39_42_2025
695825,2025-11-23 18:30:21+00:00,2.6,ML,38.75083,26.08778,5,2.6,38_26_2025
695830,2025-11-23 19:42:13+00:00,2.1,ML,35.17833,33.20889,4,2.0,35_33_2025
695880,2025-11-24 01:31:16+00:00,2.0,ML,36.95389,30.32611,5,2.0,36_30_2025
695898,2025-11-24 03:31:15+00:00,2.5,ML,37.18944,30.91,6,2.4,37_30_2025
696008,2025-11-24 22:36:45+00:00,3.3,ML,39.23333,28.14333,27,3.2,39_28_2025
696033,2025-11-25 02:05:46+00:00,2.8,ML,40.00389,42.6225,5,2.8,40_42_2025
696042,2025-11-25 02:57:54+00:00,2.4,ML,37.88333,36.67556,7,2.4,37_36_2025
696044,2025-11-25 03:05:57+00:00,2.3,ML,36.63639,36.42,3,2.2,36_36_2025
696056,2025-11-25 04:43:39+00:00,3.2,ML,37.44306,36.95944,10,3.2,37_36_2025
696087,2025-11-25 09:03:38+00:00,2.8,ML,34.66917,32.43556,3,2.8,34_32_2025
696152,2025-11-25 15:47:55+00:00,2.4,ML,40.15306,36.45972,4,2.4,40_36_2025
696155,2025-11-25 17:13:12+00:00,3.1,ML,36.82222,26.63472,6,3.0,36_26_2025
696188,2025-11-25 23:27:20+00:00,2.4,ML,38.96778,28.82,6,2.4,38_28_2025
696196,2025-11-26 02:09:10+00:00,2.6,ML,37.94056,28.7975,12,2.6,37_28_2025
696200,2025-11-26 02:45:56+00:00,2.7,ML,38.04083,37.72444,10,2.6,38_37_2025
696206,2025-11-26 04:09:13+00:00,3.0,ML,39.20861,28.15056,14,3.0,39_28_2025
696295,2025-11-26 16:21:30+00:00,3.1,ML,39.00333,42.70056,12,3.0,39_42_2025
696307,2025-11-26 17:48:36+00:00,3.8,MW,36.34306,28.52028,9,3.8,36_28_2025
696310,2025-11-26 17:51:13+00:00,2.6,ML,38.60861,31.12083,9,2.6,38_31_2025
696315,2025-11-26 18:46:42+00:00,2.1,ML,37.93278,28.76667,7,2.0,37_28_2025
696314,2025-11-26 18:49:20+00:00,2.2,ML,36.28694,28.49,4,2.2,36_28_2025
696438,2025-11-27 14:25:08+00:00,3.0,ML,39.91722,40.93722,9,3.0,39_40_2025
696445,2025-11-27 16:54:31+00:00,2.2,ML,37.53861,37.17528,3,2.2,37_37_2025
696446,2025-11-27 17:01:24+00:00,2.9,ML,39.5975,39.80917,9,2.8,39_39_2025
696477,2025-11-27 22:08:58+00:00,2.0,ML,40.20583,31.83194,5,2.0,40_31_2025
696479,2025-11-27 22:21:51+00:00,2.1,ML,39.91083,40.94833,4,2.0,39_40_2025
696515,2025-11-28 03:38:59+00:00,3.5,ML,39.15056,25.88139,11,3.4,39_25_2025
696517,2025-11-28 04:06:02+00:00,3.3,ML,39.17417,28.17,19,3.2,39_28_2025
696523,2025-11-28 04:41:12+00:00,3.2,ML,37.31111,36.27278,8,3.2,37_36_2025
696526,2025-11-28 05:01:34+00:00,3.3,ML,39.23333,29.01333,15,3.2,39_29_2025
696529,2025-11-28 05:14:09+00:00,2.0,ML,38.32028,30.5275,4,2.0,38_30_2025
696589,2025-11-28 16:52:29+00:00,2.4,ML,37.33833,32.28167,5,2.4,37_32_2025
696603,2025-11-28 18:53:27+00:00,2.0,ML,36.67278,28.72528,4,2.0,36_28_2025
696627,2025-11-28 22:06:08+00:00,3.1,ML,40.50917,30.15083,19,3.0,40_30_2025
696724,2025-11-29 13:43:24+00:00,2.4,ML,38.60194,26.77278,3,2.4,38_26_2025
696748,2025-11-29 16:28:12+00:00,2.2,ML,41.21833,40.14833,3,2.2,41_40_2025
696769,2025-11-29 20:55:36+00:00,2.6,ML,38.48139,38.06694,10,2.6,38_38_2025
696783,2025-11-29 22:01:54+00:00,2.3,ML,39.72111,40.63167,4,2.2,39_40_2025
696843,2025-11-30 08:36:37+00:00,4.0,MW,39.03778,29.7175,15,4.0,39_29_2025
696863,2025-11-30 12:35:21+00:00,2.0,ML,40.00111,38.65361,4,2.0,40_38_2025
696883,2025-11-30 16:27:56+00:00,2.3,ML,39.99833,35.49611,5,2.2,39_35_2025
696890,2025-11-30 17:56:33+00:00,2.6,ML,40.17389,31.73806,7,2.6,40_31_2025
696891,2025-11-30 18:02:03+00:00,3.3,ML,39.98333,38.65917,12,3.2,39_38_2025
696905,2025-11-30 18:44:56+00:00,2.1,ML,37.26,37.05528,5,2.0,37_37_2025
696915,2025-11-30 19:23:09+00:00,2.4,ML,39.06167,33.30667,12,2.4,39_33_2025
696928,2025-11-30 21:34:26+00:00,2.4,ML,39.99722,38.6525,7,2.4,39_38_2025
696935,2025-11-30 21:58:08+00:00,2.0,ML,39.61333,26.02306,5,2.0,39_26_2025
696937,2025-11-30 22:43:30+00:00,2.2,ML,36.06861,28.3675,4,2.2,36_28_2025
696938,2025-11-30 22:46:48+00:00,2.3,ML,37.07111,28.30306,5,2.2,37_28_2025
696957,2025-12-01 00:11:29+00:00,2.0,ML,37.16056,36.89111,5,2.0,37_36_2025
697006,2025-12-01 08:36:11+00:00,2.9,ML,36.95361,29.75194,6,2.8,36_29_2025
697044,2025-12-01 13:42:09+00:00,2.9,ML,39.17944,28.24167,4,2.8,39_28_2025
697057,2025-12-01 15:11:05+00:00,3.4,ML,38.44861,40.43667,11,3.4,38_40_2025
697058,2025-12-01 15:35:30+00:00,3.3,ML,38.92528,26.12333,10,3.2,38_26_2025
697087,2025-12-01 19:04:00+00:00,3.3,ML,38.93778,26.05806,10,3.2,38_26_2025
697098,2025-12-01 19:51:18+00:00,3.1,ML,38.51806,38.04639,14,3.0,38_38_2025
697110,2025-12-01 21:18:08+00:00,2.7,ML,38.935,26.07139,5,2.6,38_26_2025
697135,2025-12-01 23:44:17+00:00,3.0,ML,39.21639,28.175,19,3.0,39_28_2025
697171,2025-12-02 03:07:16+00:00,3.0,ML,40.63472,27.85917,31,3.0,40_27_2025
697192,2025-12-02 05:50:22+00:00,2.9,ML,39.0275,29.73361,7,2.8,39_29_2025
697273,2025-12-02 17:32:05+00:00,3.7,MW,41.01722,33.03667,15,3.6,41_33_2025
697286,2025-12-02 19:24:40+00:00,2.4,ML,41.1075,33.89083,6,2.4,41_33_2025
697295,2025-12-02 20:26:06+00:00,3.1,ML,39.18444,28.19306,23,3.0,39_28_2025
697369,2025-12-03 06:42:07+00:00,2.7,ML,34.63861,32.37944,3,2.6,34_32_2025
697406,2025-12-03 12:05:56+00:00,4.0,MW,38.80028,44.71778,4,4.0,38_44_2025
697410,2025-12-03 12:44:26+00:00,2.7,ML,39.71889,25.57278,7,2.6,39_25_2025
697435,2025-12-03 17:35:41+00:00,4.0,MW,34.45056,32.57083,4,4.0,34_32_2025
697445,2025-12-03 18:44:11+00:00,2.4,ML,36.90778,36.17611,4,2.4,36_36_2025
697470,2025-12-03 23:43:21+00:00,3.1,ML,38.82444,44.59694,5,3.0,38_44_2025
697486,2025-12-04 02:19:05+00:00,2.7,ML,34.71528,32.55639,3,2.6,34_32_2025
697526,2025-12-04 09:17:42+00:00,2.4,ML,39.10417,41.68778,7,2.4,39_41_2025
697530,2025-12-04 09:58:43+00:00,2.8,ML,39.25222,28.12361,10,2.8,39_28_2025
697595,2025-12-04 19:58:54+00:00,2.0,ML,38.20361,29.67528,7,2.0,38_29_2025
697597,2025-12-04 20:58:48+00:00,2.8,ML,38.08806,38.39917,10,2.8,38_38_2025
697628,2025-12-05 01:14:06+00:00,2.1,ML,38.74222,27.80722,5,2.0,38_27_2025
697630,2025-12-05 05:06:34+00:00,3.1,ML,38.12667,38.50694,11,3.0,38_38_2025
697672,2025-12-05 12:33:06+00:00,2.2,ML,41.13639,32.28111,3,2.2,41_32_2025
697673,2025-12-05 12:35:36+00:00,2.1,ML,41.11861,32.28583,3,2.0,41_32_2025
697680,2025-12-05 14:33:36+00:00,2.0,ML,40.52583,25.68528,3,2.0,40_25_2025
697784,2025-12-06 03:06:13+00:00,2.8,ML,39.21,28.17722,8,2.8,39_28_2025
697815,2025-12-06 06:08:20+00:00,2.7,ML,37.14417,36.64194,6,2.6,37_36_2025
697817,2025-12-06 07:19:18+00:00,3.2,ML,38.81972,40.03833,15,3.2,38_40_2025
697822,2025-12-06 08:13:57+00:00,3.0,ML,38.60361,39.77083,7,3.0,38_39_2025
697853,2025-12-06 14:37:16+00:00,2.6,ML,37.32889,37.05667,6,2.6,37_37_2025
697878,2025-12-06 18:03:46+00:00,2.4,ML,40.20889,31.75972,6,2.4,40_31_2025
697939,2025-12-07 03:06:07+00:00,2.3,ML,38.91083,26.03389,3,2.2,38_26_2025
697941,2025-12-07 03:52:18+00:00,2.5,ML,36.72306,36.17722,4,2.4,36_36_2025
697948,2025-12-07 05:43:45+00:00,2.9,ML,38.055,37.92917,8,2.8,38_37_2025
697989,2025-12-07 14:37:53+00:00,2.8,ML,37.87444,27.35028,5,2.8,37_27_2025
697991,2025-12-07 14:54:44+00:00,3.5,ML,37.8875,27.37111,13,3.4,37_27_2025
698003,2025-12-07 16:28:54+00:00,2.2,ML,37.33694,32.28083,4,2.2,37_32_2025
697999,2025-12-07 16:34:21+00:00,2.6,ML,38.44417,37.88833,11,2.6,38_37_2025
698017,2025-12-07 18:18:47+00:00,2.0,ML,37.86944,27.34778,3,2.0,37_27_2025
698026,2025-12-07 19:17:20+00:00,2.0,ML,40.46972,26.17222,9,2.0,40_26_2025
698018,2025-12-07 19:17:29+00:00,4.6,MW,38.81389,43.52306,5,4.6,38_43_2025
698047,2025-12-07 21:42:56+00:00,2.2,ML,38.87194,26.83889,3,2.2,38_26_2025
698062,2025-12-07 23:19:33+00:00,2.2,ML,39.43417,37.18417,7,2.2,39_37_2025
698068,2025-12-08 00:31:56+00:00,4.3,MW,36.77139,30.54111,11,4.2,36_30_2025
698073,2025-12-08 00:54:38+00:00,2.6,ML,37.96556,27.21917,4,2.6,37_27_2025
698096,2025-12-08 03:26:00+00:00,3.1,ML,39.24639,28.97861,4,3.0,39_28_2025
698133,2025-12-08 05:02:49+00:00,2.6,ML,37.87444,27.35194,3,2.6,37_27_2025
698154,2025-12-08 09:34:09+00:00,3.6,ML,36.67278,30.765,8,3.6,36_30_2025
698162,2025-12-08 10:21:32+00:00,4.9,ML,37.03778,30.85528,15,4.8,37_30_2025
698173,2025-12-08 11:49:20+00:00,2.3,ML,37.34639,37.08694,5,2.2,37_37_2025
698227,2025-12-08 22:48:46+00:00,2.6,ML,38.88806,43.54361,6,2.6,38_43_2025
698230,2025-12-08 23:15:27+00:00,2.0,ML,38.13944,36.90194,8,2.0,38_36_2025
698243,2025-12-09 02:21:15+00:00,2.6,ML,39.83417,27.59139,18,2.6,39_27_2025
698252,2025-12-09 03:40:05+00:00,2.8,ML,38.50389,38.06056,12,2.8,38_38_2025
698286,2025-12-09 10:26:22+00:00,3.1,ML,37.08472,31.96972,5,3.0,37_31_2025
698287,2025-12-09 10:29:39+00:00,2.2,ML,37.08417,31.97333,4,2.2,37_31_2025
698298,2025-12-09 12:34:14+00:00,4.2,MW,39.51278,39.88778,18,4.2,39_39_2025
698319,2025-12-09 18:45:58+00:00,3.5,ML,36.85889,35.7,7,3.4,36_35_2025
698335,2025-12-09 23:00:11+00:00,2.7,ML,40.42833,28.05944,24,2.6,40_28_2025
698389,2025-12-10 07:13:33+00:00,2.3,ML,36.55583,36.65028,3,2.2,36_36_2025
698411,2025-12-10 11:05:41+00:00,3.0,ML,37.89778,28.45944,13,3.0,37_28_2025
698448,2025-12-10 16:23:52+00:00,2.6,ML,37.89,28.44639,11,2.6,37_28_2025
698466,2025-12-10 18:43:10+00:00,2.0,ML,39.81556,30.53639,5,2.0,39_30_2025
698507,2025-12-11 00:02:57+00:00,3.3,ML,39.11556,32.86306,21,3.2,39_32_2025
698523,2025-12-11 02:19:05+00:00,2.2,ML,38.62889,43.22639,4,2.2,38_43_2025
698527,2025-12-11 02:46:24+00:00,2.5,ML,38.08944,38.40556,9,2.4,38_38_2025
698529,2025-12-11 03:06:36+00:00,2.2,ML,37.10389,28.59389,7,2.2,37_28_2025
698542,2025-12-11 05:43:12+00:00,2.0,ML,38.77611,34.05611,6,2.0,38_34_2025
698544,2025-12-11 05:50:30+00:00,2.0,ML,38.78194,34.07583,5,2.0,38_34_2025
698576,2025-12-11 08:34:26+00:00,2.7,ML,39.8625,39.67222,6,2.6,39_39_2025
698585,2025-12-11 08:53:17+00:00,3.1,ML,39.215,28.17417,16,3.0,39_28_2025
698615,2025-12-11 11:45:08+00:00,2.8,ML,37.30694,30.33944,8,2.8,37_30_2025
698636,2025-12-11 14:58:27+00:00,3.1,ML,39.19222,28.26111,12,3.0,39_28_2025
698656,2025-12-11 16:20:49+00:00,3.1,ML,36.04722,27.47,4,3.0,36_27_2025
698657,2025-12-11 16:26:00+00:00,3.1,ML,36.08917,27.50389,3,3.0,36_27_2025
698659,2025-12-11 16:44:23+00:00,2.4,ML,39.13278,32.83861,10,2.4,39_32_2025
698669,2025-12-11 17:15:28+00:00,2.0,ML,37.86861,41.53333,4,2.0,37_41_2025
698695,2025-12-11 21:03:23+00:00,2.3,ML,34.75889,33.99194,4,2.2,34_33_2025
698704,2025-12-11 21:58:25+00:00,2.5,ML,37.32167,37.055,8,2.4,37_37_2025
698788,2025-12-12 04:54:38+00:00,2.3,ML,37.24889,30.94417,4,2.2,37_30_2025
698806,2025-12-12 07:38:57+00:00,2.0,ML,38.41028,39.14778,4,2.0,38_39_2025
698844,2025-12-12 13:03:55+00:00,2.4,ML,34.74333,32.21528,3,2.4,34_32_2025
698894,2025-12-12 17:18:41+00:00,3.5,ML,34.66028,32.31417,4,3.4,34_32_2025
698892,2025-12-12 17:20:18+00:00,4.2,MW,34.74278,32.39417,5,4.2,34_32_2025
698898,2025-12-12 17:25:12+00:00,2.5,ML,34.74333,32.31694,3,2.4,34_32_2025
698901,2025-12-12 17:36:53+00:00,2.2,ML,34.70278,32.37833,3,2.2,34_32_2025
698908,2025-12-12 20:37:25+00:00,3.1,ML,39.20806,25.99194,8,3.0,39_25_2025
698919,2025-12-12 22:04:42+00:00,3.4,ML,38.11417,37.01944,12,3.4,38_37_2025
698958,2025-12-13 04:51:34+00:00,3.3,ML,39.21139,28.33083,23,3.2,39_28_2025
699023,2025-12-13 19:56:24+00:00,2.6,ML,38.12139,38.48361,11,2.6,38_38_2025
699043,2025-12-13 23:50:13+00:00,2.6,ML,39.31139,29.05361,6,2.6,39_29_2025
699065,2025-12-14 02:29:47+00:00,2.5,ML,40.2875,27.0425,21,2.4,40_27_2025
699074,2025-12-14 03:59:54+00:00,2.4,ML,40.31083,27.02778,17,2.4,40_27_2025
699108,2025-12-14 08:39:22+00:00,2.4,ML,36.81528,28.07944,6,2.4,36_28_2025
699114,2025-12-14 10:21:24+00:00,2.2,ML,38.11583,29.11806,6,2.2,38_29_2025
699119,2025-12-14 12:32:54+00:00,2.9,ML,37.1175,36.58722,7,2.8,37_36_2025
699137,2025-12-14 14:49:47+00:00,2.2,ML,40.47639,33.03556,5,2.2,40_33_2025
699158,2025-12-14 19:02:04+00:00,2.4,ML,38.65667,33.74194,9,2.4,38_33_2025
699184,2025-12-14 23:15:45+00:00,2.5,ML,39.03944,25.915,4,2.4,39_25_2025
699235,2025-12-15 06:43:58+00:00,2.1,ML,40.46778,35.25694,3,2.0,40_35_2025
699248,2025-12-15 09:20:00+00:00,4.2,MW,36.24444,36.20028,6,4.2,36_36_2025
699298,2025-12-15 19:55:17+00:00,2.9,ML,40.2925,27.03417,22,2.8,40_27_2025
699301,2025-12-15 20:19:02+00:00,2.5,ML,36.62333,30.55611,3,2.4,36_30_2025
699313,2025-12-16 00:11:19+00:00,2.2,ML,39.47694,26.00833,5,2.2,39_26_2025
699343,2025-12-16 04:09:04+00:00,2.0,ML,39.35167,41.13556,3,2.0,39_41_2025
699360,2025-12-16 05:46:53+00:00,2.4,ML,34.99361,33.10667,3,2.4,34_33_2025
699366,2025-12-16 06:46:06+00:00,2.6,ML,38.78222,43.53111,3,2.6,38_43_2025
699368,2025-12-16 07:16:44+00:00,2.5,ML,38.78611,43.49,3,2.4,38_43_2025
699413,2025-12-16 13:11:03+00:00,3.8,MW,37.03361,30.86944,13,3.8,37_30_2025
699446,2025-12-16 17:20:27+00:00,2.0,ML,38.75083,43.49361,3,2.0,38_43_2025
699459,2025-12-16 18:34:45+00:00,2.3,ML,40.29028,27.02444,16,2.2,40_27_2025
699494,2025-12-16 22:33:40+00:00,2.6,ML,38.49944,38.02111,10,2.6,38_38_2025
699527,2025-12-17 01:15:09+00:00,4.0,MW,36.67056,36.42028,6,4.0,36_36_2025
699548,2025-12-17 05:21:37+00:00,3.4,ML,39.20361,28.16056,22,3.4,39_28_2025
699550,2025-12-17 05:31:27+00:00,2.7,ML,36.67194,36.42806,3,2.6,36_36_2025
699669,2025-12-18 00:26:32+00:00,3.1,ML,39.23972,28.15417,21,3.0,39_28_2025
699694,2025-12-18 04:03:32+00:00,2.5,ML,39.185,27.98,7,2.4,39_27_2025
699737,2025-12-18 16:10:44+00:00,2.3,ML,39.33333,26.72111,8,2.2,39_26_2025
699750,2025-12-18 18:12:43+00:00,3.0,ML,38.25333,38.10139,13,3.0,38_38_2025
699754,2025-12-18 19:01:00+00:00,2.5,ML,38.53889,40.40639,6,2.4,38_40_2025
699758,2025-12-18 19:33:45+00:00,2.5,ML,39.45056,26.04889,8,2.4,39_26_2025
699762,2025-12-18 20:23:11+00:00,2.1,ML,38.35222,38.75556,7,2.0,38_38_2025
699768,2025-12-18 21:17:33+00:00,3.3,ML,40.18833,27.02056,28,3.2,40_27_2025
699776,2025-12-18 23:06:31+00:00,2.9,ML,36.90472,28.99056,7,2.8,36_28_2025
699802,2025-12-19 03:11:02+00:00,2.4,ML,39.93806,40.88444,3,2.4,39_40_2025
699807,2025-12-19 05:08:56+00:00,2.7,ML,37.05306,36.29028,3,2.6,37_36_2025
699811,2025-12-19 05:57:17+00:00,2.7,ML,39.25528,29.00194,6,2.6,39_29_2025
699813,2025-12-19 06:28:37+00:00,2.5,ML,40.29972,27.04306,14,2.4,40_27_2025
699853,2025-12-19 13:19:08+00:00,4.2,ML,38.20472,36.70222,14,4.2,38_36_2025
699860,2025-12-19 14:02:55+00:00,2.4,ML,38.24361,38.66472,5,2.4,38_38_2025
699913,2025-12-20 03:53:35+00:00,3.0,ML,40.65056,30.75722,20,3.0,40_30_2025
699931,2025-12-20 05:07:47+00:00,2.6,ML,39.00417,25.90278,4,2.6,39_25_2025
699964,2025-12-20 12:46:51+00:00,2.1,ML,38.92417,27.88917,5,2.0,38_27_2025
699981,2025-12-20 16:04:52+00:00,2.9,ML,37.0525,36.30194,5,2.8,37_36_2025
699999,2025-12-20 17:43:31+00:00,3.2,ML,39.25667,29.00556,15,3.2,39_29_2025
700006,2025-12-20 18:45:10+00:00,3.1,ML,37.01056,36.12417,6,3.0,37_36_2025
700015,2025-12-20 18:58:07+00:00,2.3,ML,36.33972,35.97194,3,2.2,36_35_2025
700061,2025-12-21 01:00:17+00:00,2.7,ML,37.50472,35.85056,6,2.6,37_35_2025
700094,2025-12-21 07:13:27+00:00,2.4,ML,38.43917,39.25639,7,2.4,38_39_2025
700114,2025-12-21 11:47:18+00:00,2.7,ML,39.51944,27.68667,17,2.6,39_27_2025
700140,2025-12-21 17:07:33+00:00,2.5,ML,37.80194,28.95417,10,2.4,37_28_2025
700160,2025-12-21 21:25:25+00:00,3.1,ML,39.17333,27.95667,22,3.0,39_27_2025
700232,2025-12-22 09:58:20+00:00,2.5,ML,40.14611,32.00778,4,2.4,40_32_2025
700244,2025-12-22 11:32:41+00:00,2.4,ML,40.12056,29.33056,9,2.4,40_29_2025
700243,2025-12-22 11:37:12+00:00,3.5,MW,40.80417,31.89111,15,3.4,40_31_2025
700245,2025-12-22 11:49:21+00:00,3.1,ML,37.97778,38.18972,11,3.0,37_38_2025
700260,2025-12-22 14:32:25+00:00,2.6,ML,38.29167,38.205,8,2.6,38_38_2025
700261,2025-12-22 15:40:20+00:00,2.5,ML,37.81889,28.94139,8,2.4,37_28_2025
700273,2025-12-22 17:06:19+00:00,2.9,ML,34.88917,33.2775,5,2.8,34_33_2025
700269,2025-12-22 17:41:39+00:00,2.8,ML,39.22,28.1525,8,2.8,39_28_2025
700276,2025-12-22 18:59:56+00:00,2.0,ML,37.86111,29.37778,6,2.0,37_29_2025
700284,2025-12-22 20:24:06+00:00,2.3,ML,38.40306,28.48,4,2.2,38_28_2025
700308,2025-12-23 01:44:44+00:00,3.6,MW,34.99611,32.68611,5,3.6,34_32_2025
700346,2025-12-23 12:35:39+00:00,3.1,ML,39.02278,30.20722,12,3.0,39_30_2025
700381,2025-12-23 19:20:39+00:00,3.5,ML,38.12111,32.60278,20,3.4,38_32_2025
700398,2025-12-23 21:29:36+00:00,2.7,ML,37.96222,38.19,10,2.6,37_38_2025
700447,2025-12-24 02:00:56+00:00,2.2,ML,40.31167,34.81556,5,2.2,40_34_2025
700527,2025-12-24 15:27:51+00:00,2.0,ML,38.38,38.89694,7,2.0,38_38_2025
700534,2025-12-24 17:22:22+00:00,3.0,ML,38.32139,42.70028,11,3.0,38_42_2025
700547,2025-12-24 20:35:32+00:00,3.6,ML,36.10278,35.98639,6,3.6,36_35_2025
700588,2025-12-25 05:46:26+00:00,2.2,ML,39.16417,42.78333,3,2.2,39_42_2025
700589,2025-12-25 06:38:01+00:00,3.3,ML,39.24028,28.16472,13,3.2,39_28_2025
700619,2025-12-25 11:08:11+00:00,2.5,ML,39.14111,25.88778,3,2.4,39_25_2025
700612,2025-12-25 11:55:58+00:00,2.9,ML,37.95972,28.80889,6,2.8,37_28_2025
700642,2025-12-25 16:43:30+00:00,2.0,ML,37.80778,29.125,6,2.0,37_29_2025
700659,2025-12-25 19:37:11+00:00,2.1,ML,39.835,41.80667,4,2.0,39_41_2025
700668,2025-12-25 21:11:19+00:00,2.4,ML,40.18722,35.38972,4,2.4,40_35_2025
700745,2025-12-26 11:07:03+00:00,2.4,ML,38.79611,38.01028,8,2.4,38_38_2025
700751,2025-12-26 12:01:29+00:00,2.8,ML,38.415,41.92278,6,2.8,38_41_2025
700772,2025-12-26 15:15:02+00:00,2.6,ML,39.03167,29.72444,6,2.6,39_29_2025
700773,2025-12-26 15:32:25+00:00,2.3,ML,38.68778,40.00361,5,2.2,38_40_2025
700774,2025-12-26 16:01:31+00:00,2.4,ML,39.46667,39.9075,6,2.4,39_39_2025
700785,2025-12-26 19:00:50+00:00,2.2,ML,40.83389,28.03444,17,2.2,40_28_2025
700803,2025-12-26 23:35:04+00:00,2.9,ML,40.83556,28.05694,23,2.8,40_28_2025
700816,2025-12-27 01:26:58+00:00,2.1,ML,39.49194,38.23583,9,2.0,39_38_2025
700822,2025-12-27 04:00:33+00:00,2.6,ML,37.07694,28.14972,7,2.6,37_28_2025
700884,2025-12-27 15:19:14+00:00,2.1,ML,40.71639,27.25167,8,2.0,40_27_2025
700917,2025-12-27 21:42:01+00:00,2.5,ML,37.32556,30.40111,3,2.4,37_30_2025
700977,2025-12-28 09:57:19+00:00,3.3,ML,41.40472,43.92056,3,3.2,41_43_2025
700999,2025-12-28 15:01:02+00:00,2.7,ML,40.05889,25.91556,9,2.6,40_25_2025
701049,2025-12-29 00:28:50+00:00,2.6,ML,40.19861,31.78472,3,2.6,40_31_2025
701140,2025-12-29 17:00:06+00:00,3.8,ML,36.17083,28.45611,7,3.8,36_28_2025
701147,2025-12-29 18:07:37+00:00,2.0,ML,36.94361,36.05333,3,2.0,36_36_2025
701178,2025-12-30 00:46:38+00:00,2.2,ML,36.08694,28.47139,3,2.2,36_28_2025
701228,2025-12-30 09:07:42+00:00,2.3,ML,40.505,35.22667,5,2.2,40_35_2025
701235,2025-12-30 10:28:08+00:00,2.1,ML,40.00722,42.80833,3,2.0,40_42_2025
701261,2025-12-30 15:05:29+00:00,4.4,MW,35.29833,35.35861,3,4.4,35_35_2025
701293,2025-12-30 23:46:28+00:00,2.7,ML,38.13417,38.29028,10,2.6,38_38_2025
701300,2025-12-31 02:15:02+00:00,2.8,ML,39.19556,28.13861,9,2.8,39_28_2025
701311,2025-12-31 05:28:27+00:00,2.9,ML,42.10861,34.63028,3,2.8,42_34_2025
701375,2025-12-31 18:18:25+00:00,2.3,ML,40.28694,29.23806,17,2.2,40_29_2025
701396,2025-12-31 20:58:05+00:00,2.7,ML,38.02111,37.525,10,2.6,38_37_2025
701403,2025-12-31 21:45:50+00:00,2.4,ML,37.98056,27.15861,3,2.4,37_27_2025
701412,2025-12-31 22:19:52+00:00,3.0,ML,36.76778,33.655,5,3.0,36_33_2025
701454,2026-01-01 03:28:13+00:00,2.6,ML,38.20417,37.90194,12,2.6,38_37_2026
701457,2026-01-01 03:57:04+00:00,3.0,ML,39.19139,28.34917,15,3.0,39_28_2026
701481,2026-01-01 08:49:56+00:00,2.9,ML,39.17472,28.25111,6,2.8,39_28_2026
701486,2026-01-01 10:01:07+00:00,2.4,ML,37.11528,28.37583,4,2.4,37_28_2026
701491,2026-01-01 11:49:27+00:00,3.0,ML,39.02611,25.97694,7,3.0,39_25_2026
701506,2026-01-01 11:54:51+00:00,2.9,ML,39.02444,25.93806,3,2.8,39_25_2026
701495,2026-01-01 12:08:48+00:00,2.2,ML,40.18444,31.72111,3,2.2,40_31_2026
701509,2026-01-01 13:33:09+00:00,3.5,ML,36.66167,29.265,7,3.4,36_29_2026
701511,2026-01-01 14:08:59+00:00,2.5,ML,38.12667,36.97778,7,2.4,38_36_2026
701514,2026-01-01 14:33:07+00:00,3.3,ML,39.21889,28.98472,17,3.2,39_28_2026
701515,2026-01-01 14:34:18+00:00,2.8,ML,39.20889,28.985,3,2.8,39_28_2026
701529,2026-01-01 16:40:42+00:00,2.5,ML,38.885,26.05472,3,2.4,38_26_2026
701558,2026-01-01 23:29:14+00:00,2.7,ML,37.06806,35.6725,4,2.6,37_35_2026
701584,2026-01-02 03:13:34+00:00,2.0,ML,39.28611,40.75028,5,2.0,39_40_2026
701611,2026-01-02 08:56:31+00:00,3.5,ML,39.25056,28.09,22,3.4,39_28_2026
701613,2026-01-02 09:47:41+00:00,2.9,ML,37.00639,36.07944,5,2.8,37_36_2026
701623,2026-01-02 10:59:17+00:00,3.2,ML,36.10278,28.30278,5,3.2,36_28_2026
701639,2026-01-02 13:44:58+00:00,2.7,ML,39.03056,29.71278,6,2.6,39_29_2026
701672,2026-01-02 22:56:35+00:00,3.5,ML,39.3975,40.61083,16,3.4,39_40_2026
701676,2026-01-02 23:22:28+00:00,3.7,ML,39.00417,25.91139,7,3.6,39_25_2026
701685,2026-01-03 02:05:48+00:00,3.1,ML,39.20694,28.17056,9,3.0,39_28_2026
701692,2026-01-03 02:18:58+00:00,2.5,ML,39.89917,25.8875,7,2.4,39_25_2026
701716,2026-01-03 05:59:23+00:00,2.0,ML,39.77417,26.85167,4,2.0,39_26_2026
701728,2026-01-03 08:49:14+00:00,2.7,ML,39.16806,28.25694,4,2.6,39_28_2026
701729,2026-01-03 08:53:19+00:00,2.4,ML,34.6775,32.45778,3,2.4,34_32_2026
701765,2026-01-03 15:27:29+00:00,3.2,ML,38.77028,41.675,9,3.2,38_41_2026
701773,2026-01-03 17:27:26+00:00,4.7,MW,38.40111,38.93917,15,4.6,38_38_2026
701776,2026-01-03 17:43:14+00:00,2.1,ML,38.38861,38.93889,8,2.0,38_38_2026
701779,2026-01-03 17:53:44+00:00,3.4,ML,38.395,38.9425,13,3.4,38_38_2026
701801,2026-01-03 23:20:09+00:00,2.9,ML,38.04083,36.52222,7,2.8,38_36_2026
701830,2026-01-04 04:07:40+00:00,3.5,ML,38.02472,37.67389,15,3.4,38_37_2026
701835,2026-01-04 04:43:48+00:00,2.6,ML,39.06222,25.97861,3,2.6,39_25_2026
701851,2026-01-04 07:11:34+00:00,2.2,ML,40.275,29.24,6,2.2,40_29_2026
701872,2026-01-04 12:29:30+00:00,2.6,ML,38.02472,36.52167,5,2.6,38_36_2026
701874,2026-01-04 13:42:48+00:00,2.0,ML,39.45833,26.39056,3,2.0,39_26_2026
701881,2026-01-04 14:06:02+00:00,2.9,ML,39.025,25.9425,4,2.8,39_25_2026
701913,2026-01-04 20:51:19+00:00,3.0,ML,36.63694,29.30056,5,3.0,36_29_2026
701921,2026-01-04 22:48:59+00:00,2.2,ML,39.89,25.90583,7,2.2,39_25_2026
701943,2026-01-05 04:19:18+00:00,2.6,ML,39.05,26.08611,3,2.6,39_26_2026
701945,2026-01-05 05:14:42+00:00,2.8,ML,38.50583,38.05583,11,2.8,38_38_2026
701953,2026-01-05 06:16:18+00:00,2.1,ML,38.42444,27.11111,3,2.0,38_27_2026
701992,2026-01-05 11:30:56+00:00,2.0,ML,38.54222,40.40361,4,2.0,38_40_2026
702001,2026-01-05 13:11:38+00:00,2.0,ML,39.46944,37.45639,3,2.0,39_37_2026
702003,2026-01-05 13:57:14+00:00,2.4,ML,40.16833,31.81556,5,2.4,40_31_2026
702015,2026-01-05 15:47:52+00:00,2.5,ML,38.99722,25.91667,4,2.4,38_25_2026
702035,2026-01-05 19:56:44+00:00,2.5,ML,37.50778,37.06389,6,2.4,37_37_2026
702040,2026-01-05 21:33:24+00:00,2.8,ML,38.65944,43.20444,4,2.8,38_43_2026
702050,2026-01-05 22:35:22+00:00,2.2,ML,37.73556,27.69667,7,2.2,37_27_2026
702083,2026-01-06 05:10:01+00:00,2.5,ML,40.71917,25.83472,9,2.4,40_25_2026
702090,2026-01-06 06:38:34+00:00,2.5,ML,40.84083,25.77222,5,2.4,40_25_2026
702131,2026-01-06 11:19:10+00:00,2.3,ML,40.84389,28.12722,20,2.2,40_28_2026
702130,2026-01-06 11:28:33+00:00,4.0,MW,39.42417,25.99111,13,4.0,39_25_2026
702152,2026-01-06 15:12:51+00:00,2.4,ML,36.93806,28.20194,5,2.4,36_28_2026
702153,2026-01-06 15:13:39+00:00,2.8,ML,39.22167,28.17222,6,2.8,39_28_2026
702250,2026-01-07 01:58:57+00:00,2.3,ML,39.89028,25.90639,8,2.2,39_25_2026
702254,2026-01-07 02:43:36+00:00,2.4,ML,39.01417,25.94417,4,2.4,39_25_2026
702268,2026-01-07 08:21:39+00:00,3.1,ML,39.01361,25.92972,6,3.0,39_25_2026
702341,2026-01-07 23:37:10+00:00,3.0,ML,39.16861,28.28861,14,3.0,39_28_2026
702368,2026-01-08 04:31:28+00:00,3.2,ML,39.18306,28.29583,15,3.2,39_28_2026
702380,2026-01-08 05:39:28+00:00,2.7,ML,39.27833,29.125,7,2.6,39_29_2026
702394,2026-01-08 08:39:06+00:00,2.8,ML,39.19056,28.29333,7,2.8,39_28_2026
702411,2026-01-08 11:25:18+00:00,3.2,ML,34.59056,32.57639,3,3.2,34_32_2026
702436,2026-01-08 20:31:29+00:00,2.6,ML,37.85361,29.52944,7,2.6,37_29_2026
702477,2026-01-09 01:26:01+00:00,2.1,ML,39.35806,40.63306,4,2.0,39_40_2026
702454,2026-01-09 01:58:44+00:00,3.2,ML,39.17306,28.27556,16,3.2,39_28_2026
702459,2026-01-09 02:10:59+00:00,2.4,ML,37.24833,28.0875,7,2.4,37_28_2026
702487,2026-01-09 08:17:42+00:00,4.0,MW,37.91972,36.6575,12,4.0,37_36_2026
702530,2026-01-09 16:58:18+00:00,2.6,ML,37.16944,30.55611,5,2.6,37_30_2026
702534,2026-01-09 18:06:44+00:00,2.1,ML,38.21083,38.97111,6,2.0,38_38_2026
702544,2026-01-09 20:00:05+00:00,2.0,ML,37.15083,28.43833,4,2.0,37_28_2026
702575,2026-01-10 02:55:01+00:00,4.1,MW,36.36028,28.73667,5,4.0,36_28_2026
702578,2026-01-10 03:00:50+00:00,2.6,ML,36.35472,28.73194,5,2.6,36_28_2026
702581,2026-01-10 04:13:36+00:00,2.7,ML,38.96222,25.915,4,2.6,38_25_2026
702597,2026-01-10 06:42:48+00:00,2.3,ML,40.24278,42.07056,3,2.2,40_42_2026
702612,2026-01-10 12:46:50+00:00,2.6,ML,37.85361,29.50306,5,2.6,37_29_2026
702615,2026-01-10 13:50:42+00:00,2.4,ML,38.92611,41.07444,5,2.4,38_41_2026
702629,2026-01-10 16:13:56+00:00,2.0,ML,39.19417,40.30667,3,2.0,39_40_2026
702640,2026-01-10 17:48:50+00:00,2.3,ML,40.43472,30.17278,8,2.2,40_30_2026
702657,2026-01-10 21:50:22+00:00,4.0,MW,34.32056,34.93917,4,4.0,34_34_2026
702668,2026-01-10 23:09:59+00:00,2.6,ML,40.91167,31.69222,6,2.6,40_31_2026
702688,2026-01-11 01:17:59+00:00,3.7,ML,38.77306,27.13889,12,3.6,38_27_2026
702690,2026-01-11 01:32:54+00:00,2.9,ML,38.76278,27.13361,5,2.8,38_27_2026
702689,2026-01-11 01:33:37+00:00,3.8,ML,38.76889,27.13972,11,3.8,38_27_2026
702701,2026-01-11 02:18:29+00:00,2.9,ML,39.36028,28.02333,9,2.8,39_28_2026
702707,2026-01-11 02:54:14+00:00,3.3,ML,38.77028,27.14167,11,3.2,38_27_2026
702737,2026-01-11 09:06:15+00:00,2.8,ML,38.27806,38.15944,9,2.8,38_38_2026
702769,2026-01-11 16:39:22+00:00,2.1,ML,38.91639,42.46778,4,2.0,38_42_2026
702787,2026-01-11 23:45:08+00:00,2.5,ML,40.96917,25.76083,6,2.4,40_25_2026
702786,2026-01-12 00:10:01+00:00,2.9,ML,39.20639,28.1425,8,2.8,39_28_2026
702806,2026-01-12 04:34:52+00:00,2.7,ML,38.77194,27.15444,5,2.6,38_27_2026
702861,2026-01-12 16:06:42+00:00,3.4,ML,37.92472,36.68611,11,3.4,37_36_2026
702866,2026-01-12 17:04:06+00:00,3.4,ML,38.46806,25.39,3,3.4,38_25_2026
702868,2026-01-12 17:43:24+00:00,3.6,ML,38.27139,38.27861,13,3.6,38_38_2026
702871,2026-01-12 18:55:59+00:00,2.4,ML,39.51,37.50278,7,2.4,39_37_2026
702886,2026-01-13 00:21:25+00:00,2.6,ML,38.58361,43.17167,5,2.6,38_43_2026
702888,2026-01-13 00:24:53+00:00,3.0,ML,38.59444,43.15222,7,3.0,38_43_2026
702892,2026-01-13 01:28:38+00:00,3.7,ML,35.59278,32.00611,7,3.6,35_32_2026
702905,2026-01-13 06:51:42+00:00,2.7,ML,39.00222,25.92667,3,2.6,39_25_2026
702906,2026-01-13 07:09:34+00:00,2.1,ML,39.535,39.92556,3,2.0,39_39_2026
702901,2026-01-13 08:18:03+00:00,3.0,ML,38.24194,25.9675,5,3.0,38_25_2026
702908,2026-01-13 09:14:22+00:00,2.9,ML,39.15028,28.27806,7,2.8,39_28_2026
702923,2026-01-13 12:40:02+00:00,2.2,ML,38.13806,36.84056,4,2.2,38_36_2026
702924,2026-01-13 13:00:11+00:00,3.5,ML,39.22306,28.14167,19,3.4,39_28_2026
702935,2026-01-13 16:48:41+00:00,2.6,ML,38.03667,37.70944,8,2.6,38_37_2026
702949,2026-01-13 22:05:26+00:00,2.9,ML,39.08944,25.87333,4,2.8,39_25_2026
702966,2026-01-14 01:44:11+00:00,2.2,ML,40.74417,29.06167,15,2.2,40_29_2026
703000,2026-01-14 09:21:13+00:00,2.0,ML,38.75056,43.50389,4,2.0,38_43_2026
703011,2026-01-14 12:07:40+00:00,2.6,ML,39.09417,33.29972,11,2.6,39_33_2026
703012,2026-01-14 13:41:13+00:00,3.3,ML,38.12333,38.58944,8,3.2,38_38_2026
703024,2026-01-14 15:55:15+00:00,2.6,ML,38.14306,38.43639,6,2.6,38_38_2026
703032,2026-01-14 17:36:31+00:00,3.9,ML,39.16972,28.31278,21,3.8,39_28_2026
703080,2026-01-14 23:03:10+00:00,3.6,ML,39.32056,27.70583,22,3.6,39_27_2026
703087,2026-01-14 23:55:33+00:00,3.0,ML,39.18667,28.24472,18,3.0,39_28_2026
703115,2026-01-15 02:41:44+00:00,2.5,ML,38.32361,38.87417,6,2.4,38_38_2026
703125,2026-01-15 05:33:22+00:00,2.5,ML,40.14,33.31889,7,2.4,40_33_2026
703130,2026-01-15 06:53:28+00:00,3.5,MW,35.66139,28.18806,3,3.4,35_28_2026
703179,2026-01-15 18:18:15+00:00,2.1,ML,40.71028,29.25194,15,2.0,40_29_2026
703268,2026-01-16 10:19:01+00:00,4.0,ML,38.15111,36.65611,11,4.0,38_36_2026
703277,2026-01-16 11:00:41+00:00,2.7,ML,37.15611,36.26278,4,2.6,37_36_2026
703316,2026-01-16 18:33:22+00:00,2.4,ML,38.9575,25.85861,4,2.4,38_25_2026
703325,2026-01-16 21:40:18+00:00,3.2,ML,39.32111,27.68222,20,3.2,39_27_2026
703347,2026-01-17 03:39:30+00:00,3.8,MW,38.47361,25.40222,3,3.8,38_25_2026
703356,2026-01-17 05:58:09+00:00,2.6,ML,38.57361,40.4275,6,2.6,38_40_2026
703360,2026-01-17 06:16:18+00:00,2.5,ML,39.25833,28.97889,5,2.4,39_28_2026
703365,2026-01-17 08:37:25+00:00,2.2,ML,37.48528,36.09,3,2.2,37_36_2026
703391,2026-01-17 20:16:13+00:00,2.8,ML,39.25667,41.62889,6,2.8,39_41_2026
703395,2026-01-17 21:02:09+00:00,2.5,ML,39.13583,28.32528,5,2.4,39_28_2026
703404,2026-01-17 22:29:02+00:00,2.8,ML,36.8525,30.63222,3,2.8,36_30_2026
703405,2026-01-18 00:15:04+00:00,3.1,ML,39.02944,25.995,5,3.0,39_25_2026
703412,2026-01-18 01:07:59+00:00,2.5,ML,36.46944,28.6075,7,2.4,36_28_2026
703423,2026-01-18 03:27:45+00:00,3.1,ML,39.01806,25.9575,6,3.0,39_25_2026
703438,2026-01-18 06:23:14+00:00,2.4,ML,37.11306,35.995,4,2.4,37_35_2026
703486,2026-01-18 15:55:51+00:00,3.1,ML,38.51278,38.03556,10,3.0,38_38_2026
703498,2026-01-18 19:17:43+00:00,3.1,ML,37.3925,37.10222,10,3.0,37_37_2026
703502,2026-01-18 20:41:54+00:00,3.0,ML,38.15639,38.42917,12,3.0,38_38_2026
703507,2026-01-18 22:04:12+00:00,2.3,ML,40.18167,31.75944,3,2.2,40_31_2026
703508,2026-01-18 22:07:49+00:00,2.0,ML,37.10472,35.99028,4,2.0,37_35_2026
703527,2026-01-19 01:10:41+00:00,2.2,ML,39.36639,40.73972,4,2.2,39_40_2026
703564,2026-01-19 10:59:34+00:00,3.0,ML,35.24556,32.05417,3,3.0,35_32_2026
703573,2026-01-19 15:03:39+00:00,2.2,ML,40.70361,29.17806,9,2.2,40_29_2026
703635,2026-01-20 13:45:18+00:00,2.3,ML,37.07333,29.45833,5,2.2,37_29_2026
703671,2026-01-21 01:01:48+00:00,3.4,ML,39.00722,40.48056,11,3.4,39_40_2026
703691,2026-01-21 04:45:39+00:00,2.2,ML,39.34278,40.76528,3,2.2,39_40_2026
703709,2026-01-21 08:34:39+00:00,2.1,ML,40.7025,29.15167,10,2.0,40_29_2026
703746,2026-01-21 13:12:17+00:00,3.9,MW,36.6925,34.10444,10,3.8,36_34_2026
703751,2026-01-21 13:15:41+00:00,2.5,ML,36.68472,34.1025,3,2.4,36_34_2026
703750,2026-01-21 13:28:28+00:00,3.3,ML,39.16889,28.24389,21,3.2,39_28_2026
703761,2026-01-21 14:55:03+00:00,3.2,ML,36.95389,28.94111,10,3.2,36_28_2026
703762,2026-01-21 15:11:49+00:00,4.5,MW,39.135,28.32389,27,4.4,39_28_2026
703776,2026-01-21 16:56:26+00:00,3.7,MW,39.13639,28.32278,10,3.6,39_28_2026
703777,2026-01-21 16:58:16+00:00,3.7,ML,39.15806,28.32,12,3.6,39_28_2026
703789,2026-01-21 18:21:48+00:00,3.0,ML,39.15167,28.30194,17,3.0,39_28_2026
703790,2026-01-21 18:23:15+00:00,3.6,ML,39.15833,28.32194,26,3.6,39_28_2026
703803,2026-01-21 19:27:46+00:00,3.4,ML,39.14083,28.30611,24,3.4,39_28_2026
703817,2026-01-21 20:11:36+00:00,4.1,MW,39.14833,28.32778,28,4.0,39_28_2026
703818,2026-01-21 20:28:55+00:00,4.4,MW,39.15917,28.30056,29,4.4,39_28_2026
703823,2026-01-21 20:38:16+00:00,3.0,ML,39.16333,28.30583,20,3.0,39_28_2026
703828,2026-01-21 20:46:57+00:00,2.6,ML,39.15917,28.30083,4,2.6,39_28_2026
703829,2026-01-21 20:48:17+00:00,3.1,ML,39.155,28.32667,19,3.0,39_28_2026
703832,2026-01-21 21:45:28+00:00,3.2,ML,39.15167,28.29389,17,3.2,39_28_2026
703846,2026-01-21 23:12:52+00:00,3.9,MW,39.15472,28.29583,27,3.8,39_28_2026
703850,2026-01-21 23:21:30+00:00,3.7,MW,39.14444,28.3075,22,3.6,39_28_2026
703851,2026-01-21 23:24:58+00:00,4.0,MW,39.13306,28.34583,24,4.0,39_28_2026
703879,2026-01-22 01:55:40+00:00,3.0,ML,39.25639,28.11167,19,3.0,39_28_2026
703886,2026-01-22 02:44:10+00:00,3.0,ML,38.83583,37.47028,11,3.0,38_37_2026
703916,2026-01-22 06:32:43+00:00,2.4,ML,38.99333,40.49167,5,2.4,38_40_2026
703952,2026-01-22 10:46:24+00:00,2.9,ML,39.13861,28.32528,8,2.8,39_28_2026
703996,2026-01-22 18:08:25+00:00,2.6,ML,39.15806,28.33528,8,2.6,39_28_2026
703998,2026-01-22 18:10:09+00:00,2.4,ML,40.15,31.78306,5,2.4,40_31_2026
704002,2026-01-22 18:35:32+00:00,3.1,ML,40.44472,26.38639,24,3.0,40_26_2026
704035,2026-01-22 22:45:25+00:00,2.9,ML,35.90917,28.69139,3,2.8,35_28_2026
704032,2026-01-22 22:55:51+00:00,3.3,ML,36.32222,36.08028,5,3.2,36_36_2026
704054,2026-01-23 00:48:33+00:00,2.2,ML,38.99278,42.0225,7,2.2,38_42_2026
704077,2026-01-23 04:49:38+00:00,3.0,ML,39.185,28.13611,18,3.0,39_28_2026
704078,2026-01-23 05:04:52+00:00,2.9,ML,36.68556,34.08667,4,2.8,36_34_2026
704081,2026-01-23 05:12:46+00:00,2.4,ML,36.68139,34.1125,4,2.4,36_34_2026
704132,2026-01-23 10:32:38+00:00,2.2,ML,38.61361,27.94361,4,2.2,38_27_2026
704153,2026-01-23 13:41:41+00:00,3.9,ML,39.2225,28.08889,24,3.8,39_28_2026
704166,2026-01-23 15:54:35+00:00,2.1,ML,36.96222,36.075,4,2.0,36_36_2026
704181,2026-01-23 18:39:23+00:00,2.2,ML,40.43917,26.25556,14,2.2,40_26_2026
704198,2026-01-23 21:24:37+00:00,5.1,MW,39.18778,28.28861,28,5.0,39_28_2026
704199,2026-01-23 21:28:46+00:00,3.6,ML,39.20611,28.29167,25,3.6,39_28_2026
704208,2026-01-23 21:47:53+00:00,2.2,ML,39.18778,28.26694,9,2.2,39_28_2026
704210,2026-01-23 21:49:29+00:00,3.4,ML,39.17167,28.28472,24,3.4,39_28_2026
704227,2026-01-23 22:31:52+00:00,3.3,ML,39.18917,28.26472,27,3.2,39_28_2026
704226,2026-01-23 22:32:32+00:00,3.9,ML,39.19417,28.26778,12,3.8,39_28_2026
704264,2026-01-23 23:57:28+00:00,3.4,ML,39.1975,28.28861,28,3.4,39_28_2026
704297,2026-01-24 01:48:01+00:00,3.0,ML,39.19389,28.29639,26,3.0,39_28_2026
704343,2026-01-24 07:34:13+00:00,4.1,ML,39.185,28.29278,28,4.0,39_28_2026
704350,2026-01-24 08:00:38+00:00,3.2,ML,39.17389,28.30222,23,3.2,39_28_2026
704352,2026-01-24 08:01:19+00:00,2.9,ML,39.18389,28.30056,4,2.8,39_28_2026
704360,2026-01-24 08:59:37+00:00,3.6,ML,39.17139,28.30417,26,3.6,39_28_2026
704367,2026-01-24 09:31:19+00:00,3.0,ML,39.16361,28.30167,17,3.0,39_28_2026
704383,2026-01-24 10:37:25+00:00,2.0,ML,39.77722,41.99611,3,2.0,39_41_2026
704395,2026-01-24 12:11:23+00:00,2.8,ML,39.22111,28.19806,9,2.8,39_28_2026
704423,2026-01-24 14:48:45+00:00,2.6,ML,39.14361,28.31889,8,2.6,39_28_2026
704484,2026-01-25 01:10:38+00:00,2.7,ML,40.70583,29.15889,18,2.6,40_29_2026
704493,2026-01-25 01:32:44+00:00,2.4,ML,34.77833,32.6075,3,2.4,34_32_2026
704497,2026-01-25 02:29:06+00:00,2.0,ML,36.68583,34.12194,5,2.0,36_34_2026
704506,2026-01-25 04:14:05+00:00,2.0,ML,37.9175,36.6725,4,2.0,37_36_2026
704524,2026-01-25 09:29:36+00:00,3.9,MW,39.1625,28.31694,27,3.8,39_28_2026
704553,2026-01-25 13:41:13+00:00,2.3,ML,37.225,37.02722,3,2.2,37_37_2026
704573,2026-01-25 16:13:26+00:00,4.1,MW,37.14083,36.92139,11,4.0,37_36_2026
704587,2026-01-25 18:57:57+00:00,2.9,ML,39.185,28.24472,11,2.8,39_28_2026
704593,2026-01-25 19:32:14+00:00,2.8,ML,39.21917,28.16083,11,2.8,39_28_2026
704602,2026-01-25 20:28:00+00:00,2.4,ML,39.10194,37.84,9,2.4,39_37_2026
704616,2026-01-25 23:17:14+00:00,3.4,ML,39.17417,28.31778,30,3.4,39_28_2026
704619,2026-01-25 23:50:26+00:00,2.9,ML,39.16917,28.31,11,2.8,39_28_2026
704628,2026-01-26 00:47:20+00:00,4.4,MW,39.155,28.31083,30,4.4,39_28_2026
704629,2026-01-26 00:50:54+00:00,3.3,ML,39.13667,28.32278,25,3.2,39_28_2026
704672,2026-01-26 06:00:37+00:00,2.6,ML,38.79167,43.68778,4,2.6,38_43_2026
704697,2026-01-26 11:24:05+00:00,3.2,ML,39.2225,28.09972,13,3.2,39_28_2026
704708,2026-01-26 13:56:17+00:00,2.8,ML,39.19333,28.30333,7,2.8,39_28_2026
704725,2026-01-26 16:04:12+00:00,2.6,ML,38.23194,38.61083,7,2.6,38_38_2026
704740,2026-01-26 19:16:24+00:00,2.7,ML,34.89028,33.79222,4,2.6,34_33_2026
704753,2026-01-26 23:00:04+00:00,2.2,ML,38.61333,39.68639,4,2.2,38_39_2026
704751,2026-01-26 23:13:29+00:00,2.6,ML,40.19389,31.77222,7,2.6,40_31_2026
704752,2026-01-26 23:16:06+00:00,3.1,ML,39.17056,28.29861,20,3.0,39_28_2026
704755,2026-01-26 23:39:33+00:00,2.3,ML,37.68306,29.08194,4,2.2,37_29_2026
704757,2026-01-26 23:52:41+00:00,2.4,ML,37.85583,37.89306,4,2.4,37_37_2026
704775,2026-01-27 02:07:13+00:00,2.0,ML,38.78222,43.68472,4,2.0,38_43_2026
704831,2026-01-27 11:37:13+00:00,2.7,ML,38.35,37.52167,8,2.6,38_37_2026
704832,2026-01-27 11:40:18+00:00,3.5,ML,39.81556,38.92694,14,3.4,39_38_2026
704872,2026-01-27 16:02:59+00:00,2.0,ML,39.3125,28.13556,7,2.0,39_28_2026
704891,2026-01-27 18:53:08+00:00,3.7,ML,38.12111,38.49139,15,3.6,38_38_2026
704898,2026-01-27 19:40:08+00:00,2.3,ML,37.58639,37.30472,5,2.2,37_37_2026
704897,2026-01-27 19:49:42+00:00,3.1,ML,38.36528,38.79972,12,3.0,38_38_2026
704900,2026-01-27 20:15:47+00:00,3.8,ML,41.25667,39.81972,3,3.8,41_39_2026
704914,2026-01-27 21:39:29+00:00,2.8,ML,39.17083,28.32,10,2.8,39_28_2026
704942,2026-01-28 01:18:41+00:00,2.4,ML,39.84056,41.85083,4,2.4,39_41_2026
704956,2026-01-28 02:17:40+00:00,3.0,ML,39.18417,28.27528,25,3.0,39_28_2026
704962,2026-01-28 03:54:17+00:00,3.2,ML,39.14333,28.32139,24,3.2,39_28_2026
705007,2026-01-28 11:15:51+00:00,2.8,ML,39.22028,28.00889,8,2.8,39_28_2026
705008,2026-01-28 11:16:39+00:00,3.1,ML,38.35583,38.8175,10,3.0,38_38_2026
705020,2026-01-28 13:43:04+00:00,2.8,ML,39.16806,28.31639,8,2.8,39_28_2026
705044,2026-01-28 19:20:10+00:00,2.2,ML,38.77444,27.14389,4,2.2,38_27_2026
705045,2026-01-28 19:43:44+00:00,3.3,ML,37.13861,30.51028,13,3.2,37_30_2026
705061,2026-01-28 22:51:21+00:00,2.4,ML,38.80639,27.15222,4,2.4,38_27_2026
705101,2026-01-29 06:27:04+00:00,2.1,ML,35.25917,34.04417,3,2.0,35_34_2026
705121,2026-01-29 13:14:25+00:00,3.1,ML,38.10556,38.33944,9,3.0,38_38_2026
705126,2026-01-29 13:53:32+00:00,3.8,MW,39.44083,44.1575,4,3.8,39_44_2026
705137,2026-01-29 18:49:46+00:00,3.6,ML,39.15944,28.33472,21,3.6,39_28_2026
705141,2026-01-29 19:04:43+00:00,2.3,ML,40.85389,28.33167,16,2.2,40_28_2026
705155,2026-01-29 23:19:48+00:00,3.2,ML,38.20972,26.04083,4,3.2,38_26_2026
705156,2026-01-30 00:23:02+00:00,3.2,ML,39.21694,28.17306,21,3.2,39_28_2026
705163,2026-01-30 02:04:51+00:00,2.4,ML,40.2725,27.35528,21,2.4,40_27_2026
705165,2026-01-30 02:30:14+00:00,2.6,ML,37.86694,27.36167,4,2.6,37_27_2026
705167,2026-01-30 03:17:30+00:00,3.8,ML,37.90333,27.48806,12,3.8,37_27_2026
705188,2026-01-30 07:40:03+00:00,3.8,ML,39.18611,28.30806,25,3.8,39_28_2026
705217,2026-01-30 12:21:49+00:00,2.7,ML,40.23306,32.94111,10,2.6,40_32_2026
705234,2026-01-30 17:38:04+00:00,3.1,ML,40.78222,31.64333,15,3.0,40_31_2026
705323,2026-01-31 05:05:04+00:00,2.1,ML,39.24917,27.77,3,2.0,39_27_2026
705321,2026-01-31 05:22:24+00:00,2.9,ML,38.16389,38.5725,8,2.8,38_38_2026
705331,2026-01-31 07:27:12+00:00,3.0,ML,35.81861,31.44361,5,3.0,35_31_2026
705337,2026-01-31 09:21:00+00:00,2.1,ML,39.54028,25.42389,3,2.0,39_25_2026
705350,2026-01-31 11:18:25+00:00,2.5,ML,34.66417,32.39694,3,2.4,34_32_2026
705352,2026-01-31 11:56:50+00:00,3.7,ML,37.90889,36.28583,7,3.6,37_36_2026
705395,2026-01-31 20:53:26+00:00,2.6,ML,38.36333,38.75278,7,2.6,38_38_2026
705433,2026-02-01 03:20:45+00:00,2.2,ML,39.69667,37.41667,4,2.2,39_37_2026
705439,2026-02-01 04:55:13+00:00,3.4,ML,37.33167,32.37028,9,3.4,37_32_2026
705447,2026-02-01 06:00:38+00:00,2.4,ML,37.33194,32.37,4,2.4,37_32_2026
705477,2026-02-01 14:03:10+00:00,2.9,ML,39.15833,28.15556,6,2.8,39_28_2026
705515,2026-02-01 23:35:13+00:00,2.0,ML,39.18889,28.26306,6,2.0,39_28_2026
705568,2026-02-02 06:46:34+00:00,2.6,ML,38.11972,36.4475,4,2.6,38_36_2026
705566,2026-02-02 07:12:33+00:00,3.5,ML,39.23917,29.01889,13,3.4,39_29_2026
705570,2026-02-02 07:27:51+00:00,3.4,ML,39.18278,28.30139,12,3.4,39_28_2026
705574,2026-02-02 08:41:20+00:00,2.4,ML,39.24111,29.02417,3,2.4,39_29_2026
705604,2026-02-02 17:10:40+00:00,3.2,ML,38.77694,27.14333,8,3.2,38_27_2026
705616,2026-02-02 21:12:17+00:00,3.0,ML,35.95722,30.81111,3,3.0,35_30_2026
705624,2026-02-03 01:08:39+00:00,2.1,ML,38.78056,27.13417,5,2.0,38_27_2026
705634,2026-02-03 04:12:59+00:00,3.0,ML,38.27917,37.76444,10,3.0,38_37_2026
705641,2026-02-03 05:35:35+00:00,3.1,ML,37.915,36.27667,6,3.0,37_36_2026
705645,2026-02-03 06:29:21+00:00,3.1,ML,39.2025,28.29778,20,3.0,39_28_2026
705648,2026-02-03 06:46:05+00:00,2.4,ML,38.77528,27.12917,4,2.4,38_27_2026
705667,2026-02-03 10:29:15+00:00,2.6,ML,37.79333,35.9775,5,2.6,37_35_2026
705690,2026-02-03 17:12:33+00:00,3.0,ML,38.22389,38.50306,12,3.0,38_38_2026
705715,2026-02-03 22:23:32+00:00,2.6,ML,37.97167,38.19583,6,2.6,37_38_2026
705727,2026-02-04 00:53:12+00:00,2.1,ML,40.72222,33.05417,6,2.0,40_33_2026
705728,2026-02-04 01:05:16+00:00,2.5,ML,40.82167,31.76889,7,2.4,40_31_2026
705750,2026-02-04 07:01:05+00:00,3.0,ML,40.7425,27.35194,20,3.0,40_27_2026
705754,2026-02-04 07:05:40+00:00,2.4,ML,38.17694,38.55944,3,2.4,38_38_2026
705752,2026-02-04 07:05:46+00:00,2.8,ML,40.20361,29.34833,7,2.8,40_29_2026
705766,2026-02-04 10:06:33+00:00,3.3,MW,37.30167,37.02333,3,3.2,37_37_2026
705851,2026-02-05 03:06:23+00:00,3.0,ML,38.16167,37.91861,8,3.0,38_37_2026
705852,2026-02-05 03:09:31+00:00,2.8,ML,38.16722,37.90944,7,2.8,38_37_2026
705853,2026-02-05 03:15:53+00:00,3.6,ML,38.15806,37.90722,10,3.6,38_37_2026
705869,2026-02-05 05:24:58+00:00,2.2,ML,38.03528,37.50333,4,2.2,38_37_2026
705887,2026-02-05 09:37:53+00:00,2.4,ML,38.19361,38.45833,5,2.4,38_38_2026
705891,2026-02-05 11:29:15+00:00,3.5,ML,39.13444,28.28528,13,3.4,39_28_2026
705894,2026-02-05 13:12:57+00:00,2.0,ML,40.85917,28.31278,9,2.0,40_28_2026
705908,2026-02-05 16:16:07+00:00,2.5,ML,38.38611,39.12972,5,2.4,38_39_2026
705949,2026-02-05 23:38:57+00:00,2.8,ML,39.235,28.95278,4,2.8,39_28_2026
705957,2026-02-06 00:08:43+00:00,2.4,ML,38.37806,36.53556,3,2.4,38_36_2026
706033,2026-02-06 11:16:13+00:00,4.9,MW,39.71056,38.84222,9,4.8,39_38_2026
706070,2026-02-06 20:13:43+00:00,2.1,ML,39.50667,27.99083,7,2.0,39_27_2026
706111,2026-02-07 06:40:37+00:00,2.8,ML,39.25472,28.09778,6,2.8,39_28_2026
706107,2026-02-07 06:41:10+00:00,3.5,ML,39.25056,28.12167,7,3.4,39_28_2026
706106,2026-02-07 06:41:20+00:00,4.1,MW,39.23389,28.09861,7,4.0,39_28_2026
706144,2026-02-07 16:16:18+00:00,3.2,ML,39.19222,28.275,23,3.2,39_28_2026
706155,2026-02-07 18:42:15+00:00,2.9,ML,39.97611,28.10083,27,2.8,39_28_2026
706160,2026-02-07 20:27:19+00:00,2.8,ML,38.59694,27.28722,5,2.8,38_27_2026
706181,2026-02-08 00:43:01+00:00,3.1,ML,39.15833,28.31139,23,3.0,39_28_2026
706196,2026-02-08 03:58:52+00:00,2.1,ML,38.27222,42.36667,3,2.0,38_42_2026
706224,2026-02-08 13:22:51+00:00,2.8,ML,38.6025,27.29694,4,2.8,38_27_2026
706226,2026-02-08 13:48:18+00:00,3.3,ML,37.30306,28.51111,9,3.2,37_28_2026
706229,2026-02-08 14:38:53+00:00,2.7,ML,38.26944,38.77972,8,2.6,38_38_2026
706254,2026-02-08 19:24:27+00:00,2.0,ML,39.73167,38.82444,3,2.0,39_38_2026
706302,2026-02-09 04:57:09+00:00,2.7,ML,37.51778,38.64722,7,2.6,37_38_2026
706309,2026-02-09 07:53:24+00:00,2.8,ML,39.56333,27.90056,15,2.8,39_27_2026
706317,2026-02-09 08:43:33+00:00,2.9,ML,40.78944,27.70167,27,2.8,40_27_2026
706332,2026-02-09 12:53:43+00:00,2.3,ML,38.00194,35.52389,3,2.2,38_35_2026
706348,2026-02-09 16:51:41+00:00,3.1,ML,39.22111,28.00528,15,3.0,39_28_2026
706375,2026-02-09 21:06:30+00:00,2.1,ML,37.99528,28.42333,5,2.0,37_28_2026
706407,2026-02-10 00:46:51+00:00,2.0,ML,36.53444,31.20222,3,2.0,36_31_2026
706409,2026-02-10 02:39:20+00:00,2.6,ML,39.20667,27.98194,7,2.6,39_27_2026
706446,2026-02-10 13:24:32+00:00,3.0,ML,39.17111,28.30778,13,3.0,39_28_2026
706469,2026-02-10 18:59:44+00:00,2.6,ML,39.24167,29.01111,8,2.6,39_29_2026
706477,2026-02-10 20:32:12+00:00,2.8,ML,39.24944,29.00556,8,2.8,39_29_2026
706488,2026-02-10 21:38:28+00:00,4.1,MW,39.705,38.80667,12,4.0,39_38_2026
706517,2026-02-11 03:22:13+00:00,2.1,ML,40.19306,31.72111,6,2.0,40_31_2026
706519,2026-02-11 04:24:48+00:00,2.8,ML,38.2175,38.59361,8,2.8,38_38_2026
706528,2026-02-11 06:21:37+00:00,2.2,ML,39.70278,38.83806,5,2.2,39_38_2026
706560,2026-02-11 12:24:33+00:00,2.6,ML,39.24833,28.1,8,2.6,39_28_2026
706575,2026-02-11 14:25:06+00:00,2.3,ML,40.04611,28.75194,12,2.2,40_28_2026
706598,2026-02-11 20:05:55+00:00,2.5,ML,38.63667,31.00278,7,2.4,38_31_2026
706611,2026-02-11 22:38:17+00:00,2.1,ML,39.24472,29.00583,7,2.0,39_29_2026
706623,2026-02-12 04:15:01+00:00,2.7,ML,38.22667,38.73361,9,2.6,38_38_2026
706634,2026-02-12 06:46:10+00:00,2.5,ML,36.87944,34.84083,3,2.4,36_34_2026
706635,2026-02-12 07:05:04+00:00,2.7,ML,39.69306,38.84639,5,2.6,39_38_2026
706637,2026-02-12 08:33:47+00:00,2.8,ML,38.06633,36.62783,5,2.8,38_36_2026
706639,2026-02-12 09:15:00+00:00,2.0,ML,39.43317,38.61367,6,2.0,39_38_2026
706644,2026-02-12 10:55:25+00:00,3.0,ML,39.15306,28.27694,5,3.0,39_28_2026
706680,2026-02-12 23:01:49+00:00,3.1,ML,40.49,30.24306,22,3.0,40_30_2026
706685,2026-02-12 23:36:07+00:00,2.2,ML,38.49417,43.28417,4,2.2,38_43_2026
706715,2026-02-13 06:10:54+00:00,2.2,ML,40.17417,31.71611,3,2.2,40_31_2026
706753,2026-02-13 14:56:45+00:00,2.5,ML,39.37944,27.97944,9,2.4,39_27_2026
706768,2026-02-13 17:20:58+00:00,2.5,ML,38.13889,36.5875,4,2.4,38_36_2026
706805,2026-02-14 03:37:14+00:00,2.4,ML,37.0525,30.64056,4,2.4,37_30_2026
706815,2026-02-14 05:44:13+00:00,2.3,ML,40.62639,27.64944,23,2.2,40_27_2026
706829,2026-02-14 08:39:21+00:00,2.4,ML,38.12167,36.44861,3,2.4,38_36_2026
706836,2026-02-14 10:12:55+00:00,2.3,ML,39.84111,33.32056,7,2.2,39_33_2026
706842,2026-02-14 11:34:52+00:00,3.5,ML,40.04917,28.74306,32,3.4,40_28_2026
706849,2026-02-14 13:28:20+00:00,2.2,ML,38.10111,36.55111,3,2.2,38_36_2026
706862,2026-02-14 15:36:58+00:00,2.3,ML,41.12028,34.89444,4,2.2,41_34_2026
706888,2026-02-14 21:20:48+00:00,4.0,MW,41.11333,34.96083,6,4.0,41_34_2026
706897,2026-02-14 23:21:01+00:00,2.6,ML,37.88389,26.96833,3,2.6,37_26_2026
706913,2026-02-15 01:02:57+00:00,2.0,ML,37.83722,29.45556,5,2.0,37_29_2026
706919,2026-02-15 02:36:13+00:00,4.0,MW,34.37444,32.06694,4,4.0,34_32_2026
706922,2026-02-15 03:11:02+00:00,2.9,ML,37.99139,35.52833,5,2.8,37_35_2026
706923,2026-02-15 03:19:00+00:00,2.2,ML,37.99333,35.52194,4,2.2,37_35_2026
706926,2026-02-15 04:26:11+00:00,3.0,ML,37.00972,28.55139,8,3.0,37_28_2026
706944,2026-02-15 09:53:59+00:00,2.1,ML,35.44722,32.67056,5,2.0,35_32_2026
706954,2026-02-15 13:54:35+00:00,2.1,ML,41.10889,34.95111,3,2.0,41_34_2026
706977,2026-02-15 21:18:24+00:00,2.6,ML,41.22,28.37083,21,2.6,41_28_2026
706991,2026-02-16 02:39:14+00:00,2.4,ML,37.00361,35.86972,4,2.4,37_35_2026
707011,2026-02-16 06:50:50+00:00,2.4,ML,38.72722,40.07333,4,2.4,38_40_2026
707030,2026-02-16 13:43:07+00:00,2.3,ML,37.58278,36.18333,3,2.2,37_36_2026
707046,2026-02-16 18:49:23+00:00,2.1,ML,39.25111,29.0075,6,2.0,39_29_2026
707059,2026-02-16 22:10:38+00:00,3.0,ML,39.22417,28.98944,14,3.0,39_28_2026
707060,2026-02-16 22:21:37+00:00,2.3,ML,39.23861,28.99361,7,2.2,39_28_2026
707074,2026-02-17 00:07:31+00:00,3.1,ML,39.22472,28.98944,17,3.0,39_28_2026
707075,2026-02-17 00:27:12+00:00,2.3,ML,39.58278,43.84389,3,2.2,39_43_2026
707147,2026-02-17 14:50:19+00:00,2.8,ML,39.02306,31.80278,5,2.8,39_31_2026
707199,2026-02-18 03:44:46+00:00,2.5,ML,40.38611,28.36194,22,2.4,40_28_2026
707230,2026-02-18 08:03:13+00:00,2.8,ML,39.17639,28.24833,7,2.8,39_28_2026
707232,2026-02-18 08:54:07+00:00,2.2,ML,39.24389,28.94139,4,2.2,39_28_2026
707253,2026-02-18 12:02:47+00:00,3.8,MW,39.20556,28.32056,27,3.8,39_28_2026
707289,2026-02-18 19:43:13+00:00,2.8,ML,40.39194,28.39139,23,2.8,40_28_2026
707319,2026-02-19 00:35:36+00:00,2.1,ML,37.09556,29.03139,5,2.0,37_29_2026
707351,2026-02-19 05:38:38+00:00,2.5,ML,40.21444,31.74861,6,2.4,40_31_2026
707358,2026-02-19 07:10:39+00:00,2.9,ML,37.84167,36.72722,4,2.8,37_36_2026
707362,2026-02-19 08:17:29+00:00,3.2,ML,39.20583,28.31667,8,3.2,39_28_2026
707377,2026-02-19 11:49:53+00:00,2.7,ML,38.91111,26.1075,5,2.6,38_26_2026
707387,2026-02-19 15:32:53+00:00,3.2,ML,37.21917,28.73444,9,3.2,37_28_2026
707391,2026-02-19 16:28:20+00:00,2.2,ML,37.69083,35.89528,4,2.2,37_35_2026
707404,2026-02-19 19:21:07+00:00,3.0,ML,39.15611,44.49028,3,3.0,39_44_2026
707405,2026-02-19 19:27:59+00:00,2.8,ML,39.5575,26.20861,10,2.8,39_26_2026
707409,2026-02-19 20:16:54+00:00,2.4,ML,39.24278,28.16889,8,2.4,39_28_2026
707453,2026-02-20 06:35:56+00:00,3.1,ML,39.40083,25.92833,7,3.0,39_25_2026
707484,2026-02-20 15:44:52+00:00,3.0,ML,39.18583,28.19278,16,3.0,39_28_2026
707500,2026-02-20 17:39:48+00:00,2.9,ML,39.62028,39.6575,7,2.8,39_39_2026
707510,2026-02-20 19:44:46+00:00,2.8,ML,39.17139,28.15861,9,2.8,39_28_2026
707515,2026-02-20 20:55:31+00:00,2.2,ML,36.52278,29.02167,3,2.2,36_29_2026
707530,2026-02-20 23:47:50+00:00,2.9,ML,36.72528,35.66806,4,2.8,36_35_2026
707557,2026-02-21 03:43:13+00:00,4.5,MW,38.28722,38.76639,15,4.4,38_38_2026
707565,2026-02-21 05:08:09+00:00,2.3,ML,38.60694,39.62278,5,2.2,38_39_2026
707570,2026-02-21 06:07:55+00:00,3.4,ML,39.23667,28.16639,19,3.4,39_28_2026
707630,2026-02-21 21:03:01+00:00,2.0,ML,37.0775,31.90778,3,2.0,37_31_2026
707633,2026-02-21 21:38:26+00:00,3.0,ML,37.70361,35.41,9,3.0,37_35_2026
707635,2026-02-21 21:43:22+00:00,2.6,ML,36.73833,36.10611,4,2.6,36_36_2026
707669,2026-02-22 03:06:22+00:00,2.2,ML,39.01528,25.63694,3,2.2,39_25_2026
707675,2026-02-22 04:09:21+00:00,2.8,ML,36.71917,36.12472,4,2.8,36_36_2026
707679,2026-02-22 04:40:49+00:00,3.4,ML,39.185,28.18722,23,3.4,39_28_2026
707680,2026-02-22 04:54:54+00:00,3.5,ML,39.18556,28.17611,21,3.4,39_28_2026
707682,2026-02-22 04:58:17+00:00,3.5,ML,35.805,28.59056,4,3.4,35_28_2026
707700,2026-02-22 08:19:10+00:00,3.4,ML,39.1275,28.36111,14,3.4,39_28_2026
707701,2026-02-22 08:20:08+00:00,3.2,ML,39.10583,28.38556,12,3.2,39_28_2026
707704,2026-02-22 09:27:24+00:00,2.9,ML,39.13972,28.33778,8,2.8,39_28_2026
707707,2026-02-22 09:46:32+00:00,2.4,ML,40.01056,42.0925,4,2.4,40_42_2026
707716,2026-02-22 12:09:24+00:00,3.5,ML,39.74806,24.28583,4,3.4,39_24_2026
707740,2026-02-22 17:14:37+00:00,2.0,ML,38.99361,39.47389,5,2.0,38_39_2026
707748,2026-02-22 17:43:33+00:00,2.6,ML,39.23556,28.19389,9,2.6,39_28_2026
707741,2026-02-22 17:47:19+00:00,2.6,ML,37.78889,35.415,4,2.6,37_35_2026
707773,2026-02-22 23:20:12+00:00,2.8,ML,39.87972,42.46944,5,2.8,39_42_2026
707788,2026-02-23 03:09:09+00:00,2.1,ML,38.90583,26.47167,4,2.0,38_26_2026
707794,2026-02-23 04:21:15+00:00,3.5,ML,37.89333,26.97,7,3.4,37_26_2026
707814,2026-02-23 06:01:19+00:00,2.3,ML,38.65639,26.49194,3,2.2,38_26_2026
707809,2026-02-23 06:26:36+00:00,3.4,ML,39.18083,28.17389,27,3.4,39_28_2026
707810,2026-02-23 06:40:21+00:00,2.9,ML,37.83611,26.92167,3,2.8,37_26_2026
707811,2026-02-23 07:17:28+00:00,2.9,ML,38.03306,36.45111,7,2.8,38_36_2026
707829,2026-02-23 12:26:07+00:00,3.1,ML,39.20444,28.15722,10,3.0,39_28_2026
707830,2026-02-23 12:37:30+00:00,2.9,ML,39.15367,28.13017,5,2.8,39_28_2026
707838,2026-02-23 13:47:04+00:00,2.2,ML,37.96917,29.00306,6,2.2,37_29_2026
707839,2026-02-23 14:13:07+00:00,2.3,ML,38.51222,39.35667,4,2.2,38_39_2026
707865,2026-02-23 20:34:58+00:00,2.2,ML,38.27556,27.2325,4,2.2,38_27_2026
707867,2026-02-23 21:22:39+00:00,3.4,ML,36.73083,26.32139,3,3.4,36_26_2026
707878,2026-02-23 23:28:01+00:00,3.5,ML,38.65667,43.10417,8,3.4,38_43_2026
707914,2026-02-24 04:45:10+00:00,2.4,ML,37.22222,27.83972,3,2.4,37_27_2026
707932,2026-02-24 08:04:51+00:00,2.9,ML,36.01944,28.99139,3,2.8,36_28_2026
707948,2026-02-24 11:33:00+00:00,3.7,MW,37.92833,28.78889,11,3.6,37_28_2026
708035,2026-02-25 03:06:45+00:00,3.0,ML,39.14083,28.35222,12,3.0,39_28_2026
708038,2026-02-25 04:12:34+00:00,3.2,ML,39.14167,28.35944,10,3.2,39_28_2026
708039,2026-02-25 04:14:44+00:00,3.0,ML,39.12889,28.355,9,3.0,39_28_2026
708046,2026-02-25 05:03:08+00:00,3.3,ML,39.13972,28.35278,10,3.2,39_28_2026
708066,2026-02-25 09:16:11+00:00,2.2,ML,38.05167,35.20861,4,2.2,38_35_2026
708088,2026-02-25 19:37:20+00:00,2.3,ML,38.40778,38.95389,8,2.2,38_38_2026
708099,2026-02-25 21:54:41+00:00,3.2,ML,34.57194,32.46917,3,3.2,34_32_2026
708164,2026-02-26 17:17:08+00:00,4.7,MW,38.10667,37.3125,11,4.6,38_37_2026
708185,2026-02-26 23:14:21+00:00,2.3,ML,39.24833,41.43556,4,2.2,39_41_2026
708206,2026-02-27 02:43:51+00:00,2.0,ML,40.83083,27.92056,10,2.0,40_27_2026
708251,2026-02-27 10:44:26+00:00,2.0,ML,38.95667,42.27333,3,2.0,38_42_2026
708299,2026-02-28 02:26:43+00:00,2.7,ML,36.25972,36.03361,3,2.6,36_36_2026
708311,2026-02-28 06:26:16+00:00,3.6,ML,37.1575,36.59889,6,3.6,37_36_2026
708320,2026-02-28 09:06:02+00:00,3.5,ML,37.15167,36.59722,6,3.4,37_36_2026
708366,2026-02-28 20:52:32+00:00,2.4,ML,37.93833,36.4925,5,2.4,37_36_2026
708392,2026-03-01 01:55:08+00:00,2.2,ML,39.485,27.04528,3,2.2,39_27_2026
708416,2026-03-01 05:03:25+00:00,2.9,ML,39.17083,28.25556,7,2.8,39_28_2026
708463,2026-03-01 13:50:30+00:00,2.5,ML,38.20111,39.29222,5,2.4,38_39_2026
708483,2026-03-01 21:04:44+00:00,2.2,ML,37.06944,28.34111,4,2.2,37_28_2026
708481,2026-03-01 21:59:55+00:00,3.1,ML,39.72306,38.88611,9,3.0,39_38_2026
708485,2026-03-01 23:33:21+00:00,2.2,ML,36.8025,29.32611,7,2.2,36_29_2026
708498,2026-03-02 02:57:07+00:00,2.0,ML,36.985,28.92111,3,2.0,36_28_2026
708506,2026-03-02 04:12:37+00:00,2.4,ML,37.01389,28.55861,6,2.4,37_28_2026
708514,2026-03-02 05:52:48+00:00,3.0,ML,38.19083,39.07556,12,3.0,38_39_2026
708515,2026-03-02 05:55:07+00:00,3.9,ML,38.53944,36.29083,12,3.8,38_36_2026
708520,2026-03-02 06:48:36+00:00,2.5,ML,38.90639,26.13194,4,2.4,38_26_2026
708542,2026-03-02 13:46:17+00:00,2.7,ML,39.85944,29.89389,6,2.6,39_29_2026
708548,2026-03-02 14:52:51+00:00,4.3,MW,38.23694,38.49278,14,4.2,38_38_2026
708564,2026-03-02 18:15:15+00:00,2.1,ML,40.03,42.07833,3,2.0,40_42_2026
708585,2026-03-02 21:54:08+00:00,2.9,ML,39.72389,38.88083,3,2.8,39_38_2026
708596,2026-03-03 00:40:20+00:00,2.2,ML,40.53222,32.96944,9,2.2,40_32_2026
708633,2026-03-03 08:52:16+00:00,3.0,ML,36.44056,28.57889,8,3.0,36_28_2026
708634,2026-03-03 09:08:27+00:00,2.8,ML,38.02667,37.51694,7,2.8,38_37_2026
708661,2026-03-03 12:20:14+00:00,3.0,ML,35.98194,31.30472,3,3.0,35_31_2026
708673,2026-03-03 15:49:52+00:00,2.5,ML,38.24528,38.75528,9,2.4,38_38_2026
708674,2026-03-03 15:52:35+00:00,2.1,ML,38.59111,31.41889,7,2.0,38_31_2026
708676,2026-03-03 16:02:22+00:00,2.7,ML,39.18806,40.31278,3,2.6,39_40_2026
708699,2026-03-03 21:29:38+00:00,2.4,ML,39.185,28.2775,9,2.4,39_28_2026
708764,2026-03-04 11:48:18+00:00,2.1,ML,39.305,27.72556,10,2.0,39_27_2026
708770,2026-03-04 15:45:41+00:00,3.7,MW,36.25639,31.77417,10,3.6,36_31_2026
708781,2026-03-04 18:06:45+00:00,2.3,ML,40.05944,38.76556,4,2.2,40_38_2026
708778,2026-03-04 18:14:57+00:00,3.2,ML,36.10944,31.22194,7,3.2,36_31_2026
708789,2026-03-04 20:14:24+00:00,3.1,ML,38.92806,43.55111,3,3.0,38_43_2026
708798,2026-03-04 23:02:06+00:00,2.9,ML,37.93583,36.62028,6,2.8,37_36_2026
708805,2026-03-04 23:54:53+00:00,2.4,ML,39.24278,27.94444,8,2.4,39_27_2026
708809,2026-03-05 01:11:16+00:00,3.9,MW,38.11694,25.96972,7,3.8,38_25_2026
708826,2026-03-05 04:15:47+00:00,2.5,ML,39.10139,27.84139,8,2.4,39_27_2026
708828,2026-03-05 04:33:46+00:00,2.7,ML,37.18333,36.67,5,2.6,37_36_2026
708835,2026-03-05 07:39:36+00:00,2.1,ML,40.80083,35.37317,4,2.0,40_35_2026
708879,2026-03-05 18:07:08+00:00,2.6,ML,41.215,38.97,3,2.6,41_38_2026
708898,2026-03-05 22:49:23+00:00,3.2,ML,38.08611,38.48972,13,3.2,38_38_2026
708945,2026-03-06 06:05:23+00:00,3.1,ML,36.83611,28.2525,4,3.0,36_28_2026
708972,2026-03-06 10:35:10+00:00,3.6,MW,39.17722,28.30806,27,3.6,39_28_2026
709016,2026-03-06 16:20:55+00:00,2.9,ML,38.18,38.62889,9,2.8,38_38_2026
709022,2026-03-06 18:02:17+00:00,2.2,ML,38.59694,27.29278,4,2.2,38_27_2026
709024,2026-03-06 18:51:37+00:00,2.1,ML,40.40139,28.93028,10,2.0,40_28_2026
709037,2026-03-06 22:19:46+00:00,2.1,ML,41.8425,25.72889,3,2.0,41_25_2026
709046,2026-03-07 00:22:29+00:00,2.3,ML,38.77278,30.46417,6,2.2,38_30_2026
709060,2026-03-07 03:37:20+00:00,3.2,ML,38.15861,37.46778,12,3.2,38_37_2026
709075,2026-03-07 07:05:40+00:00,2.1,ML,40.81583,27.97639,13,2.0,40_27_2026
709084,2026-03-07 13:17:59+00:00,2.1,ML,38.26222,31.08139,3,2.0,38_31_2026
709105,2026-03-07 18:58:01+00:00,2.8,ML,39.22806,28.08944,7,2.8,39_28_2026
709107,2026-03-07 19:20:21+00:00,2.7,ML,40.03944,28.76472,20,2.6,40_28_2026
709134,2026-03-08 02:49:29+00:00,3.1,ML,38.95417,26.21806,9,3.0,38_26_2026
709137,2026-03-08 03:20:30+00:00,2.2,ML,39.03333,29.72972,5,2.2,39_29_2026
709145,2026-03-08 04:59:30+00:00,2.4,ML,37.51667,37.19472,7,2.4,37_37_2026
709157,2026-03-08 09:06:59+00:00,2.1,ML,39.3875,27.98028,4,2.0,39_27_2026
709162,2026-03-08 10:10:54+00:00,3.9,MW,38.57972,27.64083,16,3.8,38_27_2026
709167,2026-03-08 13:17:44+00:00,3.3,ML,38.10278,25.95722,5,3.2,38_25_2026
709174,2026-03-08 15:32:30+00:00,3.4,ML,36.36583,28.22194,7,3.4,36_28_2026
709180,2026-03-08 16:24:44+00:00,2.6,ML,38.07861,38.39056,6,2.6,38_38_2026
709182,2026-03-08 16:32:41+00:00,2.9,ML,38.57417,26.43972,5,2.8,38_26_2026
709206,2026-03-08 20:30:36+00:00,2.1,ML,37.775,36.5775,3,2.0,37_36_2026
709257,2026-03-09 06:21:04+00:00,5.1,MW,38.08694,28.97389,15,5.0,38_28_2026
709258,2026-03-09 06:23:31+00:00,3.4,ML,38.07333,28.95694,3,3.4,38_28_2026
709260,2026-03-09 06:25:16+00:00,3.1,ML,38.05861,28.98,12,3.0,38_28_2026
709263,2026-03-09 06:27:27+00:00,2.5,ML,38.08611,28.96444,7,2.4,38_28_2026
709275,2026-03-09 06:39:34+00:00,2.7,ML,38.07056,28.9775,8,2.6,38_28_2026
709282,2026-03-09 06:55:32+00:00,2.6,ML,38.06517,28.9625,8,2.6,38_28_2026
709296,2026-03-09 07:27:42+00:00,3.1,ML,38.09111,28.97,14,3.0,38_28_2026
709308,2026-03-09 07:47:45+00:00,2.8,ML,38.08611,28.95361,10,2.8,38_28_2026
709307,2026-03-09 08:05:20+00:00,3.3,ML,38.08972,28.96944,12,3.2,38_28_2026
709315,2026-03-09 08:15:49+00:00,3.6,MW,38.06417,28.98667,13,3.6,38_28_2026
709316,2026-03-09 08:20:08+00:00,2.7,ML,38.08333,28.96778,6,2.6,38_28_2026
709320,2026-03-09 08:38:32+00:00,3.0,ML,38.09194,28.97722,8,3.0,38_28_2026
709326,2026-03-09 08:48:58+00:00,3.2,ML,38.08444,28.97333,14,3.2,38_28_2026
709335,2026-03-09 09:18:40+00:00,3.3,ML,38.06222,28.96861,15,3.2,38_28_2026
709337,2026-03-09 09:33:29+00:00,2.9,ML,38.10333,36.87083,7,2.8,38_36_2026
709339,2026-03-09 09:50:39+00:00,2.9,ML,38.07222,28.96972,11,2.8,38_28_2026
709340,2026-03-09 09:59:02+00:00,3.0,ML,38.07917,28.95194,15,3.0,38_28_2026
709342,2026-03-09 10:04:35+00:00,2.6,ML,38.07556,28.98417,7,2.6,38_28_2026
709346,2026-03-09 10:23:10+00:00,2.4,ML,38.08028,28.98333,6,2.4,38_28_2026
709350,2026-03-09 10:38:12+00:00,2.4,ML,38.09306,28.96778,5,2.4,38_28_2026
709352,2026-03-09 11:01:55+00:00,3.0,ML,38.08667,28.98417,11,3.0,38_28_2026
709353,2026-03-09 11:08:28+00:00,2.6,ML,38.0875,28.9775,4,2.6,38_28_2026
709355,2026-03-09 11:26:00+00:00,3.6,MW,38.06278,28.98528,16,3.6,38_28_2026
709360,2026-03-09 12:04:56+00:00,2.3,ML,38.0875,28.97167,3,2.2,38_28_2026
709364,2026-03-09 12:42:19+00:00,3.1,ML,38.07917,28.98333,12,3.0,38_28_2026
709368,2026-03-09 12:46:19+00:00,2.9,ML,38.06194,28.97833,10,2.8,38_28_2026
709376,2026-03-09 13:35:55+00:00,2.3,ML,38.0725,29.00222,7,2.2,38_29_2026
709391,2026-03-09 15:23:52+00:00,2.8,ML,38.06,28.98611,9,2.8,38_28_2026
709392,2026-03-09 15:29:03+00:00,2.6,ML,38.08444,28.97194,9,2.6,38_28_2026
709396,2026-03-09 15:58:51+00:00,2.8,ML,40.75778,32.98472,7,2.8,40_32_2026
709397,2026-03-09 16:05:15+00:00,2.5,ML,38.07694,28.95139,8,2.4,38_28_2026
709398,2026-03-09 16:10:30+00:00,2.5,ML,38.03667,29.04056,6,2.4,38_29_2026
709399,2026-03-09 16:15:54+00:00,2.4,ML,38.05417,29.05333,8,2.4,38_29_2026
709401,2026-03-09 17:02:35+00:00,4.1,MW,38.08639,28.97583,10,4.0,38_28_2026
709415,2026-03-09 18:26:48+00:00,3.2,ML,38.82,26.36361,4,3.2,38_26_2026
709422,2026-03-09 19:05:55+00:00,2.9,ML,38.08222,28.99,8,2.8,38_28_2026
709429,2026-03-09 20:20:25+00:00,4.2,MW,38.08722,28.96889,11,4.2,38_28_2026
709430,2026-03-09 20:22:13+00:00,3.1,ML,38.08611,28.97889,6,3.0,38_28_2026
709434,2026-03-09 20:39:22+00:00,2.1,ML,38.0775,28.98889,8,2.0,38_28_2026
709438,2026-03-09 21:23:12+00:00,2.0,ML,38.42222,39.38667,3,2.0,38_39_2026
709443,2026-03-09 21:36:55+00:00,2.6,ML,40.34389,42.2275,5,2.6,40_42_2026
709439,2026-03-09 21:40:06+00:00,2.8,ML,38.07528,28.98083,11,2.8,38_28_2026
709471,2026-03-10 03:41:14+00:00,3.0,ML,38.07722,28.98833,14,3.0,38_28_2026
709478,2026-03-10 04:59:47+00:00,2.4,ML,38.93028,26.59806,5,2.4,38_26_2026
709481,2026-03-10 05:23:58+00:00,2.6,ML,38.08917,28.98556,9,2.6,38_28_2026
709514,2026-03-10 10:36:03+00:00,3.1,ML,39.18528,28.25583,18,3.0,39_28_2026
709521,2026-03-10 11:20:20+00:00,4.1,MW,36.56667,31.46833,6,4.0,36_31_2026
709532,2026-03-10 13:20:25+00:00,2.6,ML,39.18139,28.23972,7,2.6,39_28_2026
709541,2026-03-10 15:48:27+00:00,2.7,ML,36.80056,27.90444,5,2.6,36_27_2026
709543,2026-03-10 16:30:06+00:00,3.7,ML,38.08972,28.97694,16,3.6,38_28_2026
709550,2026-03-10 17:34:08+00:00,2.0,ML,39.04889,32.54306,8,2.0,39_32_2026
709610,2026-03-11 04:42:15+00:00,4.0,MW,38.08583,28.98028,17,4.0,38_28_2026
709619,2026-03-11 06:01:45+00:00,2.9,ML,38.42528,39.40639,8,2.8,38_39_2026
709620,2026-03-11 06:06:28+00:00,2.2,ML,39.85972,39.09222,4,2.2,39_39_2026
709618,2026-03-11 06:10:49+00:00,2.4,ML,38.06694,28.99111,6,2.4,38_28_2026
709623,2026-03-11 06:59:51+00:00,3.9,MW,39.04556,32.54056,17,3.8,39_32_2026
709632,2026-03-11 08:40:13+00:00,2.9,ML,39.25583,41.05806,3,2.8,39_41_2026
709639,2026-03-11 09:03:54+00:00,3.0,ML,39.265,41.06056,9,3.0,39_41_2026
709641,2026-03-11 09:23:28+00:00,2.6,ML,38.06889,29.00083,8,2.6,38_29_2026
709655,2026-03-11 10:58:11+00:00,4.0,MW,38.00333,36.36778,12,4.0,38_36_2026
709657,2026-03-11 11:12:18+00:00,2.9,ML,40.34389,26.3925,15,2.8,40_26_2026
709658,2026-03-11 11:33:24+00:00,2.6,ML,36.55194,36.30917,3,2.6,36_36_2026
709666,2026-03-11 11:43:56+00:00,2.7,ML,38.08333,28.98389,10,2.6,38_28_2026
709668,2026-03-11 13:15:43+00:00,2.6,ML,38.15083,29.00389,8,2.6,38_29_2026
709669,2026-03-11 13:26:36+00:00,2.1,ML,38.10778,28.98389,6,2.0,38_28_2026
709673,2026-03-11 14:00:29+00:00,2.8,ML,39.24167,28.08333,5,2.8,39_28_2026
709692,2026-03-11 17:06:11+00:00,2.6,ML,40.16028,24.855,3,2.6,40_24_2026
709698,2026-03-11 18:57:20+00:00,2.7,ML,38.42306,41.07278,4,2.6,38_41_2026
709702,2026-03-11 19:33:38+00:00,3.0,ML,38.12611,38.61806,14,3.0,38_38_2026
709760,2026-03-12 07:35:38+00:00,2.7,ML,37.19389,31.78528,4,2.6,37_31_2026
709764,2026-03-12 09:34:15+00:00,2.0,ML,38.12194,36.60083,4,2.0,38_36_2026
709769,2026-03-12 10:54:33+00:00,2.0,ML,38.48444,40.28556,3,2.0,38_40_2026
709784,2026-03-12 15:26:11+00:00,2.6,ML,40.81944,27.80417,26,2.6,40_27_2026
709790,2026-03-12 16:32:46+00:00,2.7,ML,39.20333,28.13639,7,2.6,39_28_2026
709791,2026-03-12 16:46:00+00:00,2.6,ML,39.92556,42.48528,3,2.6,39_42_2026
709804,2026-03-12 19:29:22+00:00,2.1,ML,37.72083,35.38694,6,2.0,37_35_2026
709827,2026-03-13 00:07:09+00:00,2.3,ML,38.11028,28.94889,8,2.2,38_28_2026
709828,2026-03-13 00:35:13+00:00,5.5,MW,40.67333,36.81611,8,5.4,40_36_2026
709829,2026-03-13 00:47:35+00:00,3.3,ML,40.6575,36.78806,9,3.2,40_36_2026
709841,2026-03-13 01:02:41+00:00,2.4,ML,38.12444,38.605,10,2.4,38_38_2026
709836,2026-03-13 01:04:24+00:00,2.5,ML,40.66056,36.7975,4,2.4,40_36_2026
709839,2026-03-13 01:08:45+00:00,2.0,ML,40.67417,36.80528,3,2.0,40_36_2026
709843,2026-03-13 01:18:09+00:00,2.8,ML,40.64972,36.78611,4,2.8,40_36_2026
709845,2026-03-13 01:21:27+00:00,2.2,ML,40.63389,36.7975,4,2.2,40_36_2026
709862,2026-03-13 02:03:07+00:00,2.8,ML,40.65583,36.78361,4,2.8,40_36_2026
709864,2026-03-13 02:06:50+00:00,2.7,ML,40.64806,36.8025,4,2.6,40_36_2026
709866,2026-03-13 02:19:54+00:00,2.4,ML,40.65528,36.78889,4,2.4,40_36_2026
709867,2026-03-13 02:24:13+00:00,2.2,ML,40.64,36.78806,4,2.2,40_36_2026
709891,2026-03-13 03:45:31+00:00,2.3,ML,40.64083,36.80472,4,2.2,40_36_2026
709932,2026-03-13 07:50:22+00:00,2.6,ML,40.65889,36.79056,3,2.6,40_36_2026
709931,2026-03-13 08:06:38+00:00,2.4,ML,40.66694,36.80583,4,2.4,40_36_2026
709942,2026-03-13 10:02:32+00:00,2.2,ML,40.67861,36.79694,4,2.2,40_36_2026
709943,2026-03-13 10:08:22+00:00,2.5,ML,40.66417,36.79889,4,2.4,40_36_2026
709955,2026-03-13 11:19:57+00:00,2.2,ML,40.63944,36.78806,3,2.2,40_36_2026
709957,2026-03-13 12:04:27+00:00,2.7,ML,40.64389,36.79528,4,2.6,40_36_2026
709965,2026-03-13 13:58:48+00:00,3.6,ML,40.6525,36.78833,5,3.6,40_36_2026
709985,2026-03-13 18:40:52+00:00,2.9,ML,39.0375,25.70778,6,2.8,39_25_2026
709995,2026-03-13 20:28:25+00:00,2.7,ML,40.65417,36.79167,4,2.6,40_36_2026
710023,2026-03-14 00:27:14+00:00,2.6,ML,40.675,36.76083,4,2.6,40_36_2026
710033,2026-03-14 02:50:02+00:00,3.3,ML,40.64972,36.78583,9,3.2,40_36_2026
710035,2026-03-14 03:31:56+00:00,2.0,ML,40.65806,36.78056,4,2.0,40_36_2026
710043,2026-03-14 04:49:15+00:00,2.4,ML,40.41083,27.0875,15,2.4,40_27_2026
710050,2026-03-14 05:32:15+00:00,2.0,ML,38.22194,30.96028,4,2.0,38_30_2026
710060,2026-03-14 08:01:28+00:00,2.6,ML,39.23778,28.02444,7,2.6,39_28_2026
710069,2026-03-14 10:22:46+00:00,3.0,ML,38.18139,38.64222,11,3.0,38_38_2026
710074,2026-03-14 11:14:01+00:00,2.7,ML,40.63833,36.78361,4,2.6,40_36_2026
710082,2026-03-14 12:57:11+00:00,2.1,ML,40.61806,37.04083,4,2.0,40_37_2026
710092,2026-03-14 16:00:56+00:00,2.7,ML,40.77278,27.42472,30,2.6,40_27_2026
710097,2026-03-14 17:46:10+00:00,2.8,ML,40.64278,36.78667,4,2.8,40_36_2026
710109,2026-03-14 19:16:06+00:00,2.1,ML,40.64417,36.795,4,2.0,40_36_2026
710115,2026-03-14 21:03:51+00:00,2.7,ML,40.64139,36.79806,4,2.6,40_36_2026
710156,2026-03-15 05:45:26+00:00,2.0,ML,38.70778,39.99861,5,2.0,38_39_2026
710160,2026-03-15 06:17:12+00:00,2.0,ML,40.65389,36.75278,4,2.0,40_36_2026
710164,2026-03-15 09:48:04+00:00,2.9,ML,39.17333,28.20194,7,2.8,39_28_2026
710183,2026-03-15 14:47:48+00:00,2.3,ML,38.07417,28.9825,8,2.2,38_28_2026
710221,2026-03-15 23:51:33+00:00,2.9,ML,37.93139,27.2425,4,2.8,37_27_2026
710249,2026-03-16 03:43:08+00:00,2.2,ML,38.08361,28.95306,9,2.2,38_28_2026
710248,2026-03-16 03:52:18+00:00,2.6,ML,37.96889,38.19167,7,2.6,37_38_2026
710254,2026-03-16 06:03:47+00:00,3.9,MW,38.06889,28.97472,16,3.8,38_28_2026
710296,2026-03-16 12:06:33+00:00,2.2,ML,38.13028,38.54639,7,2.2,38_38_2026
710322,2026-03-16 16:30:09+00:00,2.2,ML,39.23889,29.02417,6,2.2,39_29_2026
710332,2026-03-16 17:59:16+00:00,2.2,ML,40.24139,34.79444,4,2.2,40_34_2026
710354,2026-03-16 22:38:01+00:00,2.8,ML,39.21028,28.08806,9,2.8,39_28_2026
710355,2026-03-16 23:08:44+00:00,3.5,ML,36.26333,29.65556,6,3.4,36_29_2026
710359,2026-03-16 23:31:49+00:00,2.1,ML,39.7075,36.25389,4,2.0,39_36_2026
710378,2026-03-17 03:51:09+00:00,3.3,ML,41.275,38.90278,4,3.2,41_38_2026
710424,2026-03-17 14:04:30+00:00,2.2,ML,40.49278,27.13111,19,2.2,40_27_2026
710449,2026-03-17 19:37:35+00:00,2.9,ML,40.66667,36.76694,3,2.8,40_36_2026
710454,2026-03-17 20:01:52+00:00,2.1,ML,38.20417,38.09167,3,2.0,38_38_2026
710476,2026-03-18 00:10:39+00:00,3.0,ML,40.64333,36.77139,7,3.0,40_36_2026
710497,2026-03-18 01:51:15+00:00,3.0,ML,38.08028,37.21056,12,3.0,38_37_2026
710505,2026-03-18 03:21:49+00:00,2.2,ML,38.08556,28.95778,8,2.2,38_28_2026
710510,2026-03-18 05:34:15+00:00,3.2,ML,38.82694,43.55028,5,3.2,38_43_2026
710526,2026-03-18 11:58:54+00:00,2.4,ML,38.06278,29.3025,11,2.4,38_29_2026
710675,2026-03-19 20:02:15+00:00,2.1,ML,36.44167,35.55056,5,2.0,36_35_2026
710674,2026-03-19 20:12:35+00:00,3.2,ML,38.84167,26.43306,9,3.2,38_26_2026
710699,2026-03-20 00:23:35+00:00,3.3,ML,38.07278,28.97917,17,3.2,38_28_2026
710725,2026-03-20 04:52:02+00:00,4.0,MW,39.25139,28.03472,30,4.0,39_28_2026
710727,2026-03-20 04:53:41+00:00,3.0,ML,39.25667,28.04083,5,3.0,39_28_2026
710748,2026-03-20 08:34:11+00:00,3.1,ML,38.85389,26.47528,5,3.0,38_26_2026
710765,2026-03-20 13:46:39+00:00,2.4,ML,38.68583,31.27667,6,2.4,38_31_2026
710802,2026-03-20 22:01:58+00:00,3.1,ML,39.19833,28.32361,21,3.0,39_28_2026
710833,2026-03-21 02:08:57+00:00,2.0,ML,36.65444,36.455,3,2.0,36_36_2026
710834,2026-03-21 02:32:41+00:00,3.1,ML,39.19083,28.33667,18,3.0,39_28_2026
710869,2026-03-21 08:44:03+00:00,2.0,ML,37.95861,34.02472,5,2.0,37_34_2026
710894,2026-03-21 16:52:24+00:00,2.9,ML,36.97194,36.17028,5,2.8,36_36_2026
710912,2026-03-21 21:43:08+00:00,2.8,ML,38.25194,38.76361,9,2.8,38_38_2026
710911,2026-03-21 21:47:26+00:00,2.7,ML,38.10278,28.95944,11,2.6,38_28_2026
710938,2026-03-22 02:43:21+00:00,3.0,ML,38.10833,28.94194,13,3.0,38_28_2026
710945,2026-03-22 03:34:05+00:00,2.3,ML,37.95694,32.41444,7,2.2,37_32_2026
710944,2026-03-22 03:44:08+00:00,2.4,ML,38.00611,35.51722,6,2.4,38_35_2026
710956,2026-03-22 05:35:27+00:00,2.7,ML,39.24139,28.14806,8,2.6,39_28_2026
710961,2026-03-22 07:06:05+00:00,2.1,ML,37.81278,26.87528,4,2.0,37_26_2026
710958,2026-03-22 07:11:11+00:00,2.9,ML,37.95472,38.08111,7,2.8,37_38_2026
710971,2026-03-22 10:12:37+00:00,2.4,ML,37.60361,26.5325,3,2.4,37_26_2026
710976,2026-03-22 11:50:08+00:00,3.3,ML,40.7425,32.98028,14,3.2,40_32_2026
711000,2026-03-22 18:13:38+00:00,3.2,ML,39.24667,28.08833,21,3.2,39_28_2026
711008,2026-03-22 19:33:09+00:00,3.5,ML,40.23806,42.05722,8,3.4,40_42_2026
711009,2026-03-22 19:37:45+00:00,3.0,ML,40.22278,42.04972,8,3.0,40_42_2026
711038,2026-03-23 00:58:56+00:00,2.3,ML,39.05611,42.57083,3,2.2,39_42_2026
711044,2026-03-23 02:47:14+00:00,2.1,ML,40.47083,43.02389,4,2.0,40_43_2026
711050,2026-03-23 04:10:27+00:00,2.7,ML,34.37694,32.75889,4,2.6,34_32_2026
711067,2026-03-23 06:43:25+00:00,2.8,ML,39.22389,29.04278,8,2.8,39_29_2026
711072,2026-03-23 06:44:01+00:00,2.7,ML,36.95306,34.45389,5,2.6,36_34_2026
711069,2026-03-23 06:53:57+00:00,2.3,ML,40.78417,30.83472,10,2.2,40_30_2026
711104,2026-03-23 15:32:49+00:00,2.2,ML,39.64361,33.74333,7,2.2,39_33_2026
711107,2026-03-23 17:09:20+00:00,3.2,ML,38.0875,28.95361,16,3.2,38_28_2026
711110,2026-03-23 17:46:18+00:00,2.8,ML,39.64111,33.72944,11,2.8,39_33_2026
711116,2026-03-23 18:54:15+00:00,2.3,ML,37.97472,34.00667,8,2.2,37_34_2026
711120,2026-03-23 19:23:00+00:00,2.6,ML,36.62417,28.12778,8,2.6,36_28_2026
711170,2026-03-24 05:26:28+00:00,2.5,ML,36.56083,29.65194,4,2.4,36_29_2026
711179,2026-03-24 07:38:48+00:00,3.0,ML,38.07139,28.99083,13,3.0,38_28_2026
711191,2026-03-24 09:26:28+00:00,3.4,ML,38.08417,28.98833,16,3.4,38_28_2026
711208,2026-03-24 12:38:30+00:00,3.6,ML,35.50528,32.38028,5,3.6,35_32_2026
711215,2026-03-24 13:36:22+00:00,2.4,ML,38.09194,28.98028,6,2.4,38_28_2026
711217,2026-03-24 14:37:26+00:00,2.0,ML,37.49528,37.00167,4,2.0,37_37_2026
711310,2026-03-25 15:30:21+00:00,2.3,ML,39.25,29.02139,6,2.2,39_29_2026
711315,2026-03-25 17:23:56+00:00,2.1,ML,38.07583,28.97917,6,2.0,38_28_2026
711354,2026-03-26 01:31:02+00:00,2.3,ML,36.95056,28.83917,8,2.2,36_28_2026
711367,2026-03-26 03:58:40+00:00,3.2,ML,36.76028,28.02139,7,3.2,36_28_2026
711387,2026-03-26 07:37:08+00:00,4.3,MW,38.47083,39.27833,15,4.2,38_39_2026
711390,2026-03-26 08:10:56+00:00,2.4,ML,38.46944,39.29139,4,2.4,38_39_2026
711389,2026-03-26 08:11:28+00:00,3.8,MW,35.95528,29.79444,7,3.8,35_29_2026
711400,2026-03-26 09:43:41+00:00,3.0,ML,39.18889,28.22444,19,3.0,39_28_2026
711402,2026-03-26 09:49:01+00:00,3.2,ML,38.19556,38.63583,12,3.2,38_38_2026
711405,2026-03-26 10:38:07+00:00,2.8,ML,39.26833,28.15194,10,2.8,39_28_2026
711411,2026-03-26 11:44:02+00:00,3.4,ML,38.925,26.18083,10,3.4,38_26_2026
711441,2026-03-26 19:21:26+00:00,2.2,ML,40.82583,27.74944,27,2.2,40_27_2026
711452,2026-03-26 21:35:24+00:00,2.0,ML,38.04722,37.55417,5,2.0,38_37_2026
711500,2026-03-27 04:04:00+00:00,2.2,ML,40.46139,26.31028,17,2.2,40_26_2026
711514,2026-03-27 06:26:29+00:00,2.2,ML,40.45861,26.31972,7,2.2,40_26_2026
711519,2026-03-27 09:42:19+00:00,2.5,ML,38.01383,37.49067,5,2.4,38_37_2026
711549,2026-03-27 17:55:48+00:00,2.1,ML,40.02278,39.90167,3,2.0,40_39_2026
711557,2026-03-27 22:03:05+00:00,2.5,ML,38.49028,39.89778,4,2.4,38_39_2026
711574,2026-03-28 03:05:00+00:00,2.2,ML,39.73361,41.9325,3,2.2,39_41_2026
711576,2026-03-28 04:16:44+00:00,2.6,ML,37.77083,36.48,6,2.6,37_36_2026
711598,2026-03-28 09:58:29+00:00,2.7,ML,38.98583,25.65167,3,2.6,38_25_2026
711621,2026-03-28 17:28:13+00:00,2.5,ML,39.3375,33.9925,9,2.4,39_33_2026
711650,2026-03-29 00:22:09+00:00,2.5,ML,39.23556,29.05917,4,2.4,39_29_2026
711687,2026-03-29 06:27:57+00:00,2.8,ML,38.96472,42.02917,6,2.8,38_42_2026
711726,2026-03-29 16:36:35+00:00,2.1,ML,40.60111,28.98694,7,2.0,40_28_2026
711739,2026-03-29 19:22:48+00:00,2.2,ML,37.57833,33.62667,3,2.2,37_33_2026
711760,2026-03-29 23:07:02+00:00,2.2,ML,40.69222,32.82667,6,2.2,40_32_2026
711766,2026-03-30 01:03:45+00:00,2.2,ML,38.83778,26.52083,4,2.2,38_26_2026
711763,2026-03-30 01:21:00+00:00,3.6,ML,37.80444,28.84,15,3.6,37_28_2026
711788,2026-03-30 04:23:37+00:00,3.2,ML,38.45444,39.0625,12,3.2,38_39_2026
711814,2026-03-30 10:34:48+00:00,3.3,MW,40.82639,28.1575,32,3.2,40_28_2026
711828,2026-03-30 13:47:15+00:00,2.3,ML,40.20778,41.52,3,2.2,40_41_2026
711849,2026-03-30 19:27:27+00:00,2.0,ML,37.48444,35.33361,3,2.0,37_35_2026
711860,2026-03-30 21:14:42+00:00,2.6,ML,38.46306,39.67861,6,2.6,38_39_2026
711863,2026-03-30 22:04:37+00:00,2.2,ML,34.89972,33.81417,3,2.2,34_33_2026
711864,2026-03-30 22:48:20+00:00,2.5,ML,39.23417,29.01889,9,2.4,39_29_2026
711899,2026-03-31 04:37:48+00:00,2.2,ML,38.49306,40.28972,4,2.2,38_40_2026
711929,2026-03-31 10:26:45+00:00,3.5,ML,38.055,29.00639,16,3.4,38_29_2026
711960,2026-03-31 16:53:37+00:00,2.8,ML,39.15056,28.35056,8,2.8,39_28_2026
711965,2026-03-31 17:36:02+00:00,2.2,ML,39.19778,33.94806,8,2.2,39_33_2026
711991,2026-03-31 22:33:35+00:00,3.0,ML,38.10139,38.40861,12,3.0,38_38_2026
712004,2026-04-01 01:07:55+00:00,2.9,ML,38.07722,28.97472,11,2.8,38_28_2026
712010,2026-04-01 01:25:31+00:00,2.7,ML,38.97694,26.01056,5,2.6,38_26_2026
712018,2026-04-01 01:29:34+00:00,2.6,ML,38.9875,26.0475,6,2.6,38_26_2026
712023,2026-04-01 03:36:52+00:00,3.3,ML,38.90111,43.57444,5,3.2,38_43_2026
712039,2026-04-01 07:14:09+00:00,2.3,ML,40.86028,30.90083,10,2.2,40_30_2026
712043,2026-04-01 07:16:27+00:00,2.8,ML,39.63972,39.63444,7,2.8,39_39_2026
712045,2026-04-01 07:32:08+00:00,3.1,ML,38.09389,28.97583,13,3.0,38_28_2026
712050,2026-04-01 08:15:14+00:00,2.4,ML,39.65222,39.62444,5,2.4,39_39_2026
712060,2026-04-01 10:01:30+00:00,2.2,ML,41.06722,28.96222,16,2.2,41_28_2026
712061,2026-04-01 10:31:07+00:00,3.0,ML,39.64528,39.65139,10,3.0,39_39_2026
712071,2026-04-01 11:56:49+00:00,2.6,ML,41.84639,31.5825,5,2.6,41_31_2026
712105,2026-04-01 21:42:00+00:00,2.4,ML,40.79611,27.57139,23,2.4,40_27_2026
712110,2026-04-02 00:09:36+00:00,2.5,ML,38.06722,43.00583,3,2.4,38_43_2026
712132,2026-04-02 06:39:27+00:00,2.8,ML,39.64306,39.63694,5,2.8,39_39_2026
712149,2026-04-02 12:17:33+00:00,2.8,ML,37.89472,37.87639,7,2.8,37_37_2026
712157,2026-04-02 14:56:00+00:00,2.3,ML,38.47722,26.99528,4,2.2,38_26_2026
712161,2026-04-02 18:22:51+00:00,4.2,MW,39.13583,28.35778,25,4.2,39_28_2026
712178,2026-04-02 21:47:34+00:00,2.8,ML,37.87528,36.48722,9,2.8,37_36_2026
712181,2026-04-02 22:28:33+00:00,2.2,ML,39.25333,29.00667,7,2.2,39_29_2026
712183,2026-04-02 22:36:22+00:00,3.2,ML,39.25556,29.01,17,3.2,39_29_2026
712191,2026-04-03 00:04:27+00:00,2.5,ML,39.25417,29.005,8,2.4,39_29_2026
712200,2026-04-03 01:56:47+00:00,3.0,ML,39.13917,28.35194,17,3.0,39_28_2026
712202,2026-04-03 02:01:29+00:00,2.0,ML,38.31611,27.87722,3,2.0,38_27_2026
712216,2026-04-03 04:48:07+00:00,2.7,ML,40.65306,36.79139,4,2.6,40_36_2026
712222,2026-04-03 05:50:13+00:00,3.0,MW,39.28417,39.88472,4,3.0,39_39_2026
712236,2026-04-03 08:01:27+00:00,2.9,ML,39.13889,28.34194,7,2.8,39_28_2026
712237,2026-04-03 08:49:27+00:00,3.0,ML,37.32694,37.03639,8,3.0,37_37_2026
712254,2026-04-03 12:27:29+00:00,2.0,ML,39.77639,31.09222,4,2.0,39_31_2026
712263,2026-04-03 15:28:12+00:00,2.2,ML,36.96528,28.01361,3,2.2,36_28_2026
712265,2026-04-03 15:58:03+00:00,3.3,ML,37.30389,35.48111,13,3.2,37_35_2026
712286,2026-04-03 21:39:46+00:00,2.6,ML,41.36222,33.56639,6,2.6,41_33_2026
712300,2026-04-04 00:16:37+00:00,3.1,ML,40.64361,36.79361,7,3.0,40_36_2026
712319,2026-04-04 05:52:42+00:00,5.2,MW,38.83278,43.54194,5,5.2,38_43_2026
712324,2026-04-04 06:31:35+00:00,2.6,ML,38.08694,37.46611,6,2.6,38_37_2026
712325,2026-04-04 07:45:41+00:00,2.7,ML,39.77889,31.09194,7,2.6,39_31_2026
712342,2026-04-04 11:51:27+00:00,3.2,ML,37.6175,35.55306,11,3.2,37_35_2026
712348,2026-04-04 14:05:26+00:00,2.5,ML,36.89389,36.55889,4,2.4,36_36_2026
712372,2026-04-04 18:44:29+00:00,2.3,ML,37.56583,38.83056,8,2.2,37_38_2026
712407,2026-04-05 01:27:32+00:00,2.2,ML,40.77,28.29806,25,2.2,40_28_2026
712410,2026-04-05 02:42:16+00:00,3.0,ML,39.13583,28.34917,14,3.0,39_28_2026
712444,2026-04-05 10:27:47+00:00,2.5,ML,40.50639,30.41861,12,2.4,40_30_2026
712445,2026-04-05 11:14:29+00:00,3.4,ML,39.24028,28.95917,15,3.4,39_28_2026
712468,2026-04-05 16:26:13+00:00,3.3,ML,40.30667,24.22389,3,3.2,40_24_2026
712470,2026-04-05 16:47:31+00:00,2.8,ML,39.89083,39.03972,4,2.8,39_39_2026
712478,2026-04-05 17:44:58+00:00,2.0,ML,37.80611,28.79472,10,2.0,37_28_2026
712492,2026-04-05 20:40:57+00:00,2.4,ML,36.91417,29.09306,6,2.4,36_29_2026
712506,2026-04-05 22:38:19+00:00,2.6,ML,36.19056,31.50556,3,2.6,36_31_2026
712541,2026-04-06 03:23:53+00:00,2.1,ML,38.99444,40.51444,3,2.0,38_40_2026
712555,2026-04-06 06:13:48+00:00,2.5,ML,40.08917,31.80528,3,2.4,40_31_2026
712561,2026-04-06 07:31:57+00:00,2.1,ML,38.23694,37.81083,3,2.0,38_37_2026
712558,2026-04-06 07:52:18+00:00,4.3,ML,33.88417,34.82833,3,4.2,33_34_2026
712571,2026-04-06 10:43:39+00:00,2.5,ML,38.42944,39.225,4,2.4,38_39_2026
712612,2026-04-06 16:59:24+00:00,2.1,ML,37.07028,29.11917,6,2.0,37_29_2026
712618,2026-04-06 16:59:32+00:00,2.0,ML,40.23639,37.85833,3,2.0,40_37_2026
712616,2026-04-06 18:10:30+00:00,2.1,ML,39.25917,29.0075,7,2.0,39_29_2026
712619,2026-04-06 18:24:44+00:00,2.8,ML,38.95417,25.97,5,2.8,38_25_2026
712617,2026-04-06 18:29:35+00:00,3.6,ML,38.93472,25.95056,10,3.6,38_25_2026
712644,2026-04-06 19:58:37+00:00,2.3,ML,38.96,25.98861,3,2.2,38_25_2026
712683,2026-04-07 01:21:52+00:00,2.9,ML,37.98028,37.41528,7,2.8,37_37_2026
712697,2026-04-07 02:38:57+00:00,2.0,ML,37.97417,38.22639,6,2.0,37_38_2026
712708,2026-04-07 04:00:55+00:00,2.4,ML,38.85417,43.59667,3,2.4,38_43_2026
712726,2026-04-07 07:11:56+00:00,2.3,ML,37.90667,36.22333,4,2.2,37_36_2026
712739,2026-04-07 09:02:23+00:00,2.1,ML,38.05667,36.44778,3,2.0,38_36_2026
712734,2026-04-07 09:38:51+00:00,4.0,MW,38.07333,28.98972,18,4.0,38_28_2026
712786,2026-04-07 21:09:16+00:00,2.0,ML,38.27111,37.76389,8,2.0,38_37_2026
712802,2026-04-08 01:02:32+00:00,2.8,ML,38.2775,38.80833,9,2.8,38_38_2026
712824,2026-04-08 04:21:24+00:00,2.8,ML,39.55611,27.73139,21,2.8,39_27_2026
712828,2026-04-08 04:47:37+00:00,3.0,ML,39.55667,27.72417,26,3.0,39_27_2026
712836,2026-04-08 07:20:13+00:00,4.0,MW,40.83639,34.16472,13,4.0,40_34_2026
712849,2026-04-08 09:36:32+00:00,2.5,ML,36.99028,33.76083,4,2.4,36_33_2026
712868,2026-04-08 17:00:57+00:00,2.3,ML,37.59611,36.145,4,2.2,37_36_2026
712873,2026-04-08 18:44:38+00:00,3.4,ML,38.06694,28.98833,18,3.4,38_28_2026
712874,2026-04-08 19:05:08+00:00,2.5,ML,39.39222,40.67722,6,2.4,39_40_2026
712922,2026-04-09 06:56:23+00:00,2.4,ML,37.37194,28.44333,7,2.4,37_28_2026
712957,2026-04-09 18:44:11+00:00,3.2,ML,41.18972,43.95278,4,3.2,41_43_2026
712958,2026-04-09 18:51:34+00:00,3.3,ML,38.39667,38.94333,11,3.2,38_38_2026
712988,2026-04-09 23:59:11+00:00,2.2,ML,38.94028,43.57472,3,2.2,38_43_2026
713023,2026-04-10 06:08:54+00:00,2.7,ML,38.58722,26.47083,5,2.6,38_26_2026
713060,2026-04-10 14:03:22+00:00,2.9,ML,39.65917,27.93639,16,2.8,39_27_2026
713068,2026-04-10 16:47:07+00:00,2.9,ML,37.87528,36.52722,7,2.8,37_36_2026
713077,2026-04-10 18:45:42+00:00,2.2,ML,36.41444,35.45944,5,2.2,36_35_2026
713111,2026-04-11 01:36:00+00:00,2.0,ML,37.385,27.01611,3,2.0,37_27_2026
713114,2026-04-11 02:58:45+00:00,2.3,ML,38.27083,38.80944,7,2.2,38_38_2026
713147,2026-04-11 09:33:01+00:00,2.4,ML,39.15472,28.305,6,2.4,39_28_2026
713177,2026-04-11 14:31:56+00:00,4.8,MW,39.25139,28.97,25,4.8,39_28_2026
713184,2026-04-11 14:37:06+00:00,3.3,ML,39.255,28.94389,12,3.2,39_28_2026
713180,2026-04-11 14:42:10+00:00,3.7,ML,39.24028,28.99278,17,3.6,39_28_2026
713192,2026-04-11 15:11:45+00:00,2.8,ML,39.13333,40.38694,8,2.8,39_40_2026
713194,2026-04-11 15:33:58+00:00,3.0,ML,39.23639,28.97778,13,3.0,39_28_2026
713206,2026-04-11 16:11:23+00:00,3.6,ML,39.13833,28.355,23,3.6,39_28_2026
713279,2026-04-11 18:35:25+00:00,2.1,ML,39.30083,39.82833,5,2.0,39_39_2026
713278,2026-04-11 18:58:10+00:00,2.8,ML,39.22917,28.95167,8,2.8,39_28_2026
713298,2026-04-11 20:14:37+00:00,2.9,ML,39.23667,29.00972,7,2.8,39_29_2026
713345,2026-04-11 23:44:52+00:00,2.6,ML,39.18917,25.48806,3,2.6,39_25_2026
713371,2026-04-12 03:23:32+00:00,2.0,ML,40.82972,28.135,26,2.0,40_28_2026
713411,2026-04-12 08:19:10+00:00,2.4,ML,39.205,29.00111,7,2.4,39_29_2026
713433,2026-04-12 11:29:37+00:00,2.6,ML,36.0075,28.09639,3,2.6,36_28_2026
713437,2026-04-12 12:06:30+00:00,2.0,ML,38.72306,39.94667,3,2.0,38_39_2026
713487,2026-04-12 22:35:32+00:00,2.8,ML,39.24778,28.97222,7,2.8,39_28_2026
713489,2026-04-12 23:29:39+00:00,2.6,ML,40.85694,31.57333,7,2.6,40_31_2026
713490,2026-04-12 23:42:57+00:00,2.6,ML,39.35194,42.00667,3,2.6,39_42_2026
713493,2026-04-13 00:03:22+00:00,3.1,ML,38.37222,38.76083,13,3.0,38_38_2026
713499,2026-04-13 00:51:18+00:00,3.4,ML,39.01056,42.84194,10,3.4,39_42_2026
713518,2026-04-13 03:52:01+00:00,3.5,ML,36.07139,27.42278,5,3.4,36_27_2026
713530,2026-04-13 05:48:34+00:00,4.7,MW,35.78417,30.25722,5,4.6,35_30_2026
713532,2026-04-13 06:01:59+00:00,2.9,ML,38.98833,42.88,4,2.8,38_42_2026
713574,2026-04-13 16:15:56+00:00,4.0,MW,39.50278,39.24083,15,4.0,39_39_2026
713580,2026-04-13 17:17:57+00:00,3.8,MW,35.81917,30.31778,3,3.8,35_30_2026
713585,2026-04-13 18:21:40+00:00,2.6,ML,38.74694,42.67278,4,2.6,38_42_2026
713611,2026-04-14 00:01:45+00:00,2.9,ML,37.50389,29.805,11,2.8,37_29_2026
713641,2026-04-14 05:20:37+00:00,2.2,ML,40.81667,27.65944,21,2.2,40_27_2026
713647,2026-04-14 07:38:23+00:00,3.2,ML,37.95,32.38417,11,3.2,37_32_2026
713654,2026-04-14 08:40:23+00:00,2.9,ML,36.07472,28.74583,3,2.8,36_28_2026
713655,2026-04-14 08:43:24+00:00,2.3,ML,38.59167,26.85944,4,2.2,38_26_2026
713672,2026-04-14 12:42:37+00:00,3.9,ML,40.43556,28.45667,36,3.8,40_28_2026
713674,2026-04-14 12:53:13+00:00,2.5,ML,39.39944,40.46972,4,2.4,39_40_2026
713690,2026-04-14 16:07:58+00:00,2.6,ML,37.8775,36.45722,6,2.6,37_36_2026
713698,2026-04-14 19:14:33+00:00,2.7,ML,37.88,26.89028,3,2.6,37_26_2026
713727,2026-04-14 22:17:27+00:00,3.5,ML,40.43722,28.44778,38,3.4,40_28_2026
713738,2026-04-14 23:01:51+00:00,2.4,ML,35.91861,28.06639,3,2.4,35_28_2026
713780,2026-04-15 08:54:05+00:00,2.4,ML,37.225,30.60444,5,2.4,37_30_2026
713796,2026-04-15 11:24:25+00:00,3.0,ML,36.97333,36.25306,6,3.0,36_36_2026
713841,2026-04-15 18:54:50+00:00,2.5,ML,37.76028,36.53333,6,2.4,37_36_2026
713854,2026-04-15 20:59:38+00:00,3.0,ML,38.58639,40.88917,12,3.0,38_40_2026
713881,2026-04-16 02:05:29+00:00,3.0,ML,37.88944,36.48583,11,3.0,37_36_2026
713882,2026-04-16 02:07:10+00:00,2.8,ML,37.88944,36.46278,8,2.8,37_36_2026
713884,2026-04-16 02:15:08+00:00,2.3,ML,38.60806,31.44861,9,2.2,38_31_2026
713950,2026-04-16 16:32:07+00:00,3.6,ML,39.22944,28.97,24,3.6,39_28_2026
713978,2026-04-16 22:19:41+00:00,2.3,ML,40.80167,31.56778,9,2.2,40_31_2026
713982,2026-04-16 23:07:32+00:00,2.0,ML,39.2325,28.13778,6,2.0,39_28_2026
714012,2026-04-17 04:31:26+00:00,2.9,ML,37.8775,36.47056,8,2.8,37_36_2026
714016,2026-04-17 05:45:08+00:00,3.2,ML,37.85056,36.4725,9,3.2,37_36_2026
714019,2026-04-17 06:37:45+00:00,2.4,ML,37.79278,35.40056,3,2.4,37_35_2026
714026,2026-04-17 08:58:38+00:00,3.0,ML,37.86389,36.4675,8,3.0,37_36_2026
714040,2026-04-17 12:40:09+00:00,4.1,MW,39.64833,39.67139,10,4.0,39_39_2026
714041,2026-04-17 12:56:01+00:00,2.4,ML,40.12111,30.06972,7,2.4,40_30_2026
714053,2026-04-17 17:01:56+00:00,2.5,ML,34.80222,33.84694,3,2.4,34_33_2026
714080,2026-04-18 03:13:38+00:00,2.7,ML,38.09278,28.96944,10,2.6,38_28_2026
714086,2026-04-18 04:11:44+00:00,3.1,ML,38.08889,28.97861,15,3.0,38_28_2026
714091,2026-04-18 05:02:28+00:00,2.5,ML,36.1275,27.54806,3,2.4,36_27_2026
714103,2026-04-18 07:47:02+00:00,3.6,ML,35.98611,30.33111,3,3.6,35_30_2026
714118,2026-04-18 09:38:11+00:00,2.3,ML,35.08833,33.86889,5,2.2,35_33_2026
714125,2026-04-18 11:31:58+00:00,2.9,ML,37.63778,36.48389,4,2.8,37_36_2026
714132,2026-04-18 14:11:49+00:00,2.5,ML,37.49528,35.65167,7,2.4,37_35_2026
714155,2026-04-18 20:58:54+00:00,2.7,ML,40.02667,40.26361,4,2.6,40_40_2026
714175,2026-04-19 01:51:38+00:00,2.4,ML,40.71139,27.48528,25,2.4,40_27_2026
714182,2026-04-19 03:05:35+00:00,2.6,ML,39.19917,28.17694,7,2.6,39_28_2026
714191,2026-04-19 03:31:03+00:00,2.1,ML,37.43556,31.60056,5,2.0,37_31_2026
714205,2026-04-19 06:21:49+00:00,2.2,ML,36.9725,29.22444,3,2.2,36_29_2026
714264,2026-04-20 02:14:46+00:00,2.3,ML,38.11028,28.96944,10,2.2,38_28_2026
714274,2026-04-20 04:05:14+00:00,2.9,ML,38.10889,38.47167,8,2.8,38_38_2026
714275,2026-04-20 04:07:05+00:00,2.2,ML,40.05222,40.25111,3,2.2,40_40_2026
714292,2026-04-20 08:17:22+00:00,2.6,ML,37.69217,35.3745,4,2.6,37_35_2026
714297,2026-04-20 09:33:51+00:00,2.0,ML,37.82694,36.11667,3,2.0,37_36_2026
714309,2026-04-20 13:13:55+00:00,3.0,ML,39.48,25.31389,8,3.0,39_25_2026
714316,2026-04-20 18:44:16+00:00,2.1,ML,39.44167,37.35083,3,2.0,39_37_2026
714367,2026-04-21 05:06:01+00:00,2.7,ML,39.00028,42.85806,4,2.6,39_42_2026
714370,2026-04-21 05:43:04+00:00,2.3,ML,38.99972,42.8375,4,2.2,38_42_2026
714373,2026-04-21 05:48:15+00:00,2.0,ML,38.15778,38.42583,3,2.0,38_38_2026
714377,2026-04-21 07:22:29+00:00,2.2,ML,38.28722,38.81833,5,2.2,38_38_2026
714407,2026-04-21 14:05:06+00:00,2.5,ML,37.60111,36.13944,3,2.4,37_36_2026
714418,2026-04-21 15:49:00+00:00,2.2,ML,39.05306,32.53028,10,2.2,39_32_2026
714428,2026-04-21 18:23:40+00:00,2.6,ML,38.29556,38.82472,8,2.6,38_38_2026
714465,2026-04-22 02:56:27+00:00,2.0,ML,38.52417,26.97694,4,2.0,38_26_2026
714477,2026-04-22 06:12:23+00:00,2.3,ML,37.38417,28.59472,9,2.2,37_28_2026
714502,2026-04-22 13:12:12+00:00,2.3,ML,39.18528,26.34806,3,2.2,39_26_2026
714511,2026-04-22 14:17:01+00:00,4.3,MW,39.02417,42.82167,12,4.2,39_42_2026
714532,2026-04-22 19:55:20+00:00,3.2,ML,34.58389,33.87611,6,3.2,34_33_2026
714537,2026-04-22 20:02:59+00:00,2.6,ML,37.24333,29.55278,8,2.6,37_29_2026
714539,2026-04-22 20:16:20+00:00,2.3,ML,37.75972,27.02417,4,2.2,37_27_2026
714561,2026-04-22 23:54:19+00:00,3.1,ML,37.85306,36.65167,13,3.0,37_36_2026
714660,2026-04-23 20:55:09+00:00,2.4,ML,39.03389,42.83833,5,2.4,39_42_2026
714692,2026-04-24 02:59:33+00:00,3.1,ML,39.01194,42.81889,6,3.0,39_42_2026
714752,2026-04-24 10:09:25+00:00,3.5,MW,38.12,38.32361,11,3.4,38_38_2026
714800,2026-04-24 19:24:49+00:00,2.5,ML,37.85639,29.48972,9,2.4,37_29_2026
714802,2026-04-24 19:32:33+00:00,2.1,ML,37.96667,38.33417,6,2.0,37_38_2026
714816,2026-04-24 22:08:50+00:00,2.0,ML,37.33278,37.07444,5,2.0,37_37_2026
714825,2026-04-24 23:38:44+00:00,2.0,ML,39.00556,42.84944,3,2.0,39_42_2026
714837,2026-04-25 01:37:29+00:00,3.2,ML,37.16222,42.77389,3,3.2,37_42_2026
714842,2026-04-25 02:35:33+00:00,2.6,ML,39.08556,26.92333,6,2.6,39_26_2026
714851,2026-04-25 04:13:08+00:00,2.1,ML,38.99667,42.80917,3,2.0,38_42_2026
714859,2026-04-25 07:03:13+00:00,2.3,ML,38.50472,39.25472,5,2.2,38_39_2026
714862,2026-04-25 09:16:07+00:00,2.4,ML,39.04306,42.85139,3,2.4,39_42_2026
714888,2026-04-25 15:18:28+00:00,2.6,ML,39.83722,41.60306,4,2.6,39_41_2026
714890,2026-04-25 15:51:15+00:00,2.5,ML,38.09556,28.95889,10,2.4,38_28_2026
714943,2026-04-25 23:20:01+00:00,2.6,ML,36.92444,29.09028,6,2.6,36_29_2026
714956,2026-04-26 00:27:05+00:00,2.1,ML,40.17639,31.79306,7,2.0,40_31_2026
714969,2026-04-26 02:09:09+00:00,2.4,ML,38.8225,26.41056,4,2.4,38_26_2026
714975,2026-04-26 02:29:16+00:00,2.0,ML,37.85083,35.10639,4,2.0,37_35_2026
714981,2026-04-26 03:38:31+00:00,2.2,ML,39.00528,42.84028,3,2.2,39_42_2026
714984,2026-04-26 05:01:54+00:00,4.4,MW,39.40639,40.45278,18,4.4,39_40_2026
714985,2026-04-26 05:41:42+00:00,3.1,ML,39.17028,28.27528,19,3.0,39_28_2026
714992,2026-04-26 05:46:39+00:00,2.4,ML,39.40861,40.44917,5,2.4,39_40_2026
714991,2026-04-26 06:01:14+00:00,2.0,ML,37.04944,28.26111,6,2.0,37_28_2026
715010,2026-04-26 10:50:49+00:00,3.2,ML,37.71944,29.36667,16,3.2,37_29_2026
715025,2026-04-26 14:36:31+00:00,3.3,ML,38.20667,38.70694,13,3.2,38_38_2026
715035,2026-04-26 16:48:23+00:00,4.1,MW,39.30778,42.22611,13,4.0,39_42_2026
715038,2026-04-26 17:14:28+00:00,2.8,ML,37.90306,36.55417,8,2.8,37_36_2026
715045,2026-04-26 18:31:33+00:00,2.6,ML,39.83361,41.595,7,2.6,39_41_2026
715107,2026-04-27 11:01:39+00:00,2.9,ML,39.21361,28.07194,8,2.8,39_28_2026
715111,2026-04-27 11:49:16+00:00,3.0,ML,39.69194,26.39139,17,3.0,39_26_2026
715116,2026-04-27 12:41:58+00:00,3.9,ML,38.27083,38.69417,13,3.8,38_38_2026
715117,2026-04-27 12:42:38+00:00,4.4,ML,38.275,38.69222,8,4.4,38_38_2026
715125,2026-04-27 13:52:39+00:00,2.7,ML,39.20944,28.08583,7,2.6,39_28_2026
715155,2026-04-27 18:33:29+00:00,2.0,ML,38.67417,43.07083,4,2.0,38_43_2026
715179,2026-04-27 22:05:29+00:00,2.2,ML,40.22,31.70444,6,2.2,40_31_2026
715202,2026-04-28 01:30:39+00:00,2.1,ML,38.03194,26.19944,3,2.0,38_26_2026
715258,2026-04-28 12:02:37+00:00,3.9,ML,40.98111,43.10667,6,3.8,40_43_2026
715293,2026-04-28 18:06:02+00:00,2.2,ML,38.86139,38.20111,8,2.2,38_38_2026
715310,2026-04-28 20:22:10+00:00,2.0,ML,36.7325,30.56417,4,2.0,36_30_2026
715338,2026-04-29 01:01:28+00:00,2.1,ML,36.89444,29.10528,5,2.0,36_29_2026
715366,2026-04-29 05:33:30+00:00,2.8,ML,37.88361,36.47694,4,2.8,37_36_2026
715372,2026-04-29 06:35:02+00:00,2.8,ML,40.97528,43.10444,3,2.8,40_43_2026
715374,2026-04-29 06:51:13+00:00,2.1,ML,39.00028,42.87389,3,2.0,39_42_2026
715394,2026-04-29 10:24:18+00:00,2.3,ML,40.82472,28.07278,5,2.2,40_28_2026
715403,2026-04-29 13:56:57+00:00,2.2,ML,40.3375,33.4575,3,2.2,40_33_2026
715410,2026-04-29 18:15:26+00:00,3.0,ML,38.13917,38.55361,12,3.0,38_38_2026
715412,2026-04-29 18:22:21+00:00,3.3,ML,38.1425,38.55194,14,3.2,38_38_2026
715418,2026-04-29 20:30:52+00:00,3.0,ML,36.1275,31.83639,9,3.0,36_31_2026
715424,2026-04-29 22:24:19+00:00,2.0,ML,36.32556,29.43222,4,2.0,36_29_2026
715434,2026-04-30 00:01:03+00:00,2.2,ML,40.36222,43.295,3,2.2,40_43_2026
715473,2026-04-30 09:07:35+00:00,3.0,ML,40.14,24.57167,4,3.0,40_24_2026
715490,2026-04-30 12:57:25+00:00,2.6,ML,37.87611,36.48111,3,2.6,37_36_2026
715491,2026-04-30 13:11:13+00:00,2.7,ML,40.44194,26.25667,10,2.6,40_26_2026
715528,2026-04-30 21:57:47+00:00,3.3,ML,39.40556,40.64639,15,3.2,39_40_2026
715550,2026-05-01 03:14:11+00:00,3.0,ML,37.96333,36.53944,11,3.0,37_36_2026
715562,2026-05-01 06:11:57+00:00,2.6,ML,38.85639,43.52528,3,2.6,38_43_2026
715582,2026-05-01 11:07:14+00:00,2.5,ML,37.5475,29.73056,5,2.4,37_29_2026
715651,2026-05-02 05:53:20+00:00,2.9,ML,37.14306,28.55194,9,2.8,37_28_2026
715653,2026-05-02 06:25:26+00:00,2.8,ML,40.12667,25.20778,5,2.8,40_25_2026
715661,2026-05-02 08:30:13+00:00,3.5,ML,35.91056,28.10361,5,3.4,35_28_2026
715665,2026-05-02 10:15:19+00:00,3.8,MW,41.1725,34.975,10,3.8,41_34_2026
715663,2026-05-02 10:29:48+00:00,2.6,ML,41.20639,34.97944,5,2.6,41_34_2026
715669,2026-05-02 11:14:48+00:00,2.1,ML,36.90222,29.10472,4,2.0,36_29_2026
715693,2026-05-02 20:05:04+00:00,3.3,ML,39.515,37.53278,13,3.2,39_37_2026
715730,2026-05-03 00:14:04+00:00,2.0,ML,36.90694,29.0925,3,2.0,36_29_2026
715737,2026-05-03 01:10:31+00:00,3.1,ML,39.17056,28.23444,16,3.0,39_28_2026
715768,2026-05-03 04:32:05+00:00,3.0,ML,39.36472,38.55944,13,3.0,39_38_2026
715804,2026-05-03 10:10:56+00:00,2.8,ML,38.29972,37.76667,5,2.8,38_37_2026
715808,2026-05-03 10:21:10+00:00,2.0,ML,38.31083,37.76278,3,2.0,38_37_2026
715848,2026-05-03 20:57:39+00:00,3.3,ML,37.47889,37.18278,12,3.2,37_37_2026
715879,2026-05-04 09:54:25+00:00,2.4,ML,38.17167,36.38028,3,2.4,38_36_2026
715894,2026-05-04 14:58:13+00:00,2.3,ML,37.91778,28.78833,6,2.2,37_28_2026
715912,2026-05-04 19:11:20+00:00,2.3,ML,39.34111,42.235,4,2.2,39_42_2026
715941,2026-05-04 23:48:03+00:00,2.3,ML,39.36694,42.26778,5,2.2,39_42_2026
715945,2026-05-05 01:50:55+00:00,2.3,ML,39.24,27.75889,4,2.2,39_27_2026
715961,2026-05-05 03:37:37+00:00,3.0,ML,39.24222,28.9775,4,3.0,39_28_2026
716054,2026-05-05 21:23:24+00:00,2.3,ML,37.90389,36.46417,7,2.2,37_36_2026
716067,2026-05-05 22:42:36+00:00,2.1,ML,37.72389,31.20111,3,2.0,37_31_2026
716086,2026-05-06 02:22:21+00:00,3.6,ML,37.81,36.31,10,3.6,37_36_2026
716130,2026-05-06 10:51:27+00:00,2.2,ML,39.99111,35.47194,3,2.2,39_35_2026
716138,2026-05-06 13:36:19+00:00,3.1,ML,36.89639,29.09417,10,3.0,36_29_2026
716165,2026-05-06 20:15:08+00:00,2.4,ML,37.94306,37.95472,8,2.4,37_37_2026
716172,2026-05-06 21:35:25+00:00,3.2,ML,38.13278,37.78944,14,3.2,38_37_2026
716201,2026-05-07 01:38:55+00:00,2.1,ML,39.38917,37.35222,4,2.0,39_37_2026
716208,2026-05-07 02:40:49+00:00,2.0,ML,40.77389,42.51722,3,2.0,40_42_2026
716220,2026-05-07 05:35:32+00:00,3.3,ML,38.07056,27.27083,11,3.2,38_27_2026
716225,2026-05-07 07:25:11+00:00,3.0,ML,40.44111,28.45889,24,3.0,40_28_2026
716227,2026-05-07 07:53:08+00:00,2.0,ML,36.90889,29.11222,3,2.0,36_29_2026
716253,2026-05-07 15:32:57+00:00,2.7,ML,37.97528,36.49444,7,2.6,37_36_2026
716270,2026-05-07 19:18:33+00:00,2.5,ML,36.905,29.10861,6,2.4,36_29_2026
716284,2026-05-07 21:12:26+00:00,2.6,ML,37.25583,37.07278,6,2.6,37_37_2026
716293,2026-05-07 22:35:22+00:00,2.3,ML,36.94333,28.52722,7,2.2,36_28_2026
716334,2026-05-08 06:42:36+00:00,2.9,ML,38.21306,38.47583,9,2.8,38_38_2026
716341,2026-05-08 07:29:40+00:00,2.3,ML,36.91833,29.10694,3,2.2,36_29_2026
716373,2026-05-08 10:59:03+00:00,2.7,ML,36.90083,29.0925,5,2.6,36_29_2026
716378,2026-05-08 11:46:23+00:00,2.4,ML,36.90667,29.1225,4,2.4,36_29_2026
716377,2026-05-08 11:47:53+00:00,2.2,ML,37.10222,30.56722,3,2.2,37_30_2026
716391,2026-05-08 14:11:31+00:00,3.1,ML,34.75722,32.34556,3,3.0,34_32_2026
716399,2026-05-08 15:48:05+00:00,2.2,ML,35.85889,33.79333,5,2.2,35_33_2026
716405,2026-05-08 18:04:34+00:00,2.2,ML,39.40083,40.44972,3,2.2,39_40_2026
716419,2026-05-08 21:22:03+00:00,2.1,ML,37.31167,31.07556,4,2.0,37_31_2026
716422,2026-05-08 21:42:52+00:00,2.1,ML,39.78889,30.52639,10,2.0,39_30_2026
716428,2026-05-08 23:11:19+00:00,2.6,ML,39.98694,35.54194,7,2.6,39_35_2026
716444,2026-05-09 00:11:50+00:00,2.4,ML,39.18139,25.93222,6,2.4,39_25_2026
716452,2026-05-09 05:57:44+00:00,2.2,ML,36.92667,29.1325,4,2.2,36_29_2026
716454,2026-05-09 06:08:19+00:00,3.0,ML,35.96278,31.0175,5,3.0,35_31_2026
716467,2026-05-09 09:59:29+00:00,3.5,ML,35.92611,30.25,3,3.4,35_30_2026
716502,2026-05-09 16:27:40+00:00,2.6,ML,38.00806,36.68444,4,2.6,38_36_2026
716515,2026-05-09 19:11:20+00:00,2.0,ML,38.05361,35.20278,3,2.0,38_35_2026
716520,2026-05-09 20:01:52+00:00,2.6,ML,40.54556,25.67194,9,2.6,40_25_2026
716519,2026-05-09 20:08:38+00:00,2.9,ML,38.11667,36.65611,7,2.8,38_36_2026
716546,2026-05-09 23:10:10+00:00,2.1,ML,36.98444,36.20028,3,2.0,36_36_2026
716580,2026-05-10 10:02:08+00:00,2.9,ML,40.00194,30.14972,13,2.8,40_30_2026
716586,2026-05-10 10:33:47+00:00,2.6,ML,39.36861,27.40667,10,2.6,39_27_2026
716594,2026-05-10 12:14:28+00:00,2.8,ML,35.26194,31.95222,3,2.8,35_31_2026
716595,2026-05-10 13:21:34+00:00,2.0,ML,40.79278,27.45694,10,2.0,40_27_2026
716597,2026-05-10 13:59:39+00:00,3.3,ML,37.88333,35.33111,8,3.2,37_35_2026
716604,2026-05-10 15:06:24+00:00,2.4,ML,38.46028,37.31722,5,2.4,38_37_2026
716609,2026-05-10 15:30:54+00:00,2.2,ML,39.24222,28.12333,6,2.2,39_28_2026
716612,2026-05-10 15:57:56+00:00,2.1,ML,39.01472,42.82028,3,2.0,39_42_2026
716607,2026-05-10 16:05:02+00:00,3.0,ML,40.35917,25.79056,20,3.0,40_25_2026
716627,2026-05-10 19:48:21+00:00,2.9,ML,40.81583,31.04944,11,2.8,40_31_2026
716629,2026-05-10 20:28:46+00:00,3.5,ML,38.26722,38.14361,13,3.4,38_38_2026
716666,2026-05-11 02:11:15+00:00,2.4,ML,36.14056,27.62611,4,2.4,36_27_2026
716711,2026-05-11 13:31:45+00:00,2.2,ML,40.01778,35.49417,5,2.2,40_35_2026
716714,2026-05-11 15:07:51+00:00,2.4,ML,39.16889,41.99056,7,2.4,39_41_2026
716720,2026-05-11 16:27:04+00:00,2.7,ML,38.885,37.39917,9,2.6,38_37_2026
716735,2026-05-11 20:59:12+00:00,2.9,ML,37.70972,35.42444,8,2.8,37_35_2026
716743,2026-05-11 23:05:12+00:00,2.7,ML,38.855,37.38472,6,2.6,38_37_2026
716744,2026-05-11 23:20:20+00:00,2.6,ML,38.1275,36.8625,7,2.6,38_36_2026
716758,2026-05-12 01:40:46+00:00,2.0,ML,35.84278,33.77,4,2.0,35_33_2026
716761,2026-05-12 02:54:33+00:00,2.7,ML,38.27361,38.79139,8,2.6,38_38_2026
716783,2026-05-12 08:56:02+00:00,2.3,ML,37.1175,27.91667,5,2.2,37_27_2026
716786,2026-05-12 09:01:03+00:00,2.4,ML,37.12111,27.9225,7,2.4,37_27_2026
716796,2026-05-12 09:51:22+00:00,2.7,ML,39.67306,38.73806,7,2.6,39_38_2026
716821,2026-05-12 16:13:22+00:00,2.0,ML,38.03917,35.56944,3,2.0,38_35_2026
716842,2026-05-12 22:44:07+00:00,2.6,ML,39.00722,43.65889,4,2.6,39_43_2026
716847,2026-05-13 00:12:32+00:00,2.1,ML,39.92694,39.49056,5,2.0,39_39_2026
716911,2026-05-13 10:32:16+00:00,2.2,ML,37.02417,34.59528,5,2.2,37_34_2026
716947,2026-05-13 18:13:32+00:00,2.0,ML,40.17694,31.75139,3,2.0,40_31_2026
716991,2026-05-14 05:21:33+00:00,3.0,ML,40.20639,24.7925,5,3.0,40_24_2026
716994,2026-05-14 05:51:50+00:00,2.7,ML,38.015,36.65611,5,2.6,38_36_2026
717003,2026-05-14 09:44:26+00:00,2.2,ML,38.26167,38.20056,4,2.2,38_38_2026
717004,2026-05-14 10:08:41+00:00,2.7,ML,38.55667,41.49056,5,2.6,38_41_2026
717005,2026-05-14 10:49:04+00:00,3.0,ML,36.03194,30.3175,5,3.0,36_30_2026
717015,2026-05-14 15:36:33+00:00,3.0,ML,38.76806,44.63306,3,3.0,38_44_2026
717091,2026-05-15 04:10:41+00:00,2.7,ML,39.33944,25.98556,7,2.6,39_25_2026
717104,2026-05-15 07:02:24+00:00,2.4,ML,36.89972,29.11389,4,2.4,36_29_2026
717109,2026-05-15 08:17:08+00:00,2.1,ML,39.31167,25.91972,3,2.0,39_25_2026
717114,2026-05-15 10:36:35+00:00,2.1,ML,36.91972,27.83833,3,2.0,36_27_2026
717142,2026-05-15 20:00:37+00:00,2.6,ML,40.65194,27.56333,25,2.6,40_27_2026
717160,2026-05-15 21:33:22+00:00,2.4,ML,39.09278,33.07,9,2.4,39_33_2026
717191,2026-05-16 06:46:59+00:00,2.2,ML,37.31333,28.25222,5,2.2,37_28_2026
717201,2026-05-16 08:24:27+00:00,2.4,ML,34.69361,33.37639,3,2.4,34_33_2026
717244,2026-05-16 23:23:05+00:00,2.1,ML,36.89694,29.14333,3,2.0,36_29_2026
717249,2026-05-17 00:04:02+00:00,2.0,ML,36.39139,28.83556,3,2.0,36_28_2026
717258,2026-05-17 02:17:59+00:00,3.0,ML,39.1475,28.30111,21,3.0,39_28_2026
717263,2026-05-17 02:53:32+00:00,2.0,ML,39.24056,40.32083,6,2.0,39_40_2026
717262,2026-05-17 02:55:16+00:00,2.7,ML,39.15278,28.27333,8,2.6,39_28_2026
717267,2026-05-17 03:30:52+00:00,2.1,ML,34.61222,32.50417,3,2.0,34_32_2026
717282,2026-05-17 07:08:50+00:00,2.1,ML,39.92917,37.65278,4,2.0,39_37_2026
717283,2026-05-17 08:25:13+00:00,2.6,ML,40.18833,27.205,19,2.6,40_27_2026
717292,2026-05-17 09:54:10+00:00,3.2,ML,37.92417,36.46444,11,3.2,37_36_2026
717354,2026-05-18 00:27:21+00:00,2.3,ML,38.46111,37.30028,8,2.2,38_37_2026
717437,2026-05-18 13:10:15+00:00,2.4,ML,40.795,30.86278,10,2.4,40_30_2026
717518,2026-05-19 10:57:35+00:00,2.6,ML,37.76444,36.63778,4,2.6,37_36_2026
717520,2026-05-19 11:41:51+00:00,3.5,ML,37.38667,36.74722,11,3.4,37_36_2026
717524,2026-05-19 13:05:24+00:00,2.6,ML,37.39306,36.74778,5,2.6,37_36_2026
717554,2026-05-20 00:43:41+00:00,2.5,ML,39.08833,41.58,5,2.4,39_41_2026
717562,2026-05-20 01:45:55+00:00,2.4,ML,39.40806,37.30583,9,2.4,39_37_2026
717563,2026-05-20 01:55:21+00:00,2.1,ML,39.38639,37.35167,8,2.0,39_37_2026
717566,2026-05-20 03:08:12+00:00,3.1,ML,39.20389,28.21472,19,3.0,39_28_2026
717573,2026-05-20 06:00:15+00:00,5.6,MW,38.29417,38.57028,12,5.6,38_38_2026
717576,2026-05-20 06:34:29+00:00,2.2,ML,38.25,38.58333,7,2.2,38_38_2026
717575,2026-05-20 06:41:11+00:00,2.9,ML,38.23306,38.555,8,2.8,38_38_2026
717577,2026-05-20 07:21:06+00:00,3.6,ML,38.25361,38.59,14,3.6,38_38_2026
717653,2026-05-20 13:30:51+00:00,2.4,ML,39.79,41.955,3,2.4,39_41_2026
717663,2026-05-20 15:35:56+00:00,3.2,ML,38.24583,38.56917,13,3.2,38_38_2026
717665,2026-05-20 16:18:45+00:00,2.7,ML,38.285,37.825,10,2.6,38_37_2026
717671,2026-05-20 16:47:34+00:00,2.7,ML,37.80722,36.50944,5,2.6,37_36_2026
717679,2026-05-20 19:12:01+00:00,2.5,ML,38.63667,37.35333,8,2.4,38_37_2026
717723,2026-05-21 03:28:40+00:00,2.1,ML,40.19028,31.74333,4,2.0,40_31_2026
717724,2026-05-21 03:46:30+00:00,3.4,ML,38.78417,44.43556,5,3.4,38_44_2026
717763,2026-05-21 15:02:33+00:00,2.2,ML,38.51778,39.44167,5,2.2,38_39_2026
717795,2026-05-21 20:29:29+00:00,2.8,ML,39.67639,28.00194,15,2.8,39_28_2026
717825,2026-05-22 00:02:11+00:00,3.1,ML,35.99417,32.03111,5,3.0,35_32_2026
717836,2026-05-22 01:25:56+00:00,3.0,ML,38.11972,37.10611,12,3.0,38_37_2026
717845,2026-05-22 02:48:21+00:00,3.1,ML,38.14778,38.57917,13,3.0,38_38_2026
717856,2026-05-22 04:36:13+00:00,2.4,ML,40.78333,30.85111,11,2.4,40_30_2026
717864,2026-05-22 06:03:40+00:00,2.4,ML,39.30361,42.22583,3,2.4,39_42_2026
717900,2026-05-22 13:13:00+00:00,2.8,ML,38.26,38.57806,8,2.8,38_38_2026
717917,2026-05-22 15:43:14+00:00,3.0,ML,38.25833,38.59222,11,3.0,38_38_2026
717956,2026-05-23 00:46:53+00:00,2.2,ML,39.72306,25.62167,7,2.2,39_25_2026
717974,2026-05-23 02:29:50+00:00,2.3,ML,38.40083,31.68694,9,2.2,38_31_2026
718034,2026-05-23 20:29:27+00:00,2.7,ML,38.22556,38.71028,10,2.6,38_38_2026
718066,2026-05-24 00:42:01+00:00,2.4,ML,38.25639,38.56694,6,2.4,38_38_2026
718050,2026-05-24 01:07:08+00:00,2.5,ML,37.97278,27.20889,6,2.4,37_27_2026
718043,2026-05-24 01:26:51+00:00,4.9,MW,37.75472,36.09139,12,4.8,37_36_2026
718055,2026-05-24 02:08:24+00:00,2.7,ML,37.77722,36.12111,3,2.6,37_36_2026
718078,2026-05-24 04:19:13+00:00,2.0,ML,37.75472,36.07528,4,2.0,37_36_2026
718086,2026-05-24 05:51:55+00:00,2.6,ML,39.95417,33.31111,8,2.6,39_33_2026
718088,2026-05-24 06:25:01+00:00,3.0,ML,37.76722,36.14889,10,3.0,37_36_2026
718091,2026-05-24 06:35:05+00:00,2.8,ML,39.01722,30.16917,6,2.8,39_30_2026
718123,2026-05-24 13:37:35+00:00,2.7,ML,37.74528,36.08528,4,2.6,37_36_2026
718128,2026-05-24 14:41:27+00:00,3.5,ML,37.73917,36.10056,12,3.4,37_36_2026
718150,2026-05-24 19:36:49+00:00,4.0,MW,38.25556,38.60944,15,4.0,38_38_2026
718151,2026-05-24 20:07:33+00:00,3.6,ML,38.16806,42.60167,10,3.6,38_42_2026
718191,2026-05-25 03:01:37+00:00,3.5,ML,40.12194,24.97472,7,3.4,40_24_2026
718201,2026-05-25 04:53:19+00:00,2.7,ML,40.70917,31.65472,9,2.6,40_31_2026
718237,2026-05-25 11:20:15+00:00,2.4,ML,36.68361,29.01667,5,2.4,36_29_2026
718267,2026-05-25 18:44:53+00:00,4.2,ML,37.72278,36.10417,11,4.2,37_36_2026
718289,2026-05-25 22:43:52+00:00,2.1,ML,37.72389,36.08472,5,2.0,37_36_2026
718311,2026-05-26 02:43:17+00:00,3.0,ML,37.72333,36.09194,10,3.0,37_36_2026
718321,2026-05-26 03:45:33+00:00,3.6,ML,38.49389,39.17639,14,3.6,38_39_2026
718334,2026-05-26 06:02:13+00:00,2.2,ML,37.87028,27.62,3,2.2,37_27_2026
718338,2026-05-26 06:49:15+00:00,2.8,ML,38.03139,36.15528,7,2.8,38_36_2026
718341,2026-05-26 07:37:36+00:00,3.9,ML,38.37778,38.90639,15,3.8,38_38_2026
718347,2026-05-26 08:28:46+00:00,2.0,ML,38.80139,41.91444,3,2.0,38_41_2026
718361,2026-05-26 10:15:28+00:00,2.0,ML,38.47361,39.17667,3,2.0,38_39_2026
718367,2026-05-26 11:13:52+00:00,3.1,ML,38.12778,36.90528,11,3.0,38_36_2026
718399,2026-05-26 16:56:56+00:00,2.8,ML,37.93667,36.46583,6,2.8,37_36_2026
718408,2026-05-26 17:48:00+00:00,2.6,ML,39.09333,33.05389,12,2.6,39_33_2026
718462,2026-05-27 01:29:47+00:00,2.6,ML,38.13639,38.5175,9,2.6,38_38_2026
718491,2026-05-27 08:04:42+00:00,3.4,ML,39.11861,41.02611,10,3.4,39_41_2026
718515,2026-05-27 13:46:54+00:00,2.2,ML,37.32722,37.04333,4,2.2,37_37_2026
718534,2026-05-27 17:24:57+00:00,2.3,ML,36.91,29.09056,4,2.2,36_29_2026
718560,2026-05-27 22:59:43+00:00,2.4,ML,39.81528,29.655,11,2.4,39_29_2026
718565,2026-05-27 23:19:43+00:00,3.2,ML,39.80889,29.65806,19,3.2,39_29_2026
718606,2026-05-28 04:41:40+00:00,2.0,ML,35.88194,31.74667,3,2.0,35_31_2026
718645,2026-05-28 11:47:06+00:00,2.7,ML,39.21778,41.60528,9,2.6,39_41_2026
718653,2026-05-28 14:01:56+00:00,2.4,ML,36.88528,29.11278,3,2.4,36_29_2026
718657,2026-05-28 15:01:05+00:00,2.8,ML,37.78167,36.12361,6,2.8,37_36_2026
718661,2026-05-28 15:47:58+00:00,2.7,ML,37.85722,36.34528,3,2.6,37_36_2026
718675,2026-05-28 19:04:13+00:00,2.4,ML,38.98556,29.77306,7,2.4,38_29_2026
718680,2026-05-28 20:10:46+00:00,2.3,ML,36.48806,28.16222,6,2.2,36_28_2026
718686,2026-05-28 21:58:06+00:00,2.4,ML,39.00528,42.01528,7,2.4,39_42_2026
718690,2026-05-28 22:56:18+00:00,2.6,ML,38.99361,29.77472,6,2.6,38_29_2026
718732,2026-05-29 10:52:01+00:00,2.6,ML,38.40889,38.90583,7,2.6,38_38_2026
718744,2026-05-29 13:26:11+00:00,3.8,ML,38.78139,43.1925,7,3.8,38_43_2026
718758,2026-05-29 19:20:41+00:00,2.1,ML,37.17694,27.82306,6,2.0,37_27_2026
718766,2026-05-29 21:19:13+00:00,2.1,ML,39.49361,35.03944,8,2.0,39_35_2026
718786,2026-05-30 01:44:01+00:00,3.5,ML,39.24722,28.19667,23,3.4,39_28_2026
718795,2026-05-30 02:24:29+00:00,2.0,ML,39.78389,41.8775,3,2.0,39_41_2026
718828,2026-05-30 11:12:30+00:00,2.6,ML,38.31778,37.79139,9,2.6,38_37_2026
718838,2026-05-30 15:02:36+00:00,2.8,ML,36.33972,34.725,3,2.8,36_34_2026
718894,2026-05-31 00:41:18+00:00,3.0,ML,35.33333,31.62944,4,3.0,35_31_2026
718905,2026-05-31 00:59:51+00:00,2.3,ML,39.12556,41.01333,8,2.2,39_41_2026
718929,2026-05-31 04:27:39+00:00,3.0,ML,38.01694,27.1225,7,3.0,38_27_2026
718949,2026-05-31 10:27:34+00:00,2.1,ML,40.59,28.94972,12,2.0,40_28_2026
718960,2026-05-31 12:56:47+00:00,2.2,ML,38.87417,40.12,3,2.2,38_40_2026
718981,2026-05-31 19:01:08+00:00,2.2,ML,37.91306,36.47611,4,2.2,37_36_2026
718997,2026-06-01 00:07:49+00:00,2.4,ML,40.0075,41.39,3,2.4,40_41_2026
719001,2026-06-01 02:35:34+00:00,3.2,ML,40.03944,41.47389,10,3.2,40_41_2026
719020,2026-06-01 05:35:35+00:00,2.5,ML,39.01806,42.85944,4,2.4,39_42_2026
719036,2026-06-01 09:42:19+00:00,3.2,ML,39.125,28.22528,17,3.2,39_28_2026
719055,2026-06-01 13:57:44+00:00,2.2,ML,37.88139,36.62111,3,2.2,37_36_2026
719084,2026-06-02 01:52:05+00:00,2.2,ML,39.77028,41.69889,6,2.2,39_41_2026
719124,2026-06-02 14:07:25+00:00,2.5,ML,37.99694,37.42083,5,2.4,37_37_2026
719128,2026-06-02 15:27:38+00:00,2.4,ML,37.84222,35.32556,5,2.4,37_35_2026
719139,2026-06-02 18:35:15+00:00,3.2,ML,38.74361,43.49222,8,3.2,38_43_2026
719162,2026-06-02 23:29:49+00:00,2.3,ML,38.73333,26.01944,4,2.2,38_26_2026
719168,2026-06-03 01:47:09+00:00,2.0,ML,37.73611,42.73806,3,2.0,37_42_2026
719194,2026-06-03 10:12:07+00:00,4.4,MW,37.51278,37.23889,11,4.4,37_37_2026
719202,2026-06-03 13:49:32+00:00,2.9,ML,37.1675,36.90528,5,2.8,37_36_2026
719211,2026-06-03 18:00:41+00:00,3.4,ML,35.76361,28.09833,6,3.4,35_28_2026
719243,2026-06-04 00:44:04+00:00,3.1,ML,38.72194,39.93389,11,3.0,38_39_2026
719246,2026-06-04 00:53:01+00:00,2.3,ML,38.80333,40.05083,5,2.2,38_40_2026
719249,2026-06-04 01:29:56+00:00,2.4,ML,35.86028,28.13861,3,2.4,35_28_2026
719253,2026-06-04 03:20:04+00:00,3.4,ML,38.51361,39.36917,9,3.4,38_39_2026
719282,2026-06-04 09:18:07+00:00,2.5,ML,37.77861,27.12333,3,2.4,37_27_2026
719295,2026-06-04 13:02:38+00:00,2.0,ML,38.24333,38.14,3,2.0,38_38_2026
719324,2026-06-04 20:17:54+00:00,2.7,ML,40.78222,32.77361,7,2.6,40_32_2026
719325,2026-06-04 20:29:22+00:00,2.3,ML,38.30889,37.78833,8,2.2,38_37_2026
719338,2026-06-04 22:25:38+00:00,3.0,ML,38.28417,37.78972,13,3.0,38_37_2026
719365,2026-06-05 02:19:45+00:00,2.3,ML,38.10417,36.51972,5,2.2,38_36_2026
719393,2026-06-05 08:13:35+00:00,2.0,ML,38.12389,31.05361,8,2.0,38_31_2026
719406,2026-06-05 13:50:54+00:00,2.7,ML,38.5275,40.7125,7,2.6,38_40_2026
719415,2026-06-05 17:42:19+00:00,2.0,ML,38.28972,35.985,3,2.0,38_35_2026
719416,2026-06-05 18:33:37+00:00,2.3,ML,37.79806,29.73361,4,2.2,37_29_2026
719434,2026-06-05 23:17:10+00:00,3.3,ML,37.91111,28.77833,15,3.2,37_28_2026
719456,2026-06-06 01:37:55+00:00,2.2,ML,38.90972,43.54417,3,2.2,38_43_2026
719460,2026-06-06 02:18:05+00:00,2.0,ML,36.28722,33.93694,3,2.0,36_33_2026
719470,2026-06-06 06:07:29+00:00,2.0,ML,37.87556,29.17278,5,2.0,37_29_2026
719477,2026-06-06 09:08:14+00:00,2.5,ML,39.3675,38.53667,4,2.4,39_38_2026
719483,2026-06-06 12:19:48+00:00,2.8,ML,37.83417,29.68611,7,2.8,37_29_2026
719506,2026-06-06 17:54:04+00:00,2.2,ML,38.11972,37.55056,3,2.2,38_37_2026
719517,2026-06-06 21:19:31+00:00,2.8,ML,38.30583,38.57806,9,2.8,38_38_2026
719522,2026-06-06 21:33:49+00:00,2.0,ML,39.40667,25.60972,4,2.0,39_25_2026
719567,2026-06-07 07:51:21+00:00,2.4,ML,40.58556,30.59944,11,2.4,40_30_2026
719577,2026-06-07 11:07:28+00:00,2.8,ML,39.48472,44.44222,3,2.8,39_44_2026
719600,2026-06-07 19:20:25+00:00,2.6,ML,40.66694,34.50306,9,2.6,40_34_2026
719606,2026-06-07 21:40:07+00:00,2.0,ML,38.62444,26.15833,3,2.0,38_26_2026
719610,2026-06-07 23:11:23+00:00,2.0,ML,39.11806,40.33972,4,2.0,39_40_2026
719613,2026-06-08 00:15:24+00:00,2.9,ML,38.81833,26.63861,4,2.8,38_26_2026
719614,2026-06-08 00:24:12+00:00,2.4,ML,38.81444,26.6325,4,2.4,38_26_2026
719615,2026-06-08 00:26:02+00:00,2.7,ML,40.90306,31.63917,4,2.6,40_31_2026
719616,2026-06-08 00:36:20+00:00,2.4,ML,39.89306,39.96806,3,2.4,39_39_2026
719617,2026-06-08 00:56:59+00:00,2.9,ML,35.13333,33.10806,3,2.8,35_33_2026
719639,2026-06-08 06:03:52+00:00,2.9,ML,38.20083,38.62,4,2.8,38_38_2026
719643,2026-06-08 07:23:09+00:00,2.6,ML,39.27361,28.1075,6,2.6,39_28_2026
719650,2026-06-08 08:39:14+00:00,2.6,ML,38.88861,39.57417,4,2.6,38_39_2026
719669,2026-06-08 18:10:09+00:00,2.4,ML,37.78778,32.92083,9,2.4,37_32_2026
719679,2026-06-08 21:08:36+00:00,3.1,ML,38.35,37.97722,10,3.0,38_37_2026
719692,2026-06-08 23:41:55+00:00,2.0,ML,39.67833,32.54389,6,2.0,39_32_2026
719724,2026-06-09 02:30:56+00:00,2.0,ML,38.3975,31.79333,7,2.0,38_31_2026
719739,2026-06-09 06:30:09+00:00,3.0,ML,38.18361,38.68667,7,3.0,38_38_2026
719789,2026-06-09 20:14:57+00:00,3.0,ML,39.01389,42.87944,13,3.0,39_42_2026
719790,2026-06-09 20:28:49+00:00,2.0,ML,39.00028,42.86278,5,2.0,39_42_2026
719811,2026-06-10 02:31:09+00:00,3.5,ML,38.63444,31.06639,13,3.4,38_31_2026
719821,2026-06-10 04:52:46+00:00,2.8,ML,39.01028,42.86833,5,2.8,39_42_2026
719834,2026-06-10 10:21:31+00:00,3.0,ML,38.63056,31.07417,11,3.0,38_31_2026
719836,2026-06-10 11:21:36+00:00,2.6,ML,39.6625,32.52583,9,2.6,39_32_2026
719853,2026-06-10 15:43:13+00:00,3.9,ML,37.81,36.08417,9,3.8,37_36_2026
719862,2026-06-10 18:59:51+00:00,3.1,ML,37.77083,36.10361,9,3.0,37_36_2026
719869,2026-06-10 19:59:13+00:00,2.1,ML,40.41806,26.14139,11,2.0,40_26_2026
719868,2026-06-10 20:04:18+00:00,3.0,ML,38.75556,36.54278,12,3.0,38_36_2026
719874,2026-06-10 21:42:05+00:00,2.4,ML,38.57111,40.68611,8,2.4,38_40_2026
719875,2026-06-10 21:45:00+00:00,2.6,ML,37.95361,42.85472,4,2.6,37_42_2026
719881,2026-06-10 23:11:02+00:00,2.5,ML,38.57028,40.69667,7,2.4,38_40_2026
719885,2026-06-11 03:48:23+00:00,2.6,ML,39.2425,40.19222,7,2.6,39_40_2026
719899,2026-06-11 06:55:46+00:00,2.6,ML,39.16444,27.3375,6,2.6,39_27_2026
719934,2026-06-11 19:10:38+00:00,2.6,ML,35.98917,28.05778,3,2.6,35_28_2026
719940,2026-06-11 20:58:31+00:00,2.8,ML,37.9225,28.79278,9,2.8,37_28_2026
719950,2026-06-11 22:38:55+00:00,2.6,ML,38.66917,27.40722,6,2.6,38_27_2026
719962,2026-06-12 01:30:38+00:00,2.5,ML,40.14333,40.70222,5,2.4,40_40_2026
719959,2026-06-12 01:46:34+00:00,3.2,ML,38.60306,30.80056,13,3.2,38_30_2026
719964,2026-06-12 02:07:29+00:00,2.7,ML,38.75889,36.5425,7,2.6,38_36_2026
719976,2026-06-12 06:03:57+00:00,2.7,ML,36.92056,28.99972,5,2.6,36_28_2026
719977,2026-06-12 06:07:14+00:00,2.9,ML,38.29306,38.59361,4,2.8,38_38_2026
719995,2026-06-12 11:45:25+00:00,3.0,ML,37.75444,36.1325,6,3.0,37_36_2026
720011,2026-06-12 16:56:39+00:00,2.7,ML,38.44194,39.3275,5,2.6,38_39_2026
720013,2026-06-12 17:00:43+00:00,2.0,ML,40.22083,41.00028,3,2.0,40_41_2026
720024,2026-06-12 19:38:19+00:00,3.3,ML,38.76056,36.52944,13,3.2,38_36_2026
720027,2026-06-12 20:27:44+00:00,3.1,ML,39.23806,41.91611,10,3.0,39_41_2026
720030,2026-06-12 21:08:47+00:00,4.6,MW,37.13444,36.91222,9,4.6,37_36_2026
720044,2026-06-12 23:50:41+00:00,2.5,ML,38.26278,38.83778,5,2.4,38_38_2026
720045,2026-06-12 23:54:53+00:00,2.8,ML,38.2675,38.82917,6,2.8,38_38_2026
720050,2026-06-13 00:25:12+00:00,2.2,ML,40.74139,28.67028,15,2.2,40_28_2026
720085,2026-06-13 09:22:50+00:00,3.7,ML,38.63333,26.64194,11,3.6,38_26_2026
720104,2026-06-13 13:15:42+00:00,3.4,ML,37.08861,28.51667,11,3.4,37_28_2026
720146,2026-06-14 01:15:57+00:00,2.0,ML,40.34833,28.47639,11,2.0,40_28_2026
720138,2026-06-14 01:51:55+00:00,2.3,ML,37.09111,28.53722,7,2.2,37_28_2026
720141,2026-06-14 02:18:25+00:00,2.6,ML,37.10194,28.52361,9,2.6,37_28_2026
720142,2026-06-14 02:19:18+00:00,3.0,ML,37.08556,28.51639,9,3.0,37_28_2026
720154,2026-06-14 03:26:06+00:00,2.9,ML,39.27194,28.02667,8,2.8,39_28_2026
720173,2026-06-14 07:01:51+00:00,2.0,ML,36.68639,31.58444,3,2.0,36_31_2026
720206,2026-06-14 18:10:54+00:00,2.1,ML,38.3825,28.38083,4,2.0,38_28_2026
720230,2026-06-14 22:35:11+00:00,2.1,ML,39.80389,25.6125,6,2.0,39_25_2026
720229,2026-06-14 22:50:49+00:00,3.1,ML,38.85167,26.82389,9,3.0,38_26_2026
720245,2026-06-15 01:54:36+00:00,2.6,ML,39.00528,26.64194,5,2.6,39_26_2026
720254,2026-06-15 03:42:37+00:00,2.0,ML,39.21889,29.00583,4,2.0,39_29_2026
720258,2026-06-15 04:03:09+00:00,2.1,ML,38.67361,43.08722,4,2.0,38_43_2026
720259,2026-06-15 04:29:31+00:00,2.7,ML,38.99083,26.63667,6,2.6,38_26_2026
720277,2026-06-15 08:52:10+00:00,2.6,ML,38.76056,36.5475,5,2.6,38_36_2026
720286,2026-06-15 11:20:14+00:00,2.4,ML,37.30278,28.11722,6,2.4,37_28_2026
720301,2026-06-15 17:41:41+00:00,2.8,ML,38.75528,36.55556,6,2.8,38_36_2026
720300,2026-06-15 17:42:02+00:00,3.9,ML,38.7525,36.54778,9,3.8,38_36_2026
720303,2026-06-15 17:59:58+00:00,2.7,ML,38.75,36.5425,6,2.6,38_36_2026
720314,2026-06-15 18:20:10+00:00,2.0,ML,35.68889,32.03667,3,2.0,35_32_2026
720319,2026-06-15 18:47:11+00:00,3.5,ML,36.08833,28.3925,8,3.4,36_28_2026
720315,2026-06-15 18:51:27+00:00,2.2,ML,38.76611,36.5375,7,2.2,38_36_2026
720329,2026-06-15 20:01:15+00:00,2.8,ML,38.75917,36.53611,7,2.8,38_36_2026
720351,2026-06-15 21:36:36+00:00,2.9,ML,38.75306,36.53833,7,2.8,38_36_2026
720355,2026-06-15 22:04:24+00:00,3.5,ML,38.75528,36.53778,11,3.4,38_36_2026
720361,2026-06-15 22:34:27+00:00,2.7,ML,38.76861,36.55472,7,2.6,38_36_2026
720373,2026-06-15 23:52:54+00:00,3.4,ML,38.75167,36.55889,12,3.4,38_36_2026
720374,2026-06-15 23:57:29+00:00,3.2,ML,38.76306,36.54333,11,3.2,38_36_2026
720451,2026-06-16 05:59:12+00:00,3.2,ML,38.76417,36.53139,12,3.2,38_36_2026
720455,2026-06-16 06:51:26+00:00,2.6,ML,38.31,37.81361,4,2.6,38_37_2026
720469,2026-06-16 09:29:18+00:00,3.0,ML,38.75389,36.54194,12,3.0,38_36_2026
720496,2026-06-16 13:42:31+00:00,2.7,ML,38.74528,36.57417,5,2.6,38_36_2026
720507,2026-06-16 13:50:05+00:00,2.7,ML,38.7575,36.56806,9,2.6,38_36_2026
720515,2026-06-16 14:52:01+00:00,3.2,ML,37.85167,36.1975,8,3.2,37_36_2026
720517,2026-06-16 15:25:34+00:00,2.8,ML,38.77583,36.54861,6,2.8,38_36_2026
720530,2026-06-16 17:49:59+00:00,3.4,MW,38.75028,36.55278,7,3.4,38_36_2026
720538,2026-06-16 20:41:19+00:00,3.6,ML,40.60056,27.48972,34,3.6,40_27_2026
720551,2026-06-16 23:43:21+00:00,2.2,ML,38.76694,36.52222,6,2.2,38_36_2026
720555,2026-06-17 02:42:21+00:00,2.8,ML,38.78583,36.55,8,2.8,38_36_2026
720574,2026-06-17 05:02:29+00:00,2.9,ML,40.99056,32.04167,10,2.8,40_32_2026
720604,2026-06-17 12:16:06+00:00,2.8,ML,38.54389,40.36944,7,2.8,38_40_2026
720620,2026-06-17 17:56:46+00:00,2.9,ML,38.77444,36.53639,7,2.8,38_36_2026
720646,2026-06-18 00:01:09+00:00,2.1,ML,40.41389,26.15806,15,2.0,40_26_2026
720655,2026-06-18 01:38:36+00:00,2.6,ML,38.14361,37.34083,6,2.6,38_37_2026
720680,2026-06-18 10:19:35+00:00,2.8,ML,38.76611,36.53639,4,2.8,38_36_2026
720684,2026-06-18 12:07:39+00:00,3.5,ML,35.885,30.78389,6,3.4,35_30_2026
720685,2026-06-18 12:15:01+00:00,2.4,ML,40.115,33.33944,7,2.4,40_33_2026
720728,2026-06-19 00:41:17+00:00,2.2,ML,38.06833,36.65222,5,2.2,38_36_2026
720741,2026-06-19 04:54:48+00:00,2.0,ML,38.77167,36.53333,3,2.0,38_36_2026
720757,2026-06-19 09:27:19+00:00,3.2,ML,39.305,39.93361,12,3.2,39_39_2026
720758,2026-06-19 09:32:33+00:00,2.5,ML,39.29917,39.91806,4,2.4,39_39_2026
720762,2026-06-19 10:05:41+00:00,2.4,ML,39.39194,40.64278,3,2.4,39_40_2026
720805,2026-06-19 21:52:05+00:00,2.4,ML,39.30194,39.92222,3,2.4,39_39_2026
720810,2026-06-19 22:25:46+00:00,2.9,ML,37.82194,35.32528,6,2.8,37_35_2026
720828,2026-06-20 01:24:40+00:00,3.4,ML,39.79583,41.09278,16,3.4,39_41_2026
720840,2026-06-20 04:08:07+00:00,3.5,ML,39.15306,25.88278,11,3.4,39_25_2026
720842,2026-06-20 04:42:21+00:00,2.8,ML,38.50694,40.21306,6,2.8,38_40_2026
720874,2026-06-20 11:53:48+00:00,2.4,ML,40.86222,28.81056,15,2.4,40_28_2026
720878,2026-06-20 12:06:07+00:00,2.4,ML,38.76139,36.54389,6,2.4,38_36_2026
720885,2026-06-20 15:27:26+00:00,2.7,ML,37.97028,36.48611,5,2.6,37_36_2026
720892,2026-06-20 17:29:17+00:00,2.4,ML,38.77167,36.52694,5,2.4,38_36_2026
720896,2026-06-20 18:32:26+00:00,3.6,ML,40.78361,30.85167,22,3.6,40_30_2026
720921,2026-06-20 22:23:43+00:00,2.3,ML,40.72972,27.41472,20,2.2,40_27_2026
720940,2026-06-21 00:56:42+00:00,3.0,ML,37.75833,36.14278,10,3.0,37_36_2026
721032,2026-06-21 21:12:26+00:00,2.7,ML,38.45472,39.3075,9,2.6,38_39_2026
721045,2026-06-22 00:06:14+00:00,2.3,ML,39.415,25.83889,6,2.2,39_25_2026
721102,2026-06-22 17:04:33+00:00,2.2,ML,37.22467,30.47283,3,2.2,37_30_2026
721101,2026-06-22 17:17:47+00:00,3.0,ML,38.96972,26.03667,7,3.0,38_26_2026
721109,2026-06-22 19:28:52+00:00,3.9,MW,35.53722,29.26611,4,3.8,35_29_2026
721118,2026-06-22 21:03:34+00:00,2.2,ML,37.91833,35.13361,3,2.2,37_35_2026
721123,2026-06-22 22:18:58+00:00,3.0,ML,39.42083,40.50806,13,3.0,39_40_2026
721124,2026-06-22 22:31:33+00:00,2.5,ML,37.75861,36.11083,4,2.4,37_36_2026
721125,2026-06-22 23:21:35+00:00,2.9,ML,37.70306,32.35861,6,2.8,37_32_2026
721131,2026-06-23 00:29:51+00:00,2.8,ML,38.35111,38.82333,8,2.8,38_38_2026
721152,2026-06-23 04:12:10+00:00,2.6,ML,39.13861,41.63389,8,2.6,39_41_2026
721169,2026-06-23 09:26:41+00:00,2.6,ML,38.93972,43.55806,5,2.6,38_43_2026
721174,2026-06-23 11:04:35+00:00,3.9,MW,37.91833,27.59167,13,3.8,37_27_2026
721181,2026-06-23 13:40:50+00:00,2.1,ML,36.22667,28.94389,4,2.0,36_28_2026
721224,2026-06-23 23:45:12+00:00,2.0,ML,38.09722,28.94889,6,2.0,38_28_2026
721233,2026-06-24 02:14:42+00:00,2.4,ML,37.64556,29.74139,8,2.4,37_29_2026
721243,2026-06-24 05:46:15+00:00,3.1,ML,40.85833,30.88556,18,3.0,40_30_2026
721250,2026-06-24 09:02:08+00:00,3.3,ML,38.77611,27.14278,12,3.2,38_27_2026
721284,2026-06-24 19:09:25+00:00,2.8,ML,37.80472,42.40528,4,2.8,37_42_2026
721302,2026-06-24 22:56:46+00:00,2.6,ML,38.78778,36.54722,3,2.6,38_36_2026
721335,2026-06-25 05:51:52+00:00,3.4,ML,37.8775,26.89083,3,3.4,37_26_2026
721354,2026-06-25 13:22:37+00:00,4.0,MW,38.28333,38.59056,8,4.0,38_38_2026
721465,2026-06-27 02:39:11+00:00,2.3,ML,42.11333,34.37167,4,2.2,42_34_2026
721487,2026-06-27 10:27:38+00:00,3.9,MW,39.40472,26.27361,21,3.8,39_26_2026
721499,2026-06-27 14:57:52+00:00,3.1,ML,38.71861,43.50778,6,3.0,38_43_2026
721503,2026-06-27 15:16:36+00:00,2.4,ML,38.7425,43.49583,5,2.4,38_43_2026
721554,2026-06-28 09:30:53+00:00,2.3,ML,37.87306,27.29778,5,2.2,37_27_2026
721561,2026-06-28 11:43:31+00:00,2.7,ML,37.88944,26.57083,5,2.6,37_26_2026
721566,2026-06-28 12:56:12+00:00,4.0,MW,39.18667,28.12139,23,4.0,39_28_2026
721577,2026-06-28 15:04:24+00:00,3.2,ML,35.61889,30.98722,3,3.2,35_30_2026
721580,2026-06-28 16:34:16+00:00,3.0,ML,38.76028,36.54056,10,3.0,38_36_2026
721592,2026-06-28 19:23:24+00:00,3.6,ML,39.30056,42.20778,11,3.6,39_42_2026
721598,2026-06-28 19:57:51+00:00,2.2,ML,40.43889,42.98111,4,2.2,40_42_2026
721655,2026-06-29 11:02:29+00:00,3.1,MW,38.05444,36.61028,6,3.0,38_36_2026
721669,2026-06-29 15:51:38+00:00,3.7,ML,38.785,37.19361,14,3.6,38_37_2026
721670,2026-06-29 16:46:33+00:00,2.7,ML,37.5,37.06778,5,2.6,37_37_2026
721673,2026-06-29 16:53:11+00:00,2.0,ML,37.49694,37.05306,3,2.0,37_37_2026
721672,2026-06-29 17:11:47+00:00,2.8,ML,39.67361,25.58833,5,2.8,39_25_2026
721696,2026-06-29 23:34:55+00:00,3.3,ML,39.03167,25.94333,7,3.2,39_25_2026
721699,2026-06-29 23:44:49+00:00,2.7,ML,38.77472,36.53417,7,2.6,38_36_2026
721715,2026-06-30 01:54:28+00:00,2.3,ML,38.23778,35.14972,3,2.2,38_35_2026
721720,2026-06-30 02:48:59+00:00,2.1,ML,37.40389,38.78889,3,2.0,37_38_2026
721744,2026-06-30 14:30:39+00:00,2.4,ML,39.19333,41.27194,3,2.4,39_41_2026
721752,2026-06-30 18:58:07+00:00,3.1,ML,38.0325,36.66194,8,3.0,38_36_2026
721755,2026-06-30 19:08:44+00:00,3.3,ML,39.45306,27.985,25,3.2,39_27_2026
721757,2026-06-30 19:36:29+00:00,2.6,ML,39.01944,25.88,4,2.6,39_25_2026
721801,2026-07-01 06:31:48+00:00,3.6,ML,38.06361,43.06889,7,3.6,38_43_2026
721808,2026-07-01 09:46:52+00:00,2.8,ML,38.26806,37.76833,9,2.8,38_37_2026
721818,2026-07-01 11:24:50+00:00,2.6,ML,36.94806,29.37583,7,2.6,36_29_2026
721832,2026-07-01 12:33:45+00:00,3.1,ML,38.06222,43.06694,5,3.0,38_43_2026
721871,2026-07-02 00:08:57+00:00,2.8,ML,37.17389,29.80861,8,2.8,37_29_2026
721878,2026-07-02 00:22:27+00:00,2.5,ML,37.78028,36.16583,4,2.4,37_36_2026
721883,2026-07-02 01:48:52+00:00,2.0,ML,36.19139,28.03639,4,2.0,36_28_2026
721899,2026-07-02 03:52:38+00:00,2.8,ML,39.15611,28.3275,10,2.8,39_28_2026
721938,2026-07-02 15:40:40+00:00,2.5,ML,38.74056,43.33694,5,2.4,38_43_2026
721946,2026-07-02 20:02:05+00:00,2.6,ML,38.55861,32.13889,10,2.6,38_32_2026
721947,2026-07-02 20:11:29+00:00,3.0,ML,40.19083,25.25194,9,3.0,40_25_2026
721963,2026-07-02 21:40:29+00:00,2.8,ML,40.23972,25.12556,6,2.8,40_25_2026
721991,2026-07-03 03:36:43+00:00,2.6,ML,37.99139,36.29639,6,2.6,37_36_2026
721998,2026-07-03 05:18:16+00:00,2.0,ML,36.97528,27.62833,4,2.0,36_27_2026
722000,2026-07-03 05:28:54+00:00,2.6,ML,38.0625,43.04444,3,2.6,38_43_2026
722028,2026-07-03 14:35:15+00:00,3.0,ML,37.77222,36.155,6,3.0,37_36_2026
722045,2026-07-03 19:29:45+00:00,2.2,ML,38.83861,25.68306,3,2.2,38_25_2026
722056,2026-07-03 21:54:08+00:00,2.5,ML,38.05389,43.07583,4,2.4,38_43_2026
722071,2026-07-04 02:02:15+00:00,3.1,ML,38.39306,38.95528,10,3.0,38_38_2026
722112,2026-07-04 17:52:55+00:00,2.0,ML,39.3175,42.20667,3,2.0,39_42_2026
722123,2026-07-04 21:03:03+00:00,3.2,ML,37.72528,36.12167,10,3.2,37_36_2026
722140,2026-07-05 02:46:51+00:00,3.4,ML,38.155,36.59806,12,3.4,38_36_2026
722152,2026-07-05 05:20:59+00:00,2.2,ML,37.00639,27.68472,4,2.2,37_27_2026
722165,2026-07-05 08:59:45+00:00,2.8,ML,39.37333,27.97722,8,2.8,39_27_2026
722190,2026-07-05 14:06:21+00:00,2.3,ML,39.35972,27.96778,3,2.2,39_27_2026
722193,2026-07-05 15:24:39+00:00,3.7,ML,38.10833,38.46667,13,3.6,38_38_2026
722205,2026-07-05 18:40:55+00:00,2.3,ML,41.40806,40.10917,4,2.2,41_40_2026
722218,2026-07-05 22:53:53+00:00,2.4,ML,39.30111,42.20139,7,2.4,39_42_2026
722256,2026-07-06 07:12:12+00:00,3.5,ML,37.96444,36.20472,12,3.4,37_36_2026
722262,2026-07-06 08:11:46+00:00,2.2,ML,37.725,35.38556,4,2.2,37_35_2026
722294,2026-07-06 20:13:49+00:00,3.7,ML,40.17222,25.12528,13,3.6,40_25_2026
722309,2026-07-06 23:26:44+00:00,2.9,ML,39.35944,27.97278,11,2.8,39_27_2026
722329,2026-07-07 02:49:30+00:00,2.3,ML,35.67528,32.00306,5,2.2,35_32_2026
722335,2026-07-07 03:53:51+00:00,2.8,ML,38.76139,43.19667,4,2.8,38_43_2026
722348,2026-07-07 07:16:08+00:00,3.4,ML,38.1125,36.93056,10,3.4,38_36_2026
722350,2026-07-07 09:35:16+00:00,2.6,ML,38.5025,39.185,6,2.6,38_39_2026
722393,2026-07-08 00:22:04+00:00,2.8,ML,40.03806,38.70111,8,2.8,40_38_2026
722408,2026-07-08 03:51:51+00:00,2.9,ML,38.44278,39.23833,8,2.8,38_39_2026
722435,2026-07-08 09:15:51+00:00,2.4,ML,40.13361,31.845,5,2.4,40_31_2026
722437,2026-07-08 10:24:26+00:00,2.4,ML,40.75667,32.58417,4,2.4,40_32_2026
722442,2026-07-08 14:20:21+00:00,2.5,ML,40.84722,27.86472,14,2.4,40_27_2026
722459,2026-07-08 21:45:02+00:00,3.3,ML,39.76,26.61389,21,3.2,39_26_2026
722475,2026-07-08 23:59:20+00:00,2.5,ML,38.86611,43.52167,5,2.4,38_43_2026
722481,2026-07-09 01:33:49+00:00,2.6,ML,38.20111,38.63472,8,2.6,38_38_2026
722482,2026-07-09 01:35:41+00:00,3.2,ML,38.09194,38.41028,14,3.2,38_38_2026
722496,2026-07-09 07:25:16+00:00,3.2,ML,38.30167,37.28056,8,3.2,38_37_2026
722506,2026-07-09 09:12:53+00:00,3.0,ML,37.85139,26.86,4,3.0,37_26_2026
722515,2026-07-09 10:48:44+00:00,2.0,ML,37.95083,27.56722,3,2.0,37_27_2026
722539,2026-07-09 19:41:43+00:00,2.6,ML,39.39222,40.65972,5,2.6,39_40_2026
722554,2026-07-09 23:50:53+00:00,2.2,ML,37.90417,29.15139,9,2.2,37_29_2026
722557,2026-07-10 00:16:15+00:00,2.4,ML,40.775,28.06806,25,2.4,40_28_2026
722560,2026-07-10 00:59:05+00:00,3.2,ML,40.81694,28.16917,34,3.2,40_28_2026
722566,2026-07-10 04:51:41+00:00,2.2,ML,39.20556,27.99528,4,2.2,39_27_2026
722587,2026-07-10 13:00:29+00:00,2.7,ML,39.33583,26.025,4,2.6,39_26_2026
722588,2026-07-10 13:27:47+00:00,2.8,ML,38.75639,36.57222,8,2.8,38_36_2026
722605,2026-07-10 18:08:08+00:00,2.4,ML,38.63472,31.04944,8,2.4,38_31_2026
722657,2026-07-11 04:39:04+00:00,2.2,ML,36.99222,27.67417,5,2.2,36_27_2026
722675,2026-07-11 09:41:51+00:00,2.4,ML,36.25861,28.93778,5,2.4,36_28_2026
722686,2026-07-11 11:14:12+00:00,3.4,ML,38.82722,37.30722,13,3.4,38_37_2026
722687,2026-07-11 11:17:49+00:00,2.2,ML,39.23806,29.00667,3,2.2,39_29_2026
722714,2026-07-11 21:43:16+00:00,3.8,ML,37.82,35.07417,10,3.8,37_35_2026
722727,2026-07-11 23:31:49+00:00,2.2,ML,38.83583,43.5375,5,2.2,38_43_2026
722733,2026-07-12 02:11:16+00:00,2.1,ML,37.98278,27.96861,4,2.0,37_27_2026
722744,2026-07-12 05:10:55+00:00,3.2,ML,37.15194,34.71444,10,3.2,37_34_2026
722750,2026-07-12 05:54:48+00:00,2.0,ML,36.9725,27.40139,4,2.0,36_27_2026
722778,2026-07-12 21:27:22+00:00,2.1,ML,36.33861,36.24361,3,2.0,36_36_2026
722777,2026-07-12 21:46:12+00:00,3.3,ML,39.2575,28.94361,19,3.2,39_28_2026
722781,2026-07-12 23:45:54+00:00,2.4,ML,36.68583,34.12194,5,2.4,36_34_2026
722829,2026-07-13 11:45:52+00:00,2.8,ML,39.22722,29.02861,5,2.8,39_29_2026
722833,2026-07-13 12:45:47+00:00,2.5,ML,38.75617,40.11333,3,2.4,38_40_2026
722840,2026-07-13 15:05:02+00:00,3.0,ML,38.5075,40.27117,10,3.0,38_40_2026
722843,2026-07-13 16:35:47+00:00,3.1,ML,38.83317,37.28517,11,3.0,38_37_2026
722844,2026-07-13 17:11:31+00:00,2.8,ML,40.952,27.525,22,2.8,40_27_2026
722861,2026-07-13 21:03:37+00:00,2.4,ML,38.82417,37.282,5,2.4,38_37_2026
722874,2026-07-13 22:55:57+00:00,2.4,ML,39.20483,41.855,6,2.4,39_41_2026
722880,2026-07-13 23:20:11+00:00,2.1,ML,40.3935,26.09733,11,2.0,40_26_2026
722909,2026-07-14 04:32:08+00:00,3.0,ML,38.73667,43.57722,4,3.0,38_43_2026
722920,2026-07-14 06:18:06+00:00,2.5,ML,37.868,36.67033,3,2.4,37_36_2026
722925,2026-07-14 07:44:09+00:00,3.4,MW,35.838,29.74017,3,3.4,35_29_2026
722955,2026-07-14 18:27:09+00:00,4.2,MW,37.266,37.05533,9,4.2,37_37_2026
722960,2026-07-14 18:50:27+00:00,2.8,ML,38.23267,38.61167,7,2.8,38_38_2026
722965,2026-07-14 21:18:30+00:00,3.4,ML,40.413,42.28867,11,3.4,40_42_2026
722974,2026-07-15 00:41:15+00:00,2.0,ML,39.20933,41.42617,5,2.0,39_41_2026
722981,2026-07-15 02:31:00+00:00,2.8,ML,36.5235,28.7235,8,2.8,36_28_2026
722997,2026-07-15 09:30:36+00:00,3.0,ML,36.09833,28.64833,6,3.0,36_28_2026
723008,2026-07-15 12:08:50+00:00,2.1,ML,36.419,31.821,3,2.0,36_31_2026
723019,2026-07-15 18:29:28+00:00,3.3,ML,36.17233,27.41617,5,3.2,36_27_2026
723021,2026-07-15 19:12:23+00:00,2.9,ML,39.361,25.715,6,2.8,39_25_2026
723022,2026-07-15 19:15:19+00:00,3.9,ML,39.35067,25.6605,9,3.8,39_25_2026
723025,2026-07-15 19:48:56+00:00,2.4,ML,39.35367,25.6915,5,2.4,39_25_2026
723029,2026-07-15 20:35:19+00:00,2.0,ML,39.35783,25.70017,4,2.0,39_25_2026
723032,2026-07-15 20:52:09+00:00,2.4,ML,40.4095,42.28367,4,2.4,40_42_2026
723038,2026-07-15 22:45:55+00:00,2.9,ML,40.5285,27.1205,24,2.8,40_27_2026
723042,2026-07-15 23:16:59+00:00,2.7,ML,38.20983,37.69183,5,2.6,38_37_2026
723043,2026-07-15 23:24:20+00:00,2.5,ML,39.32917,25.66367,5,2.4,39_25_2026
723048,2026-07-16 00:21:25+00:00,2.9,ML,37.934,26.5265,4,2.8,37_26_2026
723096,2026-07-16 11:06:22+00:00,2.5,ML,39.96694,26.08222,8,2.4,39_26_2026
723120,2026-07-16 19:52:53+00:00,4.0,MW,38.3815,38.88183,16,4.0,38_38_2026
723135,2026-07-16 22:03:37+00:00,2.1,ML,37.26383,37.04567,5,2.0,37_37_2026
723181,2026-07-17 07:07:17+00:00,2.9,ML,39.65183,39.59817,7,2.8,39_39_2026
723190,2026-07-17 08:54:42+00:00,2.0,ML,37.7805,30.48133,5,2.0,37_30_2026
723192,2026-07-17 09:24:34+00:00,2.4,ML,40.54717,42.568,3,2.4,40_42_2026
723196,2026-07-17 10:10:07+00:00,2.1,ML,37.77717,30.52867,4,2.0,37_30_2026
723195,2026-07-17 10:11:39+00:00,2.7,ML,37.77533,30.516,6,2.6,37_30_2026
723208,2026-07-17 14:46:04+00:00,2.1,ML,40.20167,27.4385,9,2.0,40_27_2026
723207,2026-07-17 14:52:30+00:00,2.8,ML,37.4565,37.21617,6,2.8,37_37_2026
723217,2026-07-17 17:54:33+00:00,3.4,ML,36.63367,36.4255,6,3.4,36_36_2026
723250,2026-07-18 01:20:14+00:00,2.8,ML,39.2455,28.89867,6,2.8,39_28_2026
723255,2026-07-18 02:01:54+00:00,3.0,ML,38.13783,38.52767,12,3.0,38_38_2026
723258,2026-07-18 03:20:59+00:00,5.0,MW,38.24722,38.48972,15,5.0,38_38_2026
723273,2026-07-18 04:59:05+00:00,2.2,ML,38.42767,39.01467,5,2.2,38_39_2026
723283,2026-07-18 06:26:14+00:00,3.4,ML,37.72917,36.15367,9,3.4,37_36_2026
723286,2026-07-18 07:55:33+00:00,2.5,ML,40.7195,36.5145,5,2.4,40_36_2026
723306,2026-07-18 13:07:40+00:00,2.9,ML,38.21383,37.69883,6,2.8,38_37_2026
723315,2026-07-18 17:29:44+00:00,3.0,ML,36.2825,35.627,5,3.0,36_35_2026
723328,2026-07-18 20:50:59+00:00,3.1,ML,36.972,36.0635,6,3.0,36_36_2026
723344,2026-07-19 00:21:56+00:00,2.4,ML,39.07583,39.0035,7,2.4,39_39_2026
723346,2026-07-19 00:45:03+00:00,2.7,ML,39.19367,41.55817,8,2.6,39_41_2026
723357,2026-07-19 03:13:36+00:00,2.0,ML,39.42717,38.96983,6,2.0,39_38_2026
723369,2026-07-19 05:00:17+00:00,2.8,ML,39.3345,26.12267,6,2.8,39_26_2026
723386,2026-07-19 08:17:43+00:00,2.7,ML,39.218,41.83833,7,2.6,39_41_2026
723481,2026-07-20 06:34:31+00:00,2.4,ML,39.45383,25.90733,3,2.4,39_25_2026
723521,2026-07-20 17:25:16+00:00,2.3,ML,41.26883,40.39367,3,2.2,41_40_2026
723540,2026-07-20 22:31:10+00:00,2.3,ML,40.5315,37.14883,5,2.2,40_37_2026
723557,2026-07-21 03:20:00+00:00,2.9,ML,39.183,28.20817,10,2.8,39_28_2026
723561,2026-07-21 04:13:08+00:00,2.8,ML,39.93333,43.238,6,2.8,39_43_2026
723581,2026-07-21 08:17:57+00:00,2.5,ML,36.95467,27.884,4,2.4,36_27_2026
723577,2026-07-21 08:32:18+00:00,2.0,ML,36.97683,27.88983,4,2.0,36_27_2026
723594,2026-07-21 13:55:13+00:00,2.4,ML,37.18033,29.62467,5,2.4,37_29_2026
723611,2026-07-21 18:32:58+00:00,3.5,ML,39.34617,26.127,18,3.4,39_26_2026
723612,2026-07-21 18:35:59+00:00,3.3,ML,39.34767,26.12917,17,3.2,39_26_2026
723614,2026-07-21 18:55:02+00:00,2.4,ML,37.93983,37.754,4,2.4,37_37_2026
723624,2026-07-21 21:58:17+00:00,2.2,ML,39.34617,26.139,5,2.2,39_26_2026
723651,2026-07-22 01:03:10+00:00,2.5,ML,37.20717,29.14917,6,2.4,37_29_2026
723650,2026-07-22 01:08:05+00:00,3.2,ML,37.133,29.03117,9,3.2,37_29_2026
723659,2026-07-22 05:14:12+00:00,2.6,ML,37.19317,29.57167,4,2.6,37_29_2026
723677,2026-07-22 08:21:56+00:00,2.3,ML,39.3265,26.10517,6,2.2,39_26_2026
723684,2026-07-22 11:42:24+00:00,3.2,ML,38.73767,36.5365,11,3.2,38_36_2026
723694,2026-07-22 18:40:26+00:00,3.5,ML,37.22683,30.4435,14,3.4,37_30_2026
723699,2026-07-22 20:03:03+00:00,2.0,ML,37.93417,35.187,3,2.0,37_35_2026
723718,2026-07-23 02:39:31+00:00,2.6,ML,39.21767,28.162,7,2.6,39_28_2026
723724,2026-07-23 05:24:30+00:00,2.7,ML,38.6175,39.65867,6,2.6,38_39_2026
723727,2026-07-23 07:26:44+00:00,4.1,MW,38.35067,37.86183,10,4.0,38_37_2026
723729,2026-07-23 08:16:57+00:00,2.7,ML,38.10767,29.22567,9,2.6,38_29_2026
723750,2026-07-23 16:05:27+00:00,2.4,ML,38.33667,37.87583,5,2.4,38_37_2026
723773,2026-07-24 01:33:12+00:00,2.1,ML,40.125,31.89694,5,2.0,40_31_2026
723794,2026-07-24 06:38:49+00:00,2.2,ML,39.17667,28.21133,5,2.2,39_28_2026
723806,2026-07-24 08:30:14+00:00,2.1,ML,38.888,31.3965,4,2.0,38_31_2026
723811,2026-07-24 11:01:59+00:00,3.9,MW,39.36533,25.6895,11,3.8,39_25_2026
723813,2026-07-24 11:41:58+00:00,3.5,MW,38.12183,40.71433,10,3.4,38_40_2026
723843,2026-07-24 20:09:53+00:00,2.4,ML,39.34667,26.11267,5,2.4,39_26_2026
723842,2026-07-24 20:11:52+00:00,2.2,ML,37.65167,35.88517,5,2.2,37_35_2026
723868,2026-07-25 05:14:04+00:00,2.4,ML,40.323,27.09017,17,2.4,40_27_2026
723889,2026-07-25 12:47:40+00:00,2.6,ML,36.03833,29.064,3,2.6,36_29_2026
723891,2026-07-25 13:16:59+00:00,3.1,ML,41.38517,43.92733,4,3.0,41_43_2026
723920,2026-07-25 23:52:56+00:00,2.1,ML,37.318,37.045,5,2.0,37_37_2026
723935,2026-07-26 04:22:54+00:00,2.0,ML,39.71233,33.27367,8,2.0,39_33_2026
723944,2026-07-26 08:16:43+00:00,2.5,ML,37.76533,30.71717,5,2.4,37_30_2026
723957,2026-07-26 10:35:02+00:00,2.3,ML,39.61,38.18694,4,2.2,39_38_2026
723974,2026-07-26 13:52:39+00:00,2.1,ML,37.041,32.21533,4,2.0,37_32_2026
723979,2026-07-26 15:18:15+00:00,2.2,ML,38.17733,30.67983,7,2.2,38_30_2026
724042,2026-07-27 07:26:22+00:00,3.6,ML,38.59833,39.58433,13,3.6,38_39_2026
724116,2026-07-28 00:01:23+00:00,2.1,ML,39.02983,27.08,3,2.0,39_27_2026
724150,2026-07-28 08:14:20+00:00,2.5,ML,39.33867,26.12867,5,2.4,39_26_2026
724159,2026-07-28 09:56:55+00:00,2.4,ML,39.22233,28.13817,6,2.4,39_28_2026
724153,2026-07-28 10:25:18+00:00,3.2,ML,38.259,37.76017,10,3.2,38_37_2026
724177,2026-07-28 16:34:13+00:00,3.0,ML,38.2515,38.52417,9,3.0,38_38_2026
724189,2026-07-28 20:20:32+00:00,2.6,ML,37.88317,36.6805,5,2.6,37_36_2026
724211,2026-07-29 02:37:43+00:00,2.8,ML,37.47083,36.548,4,2.8,37_36_2026
724223,2026-07-29 06:31:30+00:00,3.4,ML,38.25917,37.7515,9,3.4,38_37_2026
724231,2026-07-29 10:01:42+00:00,3.5,MW,37.88483,26.99717,4,3.4,37_26_2026
724242,2026-07-29 14:57:39+00:00,2.4,ML,37.23417,36.82633,4,2.4,37_36_2026
724243,2026-07-29 15:10:25+00:00,2.6,ML,38.62617,26.86,4,2.6,38_26_2026
724245,2026-07-29 16:50:22+00:00,2.6,ML,40.43567,29.20433,13,2.6,40_29_2026
724256,2026-07-29 20:40:55+00:00,2.0,ML,40.075,38.90583,5,2.0,40_38_2026
724257,2026-07-29 20:53:30+00:00,3.2,ML,36.65833,28.30056,9,3.2,36_28_2026
724259,2026-07-29 21:00:55+00:00,3.5,ML,36.70783,28.34533,8,3.4,36_28_2026
724262,2026-07-29 21:21:10+00:00,2.9,ML,36.68467,28.33583,4,2.8,36_28_2026
724263,2026-07-29 21:27:46+00:00,2.5,ML,39.3255,26.13317,7,2.4,39_26_2026
724267,2026-07-29 22:26:30+00:00,2.7,ML,36.71433,28.334,4,2.6,36_28_2026
724269,2026-07-29 23:00:19+00:00,3.9,MW,36.69617,28.34883,9,3.8,36_28_2026
724275,2026-07-30 00:19:43+00:00,2.5,ML,36.67783,28.37083,4,2.4,36_28_2026
724283,2026-07-30 02:02:22+00:00,2.1,ML,38.775,36.56083,5,2.0,38_36_2026
724295,2026-07-30 04:49:30+00:00,2.4,ML,39.98033,31.97733,3,2.4,39_31_2026
724296,2026-07-30 05:10:01+00:00,2.1,ML,39.24833,29.00017,4,2.0,39_29_2026
724304,2026-07-30 06:32:41+00:00,2.8,ML,39.23567,28.114,8,2.8,39_28_2026
724305,2026-07-30 06:37:49+00:00,2.6,ML,39.38167,40.707,5,2.6,39_40_2026
724308,2026-07-30 09:18:52+00:00,2.0,ML,38.87,26.84717,3,2.0,38_26_2026
724309,2026-07-30 09:26:42+00:00,2.6,ML,39.248,27.97917,3,2.6,39_27_2026
724316,2026-07-30 10:29:59+00:00,2.3,ML,38.01,30.61167,3,2.2,38_30_2026
724325,2026-07-30 12:44:26+00:00,3.4,ML,36.68133,28.34867,5,3.4,36_28_2026
724347,2026-07-30 21:17:12+00:00,2.2,ML,39.394,38.53683,6,2.2,39_38_2026
724383,2026-07-31 08:06:43+00:00,2.5,ML,38.7025,43.22556,4,2.4,38_43_2026
724405,2026-07-31 13:29:45+00:00,2.2,ML,39.3535,42.2825,4,2.2,39_42_2026
724412,2026-07-31 16:23:46+00:00,2.9,ML,37.31517,37.0345,6,2.8,37_37_2026
724442,2026-08-01 02:58:39+00:00,3.4,ML,39.3895,27.986,24,3.4,39_27_2026
724456,2026-08-01 04:27:47+00:00,2.5,ML,39.39417,27.9835,7,2.4,39_27_2026
724461,2026-08-01 04:36:16+00:00,2.5,ML,39.38483,27.97733,7,2.4,39_27_2026
724462,2026-08-01 04:41:34+00:00,2.5,ML,39.41583,26.26133,9,2.4,39_26_2026
724472,2026-08-01 08:22:07+00:00,3.0,ML,36.63617,28.23667,6,3.0,36_28_2026
724474,2026-08-01 09:51:10+00:00,2.6,ML,38.741,27.13667,4,2.6,38_27_2026
724504,2026-08-01 17:32:13+00:00,2.8,ML,40.59183,36.69967,5,2.8,40_36_2026
724502,2026-08-01 17:32:28+00:00,3.4,ML,39.67933,34.19733,16,3.4,39_34_2026
724563,2026-08-02 08:25:25+00:00,2.1,ML,37.86083,27.30717,4,2.0,37_27_2026
724579,2026-08-02 11:33:24+00:00,2.1,ML,37.77767,29.703,3,2.0,37_29_2026
724589,2026-08-02 14:18:59+00:00,2.3,ML,38.32417,37.859,6,2.2,38_37_2026
724590,2026-08-02 14:31:02+00:00,2.5,ML,37.85433,27.28483,4,2.4,37_27_2026
724606,2026-08-02 20:24:25+00:00,2.5,ML,38.74767,26.06783,4,2.4,38_26_2026
724607,2026-08-02 20:48:02+00:00,2.3,ML,39.029,27.0755,6,2.2,39_27_2026
724618,2026-08-02 22:49:02+00:00,2.9,ML,38.16033,42.69267,5,2.8,38_42_2026
724658,2026-08-03 06:05:45+00:00,2.5,ML,39.03433,38.92867,5,2.4,39_38_2026
724683,2026-08-03 17:27:43+00:00,2.2,ML,39.3345,26.0935,4,2.2,39_26_2026
724684,2026-08-03 18:00:39+00:00,2.0,ML,38.53683,40.41533,3,2.0,38_40_2026
724705,2026-08-04 01:53:13+00:00,2.6,ML,39.3855,41.39817,5,2.6,39_41_2026
724746,2026-08-04 15:56:49+00:00,2.5,ML,39.04433,27.08733,5,2.4,39_27_2026
724763,2026-08-04 20:42:28+00:00,2.6,ML,38.84083,43.516,4,2.6,38_43_2026
724777,2026-08-05 01:01:22+00:00,3.7,MW,37.98883,36.34733,12,3.6,37_36_2026
724794,2026-08-05 03:21:08+00:00,2.2,ML,40.0625,35.96767,6,2.2,40_35_2026
724797,2026-08-05 04:33:26+00:00,2.2,ML,39.96778,39.01917,4,2.2,39_39_2026
724839,2026-08-05 19:09:01+00:00,2.2,ML,36.63183,28.11067,5,2.2,36_28_2026
724840,2026-08-05 19:33:32+00:00,2.0,ML,39.55283,26.10117,6,2.0,39_26_2026
724851,2026-08-05 22:14:20+00:00,2.0,ML,39.9325,39.24283,3,2.0,39_39_2026
724853,2026-08-05 22:31:02+00:00,2.2,ML,39.3495,26.12717,5,2.2,39_26_2026
724860,2026-08-06 00:05:39+00:00,2.0,ML,40.02433,38.7975,6,2.0,40_38_2026
724868,2026-08-06 01:57:09+00:00,2.6,ML,36.49117,29.1025,5,2.6,36_29_2026
724896,2026-08-06 15:17:50+00:00,3.4,ML,36.67233,34.1165,12,3.4,36_34_2026
724900,2026-08-06 16:02:40+00:00,2.7,ML,36.6715,34.10583,6,2.6,36_34_2026
724927,2026-08-06 22:03:50+00:00,2.5,ML,40.2185,32.91433,9,2.4,40_32_2026
724959,2026-08-07 03:53:25+00:00,2.0,ML,37.9145,29.15517,7,2.0,37_29_2026
724962,2026-08-07 05:02:38+00:00,2.1,ML,39.3375,26.1235,5,2.0,39_26_2026
724965,2026-08-07 06:03:35+00:00,2.0,ML,40.62717,33.543,3,2.0,40_33_2026
724969,2026-08-07 07:10:55+00:00,4.1,MW,35.96883,28.06583,5,4.0,35_28_2026
724975,2026-08-07 08:26:07+00:00,2.5,ML,37.8255,29.73717,4,2.4,37_29_2026
724978,2026-08-07 09:03:03+00:00,3.4,MW,36.06367,34.4445,11,3.4,36_34_2026
725007,2026-08-07 17:04:01+00:00,2.0,ML,38.86233,27.14567,4,2.0,38_27_2026
725010,2026-08-07 19:02:43+00:00,2.9,ML,35.9755,28.04467,4,2.8,35_28_2026
725040,2026-08-08 01:49:13+00:00,2.6,ML,40.83783,35.94533,8,2.6,40_35_2026
725053,2026-08-08 06:48:51+00:00,3.1,ML,39.1645,28.23083,14,3.0,39_28_2026
725066,2026-08-08 10:31:09+00:00,2.8,ML,37.66667,26.98483,3,2.8,37_26_2026
725086,2026-08-08 16:40:27+00:00,2.2,ML,38.12083,36.91967,4,2.2,38_36_2026
725097,2026-08-08 18:59:17+00:00,2.7,ML,39.9025,42.60417,5,2.6,39_42_2026
725099,2026-08-08 19:01:57+00:00,2.2,ML,39.89383,42.572,4,2.2,39_42_2026
725116,2026-08-09 00:12:46+00:00,2.2,ML,39.509,26.06917,9,2.2,39_26_2026
725118,2026-08-09 00:42:16+00:00,4.5,MW,37.13183,36.90417,10,4.4,37_36_2026
725167,2026-08-09 12:06:54+00:00,3.5,ML,37.99967,36.38183,9,3.4,37_36_2026
725172,2026-08-09 12:41:18+00:00,2.3,ML,40.806,34.757,4,2.2,40_34_2026
725187,2026-08-09 17:07:00+00:00,2.8,ML,36.8575,35.48933,5,2.8,36_35_2026
725194,2026-08-09 19:12:35+00:00,2.2,ML,40.46733,32.9635,4,2.2,40_32_2026
725248,2026-08-10 11:13:49+00:00,3.3,MW,39.41017,26.328,17,3.2,39_26_2026
725249,2026-08-10 11:14:49+00:00,2.5,ML,39.3865,26.32467,5,2.4,39_26_2026
725265,2026-08-10 15:03:55+00:00,2.8,ML,40.05117,36.03533,5,2.8,40_36_2026
725266,2026-08-10 15:29:10+00:00,2.5,ML,40.05983,36.04317,5,2.4,40_36_2026
725275,2026-08-10 19:35:23+00:00,3.5,ML,36.545,28.73233,9,3.4,36_28_2026
725278,2026-08-10 20:03:29+00:00,2.9,ML,37.77667,36.14783,8,2.8,37_36_2026
725325,2026-08-11 08:57:04+00:00,2.4,ML,38.27517,37.733,4,2.4,38_37_2026
725338,2026-08-11 14:42:12+00:00,2.8,ML,39.21028,28.10222,8,2.8,39_28_2026
725360,2026-08-11 21:53:08+00:00,3.2,ML,35.96033,28.03983,5,3.2,35_28_2026
725371,2026-08-11 23:54:59+00:00,2.3,ML,37.16967,35.74417,5,2.2,37_35_2026
725380,2026-08-12 01:18:53+00:00,2.2,ML,40.0615,36.03817,6,2.2,40_36_2026
725396,2026-08-12 08:30:06+00:00,3.7,MW,38.79283,26.564,11,3.6,38_26_2026
725399,2026-08-12 11:00:03+00:00,2.2,ML,40.78033,31.50467,7,2.2,40_31_2026
725407,2026-08-12 14:47:55+00:00,2.1,ML,39.50383,26.085,3,2.0,39_26_2026
725414,2026-08-12 17:40:11+00:00,3.6,ML,38.587,39.57,12,3.6,38_39_2026
725458,2026-08-13 03:50:09+00:00,2.6,ML,37.23,35.65278,5,2.6,37_35_2026
725463,2026-08-13 05:03:07+00:00,2.0,ML,40.65383,36.79767,3,2.0,40_36_2026
725465,2026-08-13 05:32:46+00:00,3.3,ML,38.11917,26.28917,6,3.2,38_26_2026
725469,2026-08-13 07:17:26+00:00,2.7,ML,39.78867,41.83167,3,2.6,39_41_2026
725470,2026-08-13 07:33:14+00:00,3.0,ML,40.44,35.556,6,3.0,40_35_2026
725471,2026-08-13 07:39:19+00:00,2.7,ML,40.43367,35.541,4,2.6,40_35_2026
725479,2026-08-13 10:33:37+00:00,3.6,ML,40.43083,35.5415,7,3.6,40_35_2026
725480,2026-08-13 11:54:06+00:00,2.6,ML,36.97367,30.447,5,2.6,36_30_2026
725496,2026-08-13 16:22:08+00:00,2.3,ML,36.4955,34.845,3,2.2,36_34_2026
725523,2026-08-13 23:10:36+00:00,2.2,ML,38.9365,29.94117,6,2.2,38_29_2026
725529,2026-08-14 00:08:06+00:00,2.3,ML,36.71583,27.32183,4,2.2,36_27_2026
725534,2026-08-14 01:53:56+00:00,2.4,ML,37.93167,27.64383,5,2.4,37_27_2026
725566,2026-08-14 10:49:55+00:00,2.1,ML,37.29267,28.52983,4,2.0,37_28_2026
725575,2026-08-14 13:42:23+00:00,2.9,ML,39.23667,28.09528,10,2.8,39_28_2026
725587,2026-08-14 21:01:24+00:00,3.8,MW,38.83167,25.793,4,3.8,38_25_2026
725590,2026-08-14 22:00:51+00:00,3.1,ML,39.25367,28.9615,19,3.0,39_28_2026
725593,2026-08-14 22:36:38+00:00,2.2,ML,39.12233,28.23867,3,2.2,39_28_2026
725617,2026-08-15 03:33:21+00:00,3.0,ML,38.76467,27.152,7,3.0,38_27_2026
725615,2026-08-15 03:38:58+00:00,2.8,ML,38.21483,37.89067,8,2.8,38_37_2026
725616,2026-08-15 03:42:14+00:00,3.4,ML,40.05033,28.65033,30,3.4,40_28_2026
725620,2026-08-15 05:14:01+00:00,3.3,ML,35.76583,27.67167,4,3.2,35_27_2026
725633,2026-08-15 11:50:42+00:00,2.6,ML,38.29883,38.2045,7,2.6,38_38_2026
725635,2026-08-15 13:19:25+00:00,3.1,ML,40.04917,28.6575,22,3.0,40_28_2026
725640,2026-08-15 15:45:33+00:00,3.0,ML,35.7805,27.71583,4,3.0,35_27_2026
725644,2026-08-15 18:04:48+00:00,2.1,ML,38.07783,36.6275,3,2.0,38_36_2026
725659,2026-08-15 21:39:15+00:00,2.1,ML,38.688,43.02233,5,2.0,38_43_2026
725661,2026-08-15 22:08:54+00:00,2.8,ML,38.56183,39.52517,9,2.8,38_39_2026
725673,2026-08-16 00:19:19+00:00,2.0,ML,39.24383,28.17483,5,2.0,39_28_2026
725679,2026-08-16 02:44:47+00:00,3.2,ML,39.3965,40.4385,15,3.2,39_40_2026
725708,2026-08-16 12:23:12+00:00,3.0,ML,37.138,36.67433,6,3.0,37_36_2026
725710,2026-08-16 12:43:57+00:00,2.5,ML,37.05667,35.43417,3,2.4,37_35_2026
725711,2026-08-16 12:45:06+00:00,2.2,ML,38.77183,27.15017,3,2.2,38_27_2026
725712,2026-08-16 12:56:08+00:00,2.5,ML,40.05683,28.64817,10,2.4,40_28_2026
725725,2026-08-16 17:40:10+00:00,2.6,ML,40.05633,28.649,20,2.6,40_28_2026
725754,2026-08-17 00:46:59+00:00,2.1,ML,39.21833,28.99917,3,2.0,39_28_2026
725753,2026-08-17 01:05:48+00:00,2.6,ML,37.94083,37.5975,5,2.6,37_37_2026
725764,2026-08-17 02:22:19+00:00,2.3,ML,38.10017,42.55983,3,2.2,38_42_2026
725765,2026-08-17 02:56:44+00:00,2.4,ML,38.232,42.75067,3,2.4,38_42_2026
725773,2026-08-17 05:39:47+00:00,3.1,ML,38.202,38.586,8,3.0,38_38_2026
725775,2026-08-17 06:21:47+00:00,2.4,ML,38.5745,39.55467,3,2.4,38_39_2026
725790,2026-08-17 11:23:23+00:00,3.3,MW,40.0755,30.47117,23,3.2,40_30_2026
725804,2026-08-17 17:30:37+00:00,2.0,ML,40.08533,30.45983,7,2.0,40_30_2026
725818,2026-08-17 21:48:59+00:00,2.3,ML,38.63733,31.04517,7,2.2,38_31_2026
725871,2026-08-18 07:39:20+00:00,2.1,ML,38.09083,37.71806,3,2.0,38_37_2026
725894,2026-08-18 15:23:36+00:00,3.1,ML,37.62883,35.88283,8,3.0,37_35_2026
725902,2026-08-18 17:18:50+00:00,3.4,ML,37.39183,34.34283,12,3.4,37_34_2026
725942,2026-08-19 02:38:36+00:00,2.0,ML,37.15033,30.25883,6,2.0,37_30_2026
725951,2026-08-19 04:49:11+00:00,2.3,ML,37.93433,28.52233,8,2.2,37_28_2026
725955,2026-08-19 05:40:39+00:00,2.1,ML,38.86983,43.53733,3,2.0,38_43_2026
725960,2026-08-19 07:23:41+00:00,2.2,ML,36.813,28.3325,4,2.2,36_28_2026
725964,2026-08-19 07:53:36+00:00,2.4,ML,40.83217,31.59283,7,2.4,40_31_2026
725970,2026-08-19 13:08:18+00:00,2.2,ML,40.77867,29.079,12,2.2,40_29_2026
725971,2026-08-19 14:03:30+00:00,2.6,ML,40.74583,29.0555,18,2.6,40_29_2026
725973,2026-08-19 14:09:19+00:00,2.8,ML,38.3075,40.32,5,2.8,38_40_2026
725976,2026-08-19 14:33:44+00:00,2.3,ML,40.78517,29.086,13,2.2,40_29_2026
725975,2026-08-19 14:43:46+00:00,3.2,ML,40.77067,29.08533,22,3.2,40_29_2026
725977,2026-08-19 15:13:47+00:00,2.3,ML,40.782,29.095,13,2.2,40_29_2026
725979,2026-08-19 16:17:26+00:00,2.6,ML,40.77167,29.08167,16,2.6,40_29_2026
726298,2026-08-19 17:04:58+00:00,2.4,ML,40.784,29.055,8,2.4,40_29_2026
725986,2026-08-19 17:58:26+00:00,2.5,ML,40.774,29.07783,13,2.4,40_29_2026
725998,2026-08-19 20:20:23+00:00,2.7,ML,35.91333,28.0395,3,2.6,35_28_2026
726010,2026-08-19 21:41:45+00:00,2.6,ML,40.77583,29.09533,20,2.6,40_29_2026
726337,2026-08-19 22:11:56+00:00,2.0,ML,40.784,29.094,5,2.0,40_29_2026
726017,2026-08-19 22:58:21+00:00,2.1,ML,40.79233,29.121,19,2.0,40_29_2026
726359,2026-08-19 23:31:41+00:00,2.1,ML,40.781,29.083,9,2.0,40_29_2026
726020,2026-08-19 23:49:46+00:00,2.5,ML,40.78583,29.08817,17,2.4,40_29_2026
726373,2026-08-20 00:27:01+00:00,2.4,ML,40.769,29.097,10,2.4,40_29_2026
726021,2026-08-20 00:33:33+00:00,2.5,ML,40.7885,29.08983,20,2.4,40_29_2026
726037,2026-08-20 01:31:39+00:00,2.8,ML,40.76767,29.03633,21,2.8,40_29_2026
726041,2026-08-20 02:40:35+00:00,2.9,ML,40.78617,29.10183,20,2.8,40_29_2026
726056,2026-08-20 04:18:08+00:00,2.5,ML,40.78167,29.08467,18,2.4,40_29_2026
726072,2026-08-20 08:30:59+00:00,2.8,ML,40.77017,29.07883,19,2.8,40_29_2026
726092,2026-08-20 11:51:37+00:00,2.5,ML,40.77867,29.0885,18,2.4,40_29_2026
726089,2026-08-20 12:52:52+00:00,2.8,ML,39.4615,27.88683,13,2.8,39_27_2026
726249,2026-08-20 14:13:28+00:00,2.2,ML,39.10833,40.813,3,2.2,39_40_2026
726414,2026-08-20 21:51:35+00:00,2.8,ML,40.76817,29.07167,19,2.8,40_29_2026
726427,2026-08-20 23:03:17+00:00,2.9,ML,39.22617,29.00983,8,2.8,39_29_2026
726432,2026-08-20 23:28:22+00:00,2.6,ML,38.266,37.75617,7,2.6,38_37_2026
726436,2026-08-20 23:47:08+00:00,2.2,ML,39.23733,29.01117,7,2.2,39_29_2026
726435,2026-08-21 00:04:16+00:00,3.3,ML,39.25483,28.96933,14,3.2,39_28_2026
726449,2026-08-21 02:06:17+00:00,4.2,MW,41.0315,33.6555,12,4.2,41_33_2026
726522,2026-08-21 13:30:56+00:00,2.4,ML,39.23583,28.20861,8,2.4,39_28_2026
726533,2026-08-21 14:56:49+00:00,2.3,ML,37.3005,37.04533,4,2.2,37_37_2026
726539,2026-08-21 18:33:43+00:00,3.0,ML,40.23,42.61528,8,3.0,40_42_2026
726545,2026-08-21 20:24:00+00:00,2.4,ML,39.63367,38.6715,3,2.4,39_38_2026
726574,2026-08-22 03:16:38+00:00,3.0,ML,38.12694,36.55,12,3.0,38_36_2026
726587,2026-08-22 07:41:23+00:00,2.3,ML,36.89883,37.41717,3,2.2,36_37_2026
726600,2026-08-22 10:29:03+00:00,2.0,ML,39.05467,32.55567,5,2.0,39_32_2026
726611,2026-08-22 15:25:20+00:00,2.4,ML,37.918,28.79567,7,2.4,37_28_2026
726626,2026-08-22 19:11:52+00:00,2.1,ML,37.3355,31.69683,6,2.0,37_31_2026
726631,2026-08-22 20:16:16+00:00,2.2,ML,40.45983,32.97017,5,2.2,40_32_2026
726634,2026-08-22 20:48:09+00:00,2.1,ML,35.03517,33.8965,4,2.0,35_33_2026
726646,2026-08-22 22:34:20+00:00,2.1,ML,39.93683,39.16567,3,2.0,39_39_2026
726649,2026-08-22 23:39:29+00:00,3.4,ML,36.281,27.46567,4,3.4,36_27_2026
726654,2026-08-22 23:41:59+00:00,2.4,ML,34.52217,33.02267,3,2.4,34_33_2026
726681,2026-08-23 05:06:29+00:00,2.0,ML,40.333,37.8525,3,2.0,40_37_2026
726690,2026-08-23 07:45:38+00:00,2.0,ML,36.937,28.7855,3,2.0,36_28_2026
726753,2026-08-24 04:20:03+00:00,2.2,ML,40.85333,27.67972,19,2.2,40_27_2026
726764,2026-08-24 06:41:28+00:00,2.7,ML,38.19217,38.69533,5,2.6,38_38_2026
726782,2026-08-24 09:56:03+00:00,2.2,ML,37.36867,26.97617,3,2.2,37_26_2026
726786,2026-08-24 13:06:34+00:00,3.1,ML,39.62883,27.9315,6,3.0,39_27_2026
726799,2026-08-24 18:02:16+00:00,2.1,ML,40.4645,37.0255,4,2.0,40_37_2026
726818,2026-08-25 00:30:46+00:00,2.9,ML,38.18917,38.04633,8,2.8,38_38_2026
726827,2026-08-25 02:52:38+00:00,3.1,ML,38.86717,26.64467,4,3.0,38_26_2026
726842,2026-08-25 05:21:49+00:00,2.6,ML,37.87767,27.57867,6,2.6,37_27_2026
726866,2026-08-25 10:59:09+00:00,3.2,ML,40.01983,38.72833,7,3.2,40_38_2026
726873,2026-08-25 13:57:02+00:00,2.2,ML,38.75517,27.16067,3,2.2,38_27_2026
726892,2026-08-25 18:40:33+00:00,3.7,ML,38.11833,38.44017,12,3.6,38_38_2026
726893,2026-08-25 18:43:52+00:00,4.2,MW,38.1305,38.44433,14,4.2,38_38_2026
726894,2026-08-25 19:27:11+00:00,3.6,ML,38.11917,38.44483,12,3.6,38_38_2026
726913,2026-08-25 23:05:51+00:00,2.6,ML,38.11417,38.4495,7,2.6,38_38_2026
726916,2026-08-25 23:10:58+00:00,2.3,ML,37.28983,30.67767,6,2.2,37_30_2026
726915,2026-08-25 23:17:40+00:00,2.5,ML,39.68033,39.51567,6,2.4,39_39_2026
726919,2026-08-26 00:06:56+00:00,2.3,ML,38.679,25.87133,5,2.2,38_25_2026
726928,2026-08-26 00:56:01+00:00,2.1,ML,38.117,38.424,5,2.0,38_38_2026
726943,2026-08-26 05:32:23+00:00,2.8,ML,39.25833,28.97283,8,2.8,39_28_2026
726948,2026-08-26 06:41:55+00:00,2.3,ML,38.2685,37.76533,6,2.2,38_37_2026
726950,2026-08-26 06:53:43+00:00,4.1,MW,38.7505,36.54183,15,4.0,38_36_2026
726975,2026-08-26 11:24:06+00:00,3.2,MW,40.68833,28.66483,25,3.2,40_28_2026
726977,2026-08-26 11:53:59+00:00,3.1,ML,38.76067,36.52433,12,3.0,38_36_2026
726988,2026-08-26 16:15:04+00:00,2.4,ML,39.3665,40.29167,3,2.4,39_40_2026
726993,2026-08-26 16:49:49+00:00,2.1,ML,40.34383,27.16883,10,2.0,40_27_2026
727009,2026-08-26 20:41:37+00:00,2.3,ML,39.6335,40.9455,5,2.2,39_40_2026
727011,2026-08-26 21:10:38+00:00,3.4,ML,35.8915,27.255,4,3.4,35_27_2026
727015,2026-08-26 22:30:01+00:00,2.8,ML,39.10967,28.344,10,2.8,39_28_2026
727019,2026-08-26 23:47:38+00:00,2.2,ML,39.67833,25.66517,7,2.2,39_25_2026
727035,2026-08-27 02:35:02+00:00,2.5,ML,37.99267,43.00483,3,2.4,37_43_2026
727036,2026-08-27 03:47:28+00:00,2.5,ML,40.41267,41.39033,4,2.4,40_41_2026
727040,2026-08-27 03:56:36+00:00,3.0,ML,38.849,26.76817,11,3.0,38_26_2026
727045,2026-08-27 05:25:36+00:00,2.7,ML,39.33117,40.77733,4,2.6,39_40_2026
727058,2026-08-27 11:16:08+00:00,2.6,ML,40.82267,28.04967,13,2.6,40_28_2026
727057,2026-08-27 11:21:29+00:00,3.2,ML,39.2165,27.98617,11,3.2,39_27_2026
727067,2026-08-27 15:24:01+00:00,2.1,ML,40.08333,30.45433,6,2.0,40_30_2026
727080,2026-08-27 20:40:23+00:00,2.2,ML,39.629,27.88667,8,2.2,39_27_2026
727086,2026-08-27 21:32:43+00:00,2.2,ML,38.46883,30.64083,5,2.2,38_30_2026
727093,2026-08-27 23:05:05+00:00,2.4,ML,41.2915,43.85133,3,2.4,41_43_2026
727107,2026-08-28 01:48:16+00:00,2.9,ML,38.41633,38.989,10,2.8,38_38_2026
727124,2026-08-28 05:17:52+00:00,2.5,ML,36.89917,27.96567,7,2.4,36_27_2026
727123,2026-08-28 05:19:07+00:00,2.5,ML,40.8315,28.049,19,2.4,40_28_2026
727135,2026-08-28 09:48:39+00:00,3.2,ML,38.42611,39.20056,12,3.2,38_39_2026
727153,2026-08-28 17:58:52+00:00,2.7,ML,36.336,31.14967,3,2.6,36_31_2026
727161,2026-08-28 19:32:44+00:00,2.1,ML,40.08383,35.9455,3,2.0,40_35_2026
727162,2026-08-28 19:57:52+00:00,2.2,ML,40.065,35.94233,5,2.2,40_35_2026
727174,2026-08-28 23:28:34+00:00,3.0,ML,39.19833,28.107,19,3.0,39_28_2026
727184,2026-08-29 01:32:17+00:00,2.3,ML,38.69167,30.85033,6,2.2,38_30_2026
727192,2026-08-29 02:37:23+00:00,3.0,ML,39.484,40.14033,14,3.0,39_40_2026
727215,2026-08-29 12:32:52+00:00,4.1,MW,36.215,27.47267,6,4.0,36_27_2026
727218,2026-08-29 13:51:04+00:00,3.0,ML,39.24333,28.93083,6,3.0,39_28_2026
727219,2026-08-29 14:27:46+00:00,3.2,ML,39.83883,27.87733,27,3.2,39_27_2026
727225,2026-08-29 15:28:28+00:00,2.9,ML,39.15783,28.3185,6,2.8,39_28_2026
727234,2026-08-29 18:43:03+00:00,2.0,ML,38.64583,42.26433,3,2.0,38_42_2026
727241,2026-08-29 21:28:51+00:00,2.0,ML,38.776,27.15033,4,2.0,38_27_2026
